timestamp,batch,batchId,scenario,mapId,repeat,planner,mapWidth,mapHeight,sensorRange,seed,requestedDensity,actualDensity,start,heading,goal,obstacleCells,obstacles,expectedOutcome,outcome,moves,replans,found,blockedAttempts,expanded,initialPlanningMs,replanPlanningMs,planningMs
"2026-10-09T04:56:14.535Z","benchmark","benchmark-1791521774532","open","open",1,"dstar",15,15,3,"","",0,"1,12","E","13,2","[]",0,"success","success",22,0,0,0,143,2.5,0,2.5
"2026-10-09T04:56:14.535Z","benchmark","benchmark-1791521774532","open","open",1,"astar",15,15,3,"","",0,"1,12","E","13,2","[]",0,"success","success",22,0,0,0,142,0.5,0,0.5
"2026-10-09T04:56:14.536Z","benchmark","benchmark-1791521774532","blocker","blocker",1,"astar",15,15,3,"","",0.0044,"1,7","E","13,7","[[7,7]]",1,"success","success",14,1,1,0,41,0.1,0.1,0.2
"2026-10-09T04:56:14.536Z","benchmark","benchmark-1791521774532","blocker","blocker",1,"dstar",15,15,3,"","",0.0044,"1,7","E","13,7","[[7,7]]",1,"success","success",14,1,1,0,42,0.2,0.5,0.7
"2026-10-09T04:56:14.538Z","benchmark","benchmark-1791521774532","detour","detour",1,"dstar",15,15,3,"","",0.0622,"1,7","E","13,7","[[7,0],[7,1],[7,2],[7,4],[7,5],[7,6],[7,7],[7,8],[7,9],[7,10],[7,11],[7,12],[7,13],[7,14]]",14,"success","success",20,4,4,0,96,0.2,1,1.2
"2026-10-09T04:56:14.539Z","benchmark","benchmark-1791521774532","detour","detour",1,"astar",15,15,3,"","",0.0622,"1,7","E","13,7","[[7,0],[7,1],[7,2],[7,4],[7,5],[7,6],[7,7],[7,8],[7,9],[7,10],[7,11],[7,12],[7,13],[7,14]]",14,"success","success",36,11,11,0,453,0,1.6,1.6
"2026-10-09T04:56:14.541Z","benchmark","benchmark-1791521774532","corridor","corridor",1,"astar",15,15,3,"","",0.1244,"1,12","E","13,3","[[4,0],[10,0],[4,1],[10,1],[4,2],[10,2],[4,3],[4,4],[10,4],[4,5],[10,5],[4,6],[10,6],[4,7],[10,7],[4,8],[10,8],[4,9],[10,9],[4,10],[10,10],[4,11],[10,11],[10,12],[4,13],[10,13],[4,14],[10,14]]",28,"success","success",41,10,10,0,782,0.3,1.6,1.9
"2026-10-09T04:56:14.546Z","benchmark","benchmark-1791521774532","corridor","corridor",1,"dstar",15,15,3,"","",0.1244,"1,12","E","13,3","[[4,0],[10,0],[4,1],[10,1],[4,2],[10,2],[4,3],[4,4],[10,4],[4,5],[10,5],[4,6],[10,6],[4,7],[10,7],[4,8],[10,8],[4,9],[10,9],[4,10],[10,10],[4,11],[10,11],[10,12],[4,13],[10,13],[4,14],[10,14]]",28,"success","success",45,12,12,0,249,1.8,2.5,4.3
"2026-10-09T04:56:14.560Z","benchmark","benchmark-1791521774532","maze","maze",1,"dstar",15,15,3,"","",0.1867,"1,13","E","13,1","[[3,0],[7,0],[11,0],[7,1],[3,2],[7,2],[11,2],[3,3],[7,3],[11,3],[3,4],[7,4],[11,4],[3,5],[7,5],[11,5],[3,6],[7,6],[11,6],[3,7],[7,7],[11,7],[3,8],[7,8],[11,8],[3,9],[7,9],[11,9],[3,10],[7,10],[11,10],[3,11],[7,11],[11,11],[3,12],[7,12],[11,12],[3,13],[11,13],[3,14],[7,14],[11,14]]",42,"success","success",50,13,14,0,261,10.8,3.4,14.2
"2026-10-09T04:56:14.564Z","benchmark","benchmark-1791521774532","maze","maze",1,"astar",15,15,3,"","",0.1867,"1,13","E","13,1","[[3,0],[7,0],[11,0],[7,1],[3,2],[7,2],[11,2],[3,3],[7,3],[11,3],[3,4],[7,4],[11,4],[3,5],[7,5],[11,5],[3,6],[7,6],[11,6],[3,7],[7,7],[11,7],[3,8],[7,8],[11,8],[3,9],[7,9],[11,9],[3,10],[7,10],[11,10],[3,11],[7,11],[11,11],[3,12],[7,12],[11,12],[3,13],[11,13],[3,14],[7,14],[11,14]]",42,"success","success",50,13,14,0,907,1.2,2.3,3.5
"2026-10-09T04:56:14.567Z","benchmark","benchmark-1791521774532","no-route","no-route",1,"astar",15,15,3,"","",0.0667,"1,7","E","13,7","[[7,0],[7,1],[7,2],[7,3],[7,4],[7,5],[7,6],[7,7],[7,8],[7,9],[7,10],[7,11],[7,12],[7,13],[7,14]]",15,"no_route","no_route",28,15,15,0,726,0.1,2.9,3
"2026-10-09T04:56:14.573Z","benchmark","benchmark-1791521774532","no-route","no-route",1,"dstar",15,15,3,"","",0.0667,"1,7","E","13,7","[[7,0],[7,1],[7,2],[7,3],[7,4],[7,5],[7,6],[7,7],[7,8],[7,9],[7,10],[7,11],[7,12],[7,13],[7,14]]",15,"no_route","no_route",26,15,15,0,267,1.1,4.8,5.9
"2026-10-09T04:56:14.575Z","benchmark","benchmark-1791521774532","seeded-low-1701","seeded-low-1701",1,"dstar",15,15,3,1701,0.08,0.0711,"0,11","E","12,14","[[1,1],[4,2],[7,2],[7,4],[8,4],[0,7],[4,9],[12,10],[3,11],[7,11],[1,12],[12,12],[14,12],[7,13],[10,14],[11,14]]",16,"success","success",15,2,3,0,53,1.3,0.1,1.4
"2026-10-09T04:56:14.575Z","benchmark","benchmark-1791521774532","seeded-low-1701","seeded-low-1701",1,"astar",15,15,3,1701,0.08,0.0711,"0,11","E","12,14","[[1,1],[4,2],[7,2],[7,4],[8,4],[0,7],[4,9],[12,10],[3,11],[7,11],[1,12],[12,12],[14,12],[7,13],[10,14],[11,14]]",16,"success","success",15,2,3,0,54,0,0,0
"2026-10-09T04:56:14.575Z","benchmark","benchmark-1791521774532","seeded-low-2718","seeded-low-2718",1,"astar",15,15,3,2718,0.08,0.0711,"9,8","S","3,8","[[2,2],[2,3],[5,4],[9,4],[12,4],[0,5],[1,5],[2,6],[6,6],[0,9],[11,9],[8,12],[5,14],[11,14],[12,14],[14,14]]",16,"success","success",6,0,0,0,6,0,0,0
"2026-10-09T04:56:14.575Z","benchmark","benchmark-1791521774532","seeded-low-2718","seeded-low-2718",1,"dstar",15,15,3,2718,0.08,0.0711,"9,8","S","3,8","[[2,2],[2,3],[5,4],[9,4],[12,4],[0,5],[1,5],[2,6],[6,6],[0,9],[11,9],[8,12],[5,14],[11,14],[12,14],[14,14]]",16,"success","success",6,0,0,0,7,0.2,0,0.2
"2026-10-09T04:56:14.576Z","benchmark","benchmark-1791521774532","seeded-low-3141","seeded-low-3141",1,"dstar",15,15,3,3141,0.08,0.1156,"0,11","E","12,14","[[13,0],[14,0],[4,1],[12,2],[8,3],[4,4],[8,5],[11,5],[4,6],[6,6],[9,6],[9,7],[14,7],[10,8],[14,8],[2,9],[7,9],[9,9],[12,9],[2,10],[4,12],[8,12],[9,12],[13,12],[3,14],[4,14]]",26,"success","success",15,0,0,0,52,0.8,0,0.8
"2026-10-09T04:56:14.576Z","benchmark","benchmark-1791521774532","seeded-low-3141","seeded-low-3141",1,"astar",15,15,3,3141,0.08,0.1156,"0,11","E","12,14","[[13,0],[14,0],[4,1],[12,2],[8,3],[4,4],[8,5],[11,5],[4,6],[6,6],[9,6],[9,7],[14,7],[10,8],[14,8],[2,9],[7,9],[9,9],[12,9],[2,10],[4,12],[8,12],[9,12],[13,12],[3,14],[4,14]]",26,"success","success",15,0,0,0,51,0.1,0,0.1
"2026-10-09T04:56:14.576Z","benchmark","benchmark-1791521774532","seeded-low-4207","seeded-low-4207",1,"astar",15,15,3,4207,0.08,0.08,"7,7","W","10,1","[[7,0],[14,0],[1,2],[8,2],[13,2],[2,4],[12,4],[0,5],[1,5],[6,5],[11,5],[1,6],[12,6],[12,7],[1,8],[0,10],[0,12],[2,13]]",18,"success","success",9,1,1,0,38,0,0,0
"2026-10-09T04:56:14.576Z","benchmark","benchmark-1791521774532","seeded-low-4207","seeded-low-4207",1,"dstar",15,15,3,4207,0.08,0.08,"7,7","W","10,1","[[7,0],[14,0],[1,2],[8,2],[13,2],[2,4],[12,4],[0,5],[1,5],[6,5],[11,5],[1,6],[12,6],[12,7],[1,8],[0,10],[0,12],[2,13]]",18,"success","success",9,1,1,0,28,0.5,0,0.5
"2026-10-09T04:56:14.576Z","benchmark","benchmark-1791521774532","seeded-low-5629","seeded-low-5629",1,"dstar",15,15,3,5629,0.08,0.0667,"1,4","E","1,10","[[3,4],[5,4],[14,4],[2,5],[13,5],[7,6],[9,6],[12,6],[4,7],[11,7],[14,7],[1,11],[2,12],[14,12],[8,13]]",15,"success","success",6,1,2,0,7,0.1,0,0.1
"2026-10-09T04:56:14.577Z","benchmark","benchmark-1791521774532","seeded-low-5629","seeded-low-5629",1,"astar",15,15,3,5629,0.08,0.0667,"1,4","E","1,10","[[3,4],[5,4],[14,4],[2,5],[13,5],[7,6],[9,6],[12,6],[4,7],[11,7],[14,7],[1,11],[2,12],[14,12],[8,13]]",15,"success","success",6,1,2,0,8,0,0,0
"2026-10-09T04:56:14.577Z","benchmark","benchmark-1791521774532","seeded-low-7001","seeded-low-7001",1,"astar",15,15,3,7001,0.08,0.1111,"5,6","E","2,9","[[1,0],[9,0],[3,2],[7,2],[5,3],[3,4],[4,4],[13,4],[14,4],[4,5],[8,5],[2,6],[12,7],[13,8],[3,9],[10,9],[3,10],[2,11],[5,11],[12,11],[5,12],[8,13],[12,13],[10,14],[11,14]]",25,"success","success",8,3,3,0,34,0.1,0.1,0.2
"2026-10-09T04:56:14.577Z","benchmark","benchmark-1791521774532","seeded-low-7001","seeded-low-7001",1,"dstar",15,15,3,7001,0.08,0.1111,"5,6","E","2,9","[[1,0],[9,0],[3,2],[7,2],[5,3],[3,4],[4,4],[13,4],[14,4],[4,5],[8,5],[2,6],[12,7],[13,8],[3,9],[10,9],[3,10],[2,11],[5,11],[12,11],[5,12],[8,13],[12,13],[10,14],[11,14]]",25,"success","success",8,3,3,0,26,0.1,0.4,0.5
"2026-10-09T04:56:14.578Z","benchmark","benchmark-1791521774532","seeded-medium-1701","seeded-medium-1701",1,"dstar",15,15,3,1701,0.16,0.1689,"0,11","E","12,14","[[4,0],[6,0],[12,0],[1,1],[4,1],[9,1],[4,2],[5,2],[7,2],[9,3],[13,3],[5,4],[7,4],[8,4],[0,5],[3,6],[0,7],[5,7],[6,7],[2,8],[4,9],[8,9],[7,10],[12,10],[3,11],[4,11],[6,11],[7,11],[1,12],[6,12],[12,12],[14,12],[6,13],[7,13],[8,13],[4,14],[10,14],[11,14]]",38,"success","success",17,5,6,0,64,0.4,0.3,0.7
"2026-10-09T04:56:14.578Z","benchmark","benchmark-1791521774532","seeded-medium-1701","seeded-medium-1701",1,"astar",15,15,3,1701,0.16,0.1689,"0,11","E","12,14","[[4,0],[6,0],[12,0],[1,1],[4,1],[9,1],[4,2],[5,2],[7,2],[9,3],[13,3],[5,4],[7,4],[8,4],[0,5],[3,6],[0,7],[5,7],[6,7],[2,8],[4,9],[8,9],[7,10],[12,10],[3,11],[4,11],[6,11],[7,11],[1,12],[6,12],[12,12],[14,12],[6,13],[7,13],[8,13],[4,14],[10,14],[11,14]]",38,"success","success",17,3,4,0,82,0.1,0,0.1
"2026-10-09T04:56:14.578Z","benchmark","benchmark-1791521774532","seeded-medium-2718","seeded-medium-2718",1,"astar",15,15,3,2718,0.16,0.1467,"9,8","S","3,8","[[7,0],[9,0],[2,2],[4,2],[2,3],[4,4],[5,4],[7,4],[8,4],[9,4],[12,4],[0,5],[1,5],[5,5],[8,5],[9,5],[0,6],[2,6],[6,6],[8,8],[0,9],[5,9],[7,9],[11,9],[7,12],[8,12],[12,12],[13,12],[13,13],[5,14],[11,14],[12,14],[14,14]]",33,"success","success",8,3,3,0,55,0,0.1,0.1
"2026-10-09T04:56:14.579Z","benchmark","benchmark-1791521774532","seeded-medium-2718","seeded-medium-2718",1,"dstar",15,15,3,2718,0.16,0.1467,"9,8","S","3,8","[[7,0],[9,0],[2,2],[4,2],[2,3],[4,4],[5,4],[7,4],[8,4],[9,4],[12,4],[0,5],[1,5],[5,5],[8,5],[9,5],[0,6],[2,6],[6,6],[8,8],[0,9],[5,9],[7,9],[11,9],[7,12],[8,12],[12,12],[13,12],[13,13],[5,14],[11,14],[12,14],[14,14]]",33,"success","success",8,3,3,0,25,0,0.3,0.3
"2026-10-09T04:56:14.580Z","benchmark","benchmark-1791521774532","seeded-medium-3141","seeded-medium-3141",1,"dstar",15,15,3,3141,0.16,0.1956,"0,11","E","12,14","[[4,0],[13,0],[14,0],[4,1],[10,1],[11,1],[12,1],[7,2],[12,2],[8,3],[10,3],[4,4],[5,5],[8,5],[11,5],[13,5],[14,5],[4,6],[5,6],[6,6],[7,6],[9,6],[1,7],[9,7],[14,7],[10,8],[14,8],[2,9],[4,9],[7,9],[9,9],[12,9],[2,10],[9,11],[4,12],[8,12],[9,12],[13,12],[14,12],[11,13],[3,14],[4,14],[7,14],[9,14]]",44,"success","success",17,2,2,0,65,0.7,0.4,1.1
"2026-10-09T04:56:14.580Z","benchmark","benchmark-1791521774532","seeded-medium-3141","seeded-medium-3141",1,"astar",15,15,3,3141,0.16,0.1956,"0,11","E","12,14","[[4,0],[13,0],[14,0],[4,1],[10,1],[11,1],[12,1],[7,2],[12,2],[8,3],[10,3],[4,4],[5,5],[8,5],[11,5],[13,5],[14,5],[4,6],[5,6],[6,6],[7,6],[9,6],[1,7],[9,7],[14,7],[10,8],[14,8],[2,9],[4,9],[7,9],[9,9],[12,9],[2,10],[9,11],[4,12],[8,12],[9,12],[13,12],[14,12],[11,13],[3,14],[4,14],[7,14],[9,14]]",44,"success","success",17,2,2,0,99,0,0.2,0.2
"2026-10-09T04:56:14.580Z","benchmark","benchmark-1791521774532","seeded-medium-4207","seeded-medium-4207",1,"astar",15,15,3,4207,0.16,0.1556,"7,7","W","10,1","[[0,0],[7,0],[14,0],[5,1],[1,2],[8,2],[11,2],[13,2],[12,3],[14,3],[2,4],[7,4],[12,4],[14,4],[0,5],[1,5],[6,5],[11,5],[1,6],[12,6],[12,7],[14,7],[1,8],[6,8],[9,8],[10,8],[12,8],[14,8],[5,9],[0,10],[7,10],[4,11],[5,11],[0,12],[2,13]]",35,"success","success",9,2,2,0,62,0.1,0,0.1
"2026-10-09T04:56:14.581Z","benchmark","benchmark-1791521774532","seeded-medium-4207","seeded-medium-4207",1,"dstar",15,15,3,4207,0.16,0.1556,"7,7","W","10,1","[[0,0],[7,0],[14,0],[5,1],[1,2],[8,2],[11,2],[13,2],[12,3],[14,3],[2,4],[7,4],[12,4],[14,4],[0,5],[1,5],[6,5],[11,5],[1,6],[12,6],[12,7],[14,7],[1,8],[6,8],[9,8],[10,8],[12,8],[14,8],[5,9],[0,10],[7,10],[4,11],[5,11],[0,12],[2,13]]",35,"success","success",9,2,2,0,30,0.3,0.1,0.4
"2026-10-09T04:56:14.581Z","benchmark","benchmark-1791521774532","seeded-medium-5629","seeded-medium-5629",1,"dstar",15,15,3,5629,0.16,0.1644,"1,4","E","1,10","[[12,0],[14,0],[1,1],[9,1],[9,2],[13,2],[0,3],[2,3],[3,3],[2,4],[3,4],[5,4],[12,4],[14,4],[2,5],[13,5],[14,5],[6,6],[7,6],[8,6],[9,6],[11,6],[12,6],[3,7],[4,7],[11,7],[14,7],[10,9],[1,11],[2,12],[12,12],[14,12],[1,13],[3,13],[8,13],[0,14],[14,14]]",37,"success","success",6,1,2,0,7,0.1,0,0.1
"2026-10-09T04:56:14.581Z","benchmark","benchmark-1791521774532","seeded-medium-5629","seeded-medium-5629",1,"astar",15,15,3,5629,0.16,0.1644,"1,4","E","1,10","[[12,0],[14,0],[1,1],[9,1],[9,2],[13,2],[0,3],[2,3],[3,3],[2,4],[3,4],[5,4],[12,4],[14,4],[2,5],[13,5],[14,5],[6,6],[7,6],[8,6],[9,6],[11,6],[12,6],[3,7],[4,7],[11,7],[14,7],[10,9],[1,11],[2,12],[12,12],[14,12],[1,13],[3,13],[8,13],[0,14],[14,14]]",37,"success","success",6,1,2,0,8,0,0,0
"2026-10-09T04:56:14.582Z","benchmark","benchmark-1791521774532","seeded-medium-7001","seeded-medium-7001",1,"astar",15,15,3,7001,0.16,0.1956,"5,6","E","2,9","[[1,0],[9,0],[13,0],[7,1],[12,1],[3,2],[7,2],[5,3],[9,3],[3,4],[4,4],[13,4],[14,4],[4,5],[8,5],[1,6],[2,6],[3,6],[12,6],[2,7],[4,7],[12,7],[4,8],[13,8],[3,9],[10,9],[3,10],[4,10],[11,10],[2,11],[4,11],[5,11],[12,11],[13,11],[5,12],[5,13],[7,13],[8,13],[10,13],[12,13],[2,14],[4,14],[10,14],[11,14]]",44,"success","success",30,15,15,0,260,0,0.8,0.8
"2026-10-09T04:56:14.585Z","benchmark","benchmark-1791521774532","seeded-medium-7001","seeded-medium-7001",1,"dstar",15,15,3,7001,0.16,0.1956,"5,6","E","2,9","[[1,0],[9,0],[13,0],[7,1],[12,1],[3,2],[7,2],[5,3],[9,3],[3,4],[4,4],[13,4],[14,4],[4,5],[8,5],[1,6],[2,6],[3,6],[12,6],[2,7],[4,7],[12,7],[4,8],[13,8],[3,9],[10,9],[3,10],[4,10],[11,10],[2,11],[4,11],[5,11],[12,11],[13,11],[5,12],[5,13],[7,13],[8,13],[10,13],[12,13],[2,14],[4,14],[10,14],[11,14]]",44,"success","success",46,18,18,0,156,0.4,3.3,3.7
"2026-10-09T04:56:14.592Z","benchmark","benchmark-1791521774532","seeded-high-1701","seeded-high-1701",1,"dstar",15,15,3,1701,0.24,0.2578,"0,11","E","12,14","[[4,0],[5,0],[6,0],[12,0],[1,1],[4,1],[6,1],[7,1],[9,1],[0,2],[4,2],[5,2],[7,2],[9,3],[11,3],[13,3],[5,4],[7,4],[8,4],[10,4],[0,5],[4,5],[6,5],[1,6],[3,6],[7,6],[0,7],[3,7],[4,7],[5,7],[6,7],[8,7],[11,7],[13,7],[2,8],[5,8],[8,8],[2,9],[4,9],[6,9],[8,9],[7,10],[12,10],[3,11],[4,11],[6,11],[7,11],[1,12],[6,12],[12,12],[14,12],[6,13],[7,13],[8,13],[4,14],[9,14],[10,14],[11,14]]",58,"success","success",63,24,25,0,308,0.6,5.4,6
"2026-10-09T04:56:14.595Z","benchmark","benchmark-1791521774532","seeded-high-1701","seeded-high-1701",1,"astar",15,15,3,1701,0.24,0.2578,"0,11","E","12,14","[[4,0],[5,0],[6,0],[12,0],[1,1],[4,1],[6,1],[7,1],[9,1],[0,2],[4,2],[5,2],[7,2],[9,3],[11,3],[13,3],[5,4],[7,4],[8,4],[10,4],[0,5],[4,5],[6,5],[1,6],[3,6],[7,6],[0,7],[3,7],[4,7],[5,7],[6,7],[8,7],[11,7],[13,7],[2,8],[5,8],[8,8],[2,9],[4,9],[6,9],[8,9],[7,10],[12,10],[3,11],[4,11],[6,11],[7,11],[1,12],[6,12],[12,12],[14,12],[6,13],[7,13],[8,13],[4,14],[9,14],[10,14],[11,14]]",58,"success","success",65,24,25,0,1410,0.2,2.9,3.1
"2026-10-09T04:56:14.595Z","benchmark","benchmark-1791521774532","seeded-high-2718","seeded-high-2718",1,"astar",15,15,3,2718,0.24,0.2044,"9,8","S","3,8","[[7,0],[8,0],[9,0],[7,1],[2,2],[4,2],[14,2],[2,3],[8,3],[3,4],[4,4],[5,4],[7,4],[8,4],[9,4],[11,4],[12,4],[0,5],[1,5],[5,5],[8,5],[9,5],[0,6],[2,6],[6,6],[7,6],[14,6],[8,8],[0,9],[5,9],[7,9],[11,9],[8,10],[9,10],[11,10],[0,12],[3,12],[7,12],[8,12],[12,12],[13,12],[13,13],[5,14],[11,14],[12,14],[14,14]]",46,"success","success",8,3,4,0,55,0.1,0,0.1
"2026-10-09T04:56:14.595Z","benchmark","benchmark-1791521774532","seeded-high-2718","seeded-high-2718",1,"dstar",15,15,3,2718,0.24,0.2044,"9,8","S","3,8","[[7,0],[8,0],[9,0],[7,1],[2,2],[4,2],[14,2],[2,3],[8,3],[3,4],[4,4],[5,4],[7,4],[8,4],[9,4],[11,4],[12,4],[0,5],[1,5],[5,5],[8,5],[9,5],[0,6],[2,6],[6,6],[7,6],[14,6],[8,8],[0,9],[5,9],[7,9],[11,9],[8,10],[9,10],[11,10],[0,12],[3,12],[7,12],[8,12],[12,12],[13,12],[13,13],[5,14],[11,14],[12,14],[14,14]]",46,"success","success",8,3,4,0,25,0.2,0.1,0.3
"2026-10-09T04:56:14.596Z","benchmark","benchmark-1791521774532","seeded-high-3141","seeded-high-3141",1,"dstar",15,15,3,3141,0.24,0.2667,"0,11","E","12,14","[[4,0],[13,0],[14,0],[4,1],[9,1],[10,1],[11,1],[12,1],[0,2],[7,2],[9,2],[12,2],[13,2],[14,2],[8,3],[10,3],[3,4],[4,4],[1,5],[5,5],[8,5],[11,5],[13,5],[14,5],[4,6],[5,6],[6,6],[7,6],[9,6],[1,7],[9,7],[14,7],[3,8],[10,8],[14,8],[0,9],[1,9],[2,9],[4,9],[6,9],[7,9],[9,9],[12,9],[1,10],[2,10],[5,10],[7,10],[9,11],[11,11],[4,12],[8,12],[9,12],[13,12],[14,12],[1,13],[11,13],[3,14],[4,14],[7,14],[9,14]]",60,"success","success",17,2,2,0,65,0.6,0.3,0.9
"2026-10-09T04:56:14.597Z","benchmark","benchmark-1791521774532","seeded-high-3141","seeded-high-3141",1,"astar",15,15,3,3141,0.24,0.2667,"0,11","E","12,14","[[4,0],[13,0],[14,0],[4,1],[9,1],[10,1],[11,1],[12,1],[0,2],[7,2],[9,2],[12,2],[13,2],[14,2],[8,3],[10,3],[3,4],[4,4],[1,5],[5,5],[8,5],[11,5],[13,5],[14,5],[4,6],[5,6],[6,6],[7,6],[9,6],[1,7],[9,7],[14,7],[3,8],[10,8],[14,8],[0,9],[1,9],[2,9],[4,9],[6,9],[7,9],[9,9],[12,9],[1,10],[2,10],[5,10],[7,10],[9,11],[11,11],[4,12],[8,12],[9,12],[13,12],[14,12],[1,13],[11,13],[3,14],[4,14],[7,14],[9,14]]",60,"success","success",17,2,2,0,99,0.1,0,0.1
"2026-10-09T04:56:14.597Z","benchmark","benchmark-1791521774532","seeded-high-4207","seeded-high-4207",1,"astar",15,15,3,4207,0.24,0.2267,"7,7","W","10,1","[[0,0],[7,0],[10,0],[14,0],[5,1],[11,1],[13,1],[1,2],[8,2],[11,2],[13,2],[0,3],[3,3],[12,3],[14,3],[2,4],[7,4],[12,4],[14,4],[0,5],[1,5],[6,5],[10,5],[11,5],[1,6],[7,6],[12,6],[12,7],[14,7],[1,8],[6,8],[9,8],[10,8],[12,8],[14,8],[1,9],[5,9],[13,9],[0,10],[7,10],[8,10],[4,11],[5,11],[10,11],[0,12],[2,13],[3,14],[6,14],[11,14],[12,14],[14,14]]",51,"success","success",9,3,3,0,61,0.2,0,0.2
"2026-10-09T04:56:14.597Z","benchmark","benchmark-1791521774532","seeded-high-4207","seeded-high-4207",1,"dstar",15,15,3,4207,0.24,0.2267,"7,7","W","10,1","[[0,0],[7,0],[10,0],[14,0],[5,1],[11,1],[13,1],[1,2],[8,2],[11,2],[13,2],[0,3],[3,3],[12,3],[14,3],[2,4],[7,4],[12,4],[14,4],[0,5],[1,5],[6,5],[10,5],[11,5],[1,6],[7,6],[12,6],[12,7],[14,7],[1,8],[6,8],[9,8],[10,8],[12,8],[14,8],[1,9],[5,9],[13,9],[0,10],[7,10],[8,10],[4,11],[5,11],[10,11],[0,12],[2,13],[3,14],[6,14],[11,14],[12,14],[14,14]]",51,"success","success",9,3,3,0,30,0.3,0.1,0.4
"2026-10-09T04:56:14.598Z","benchmark","benchmark-1791521774532","seeded-high-5629","seeded-high-5629",1,"dstar",15,15,3,5629,0.24,0.2444,"1,4","E","1,10","[[3,0],[6,0],[12,0],[14,0],[1,1],[9,1],[9,2],[13,2],[0,3],[2,3],[3,3],[2,4],[3,4],[5,4],[12,4],[13,4],[14,4],[0,5],[1,5],[2,5],[7,5],[12,5],[13,5],[14,5],[6,6],[7,6],[8,6],[9,6],[10,6],[11,6],[12,6],[3,7],[4,7],[7,7],[11,7],[14,7],[3,8],[7,8],[9,9],[10,9],[11,9],[1,11],[14,11],[2,12],[12,12],[14,12],[1,13],[3,13],[6,13],[8,13],[12,13],[0,14],[3,14],[6,14],[14,14]]",55,"success","success",18,9,10,0,71,0.2,0.8,1
"2026-10-09T04:56:14.599Z","benchmark","benchmark-1791521774532","seeded-high-5629","seeded-high-5629",1,"astar",15,15,3,5629,0.24,0.2444,"1,4","E","1,10","[[3,0],[6,0],[12,0],[14,0],[1,1],[9,1],[9,2],[13,2],[0,3],[2,3],[3,3],[2,4],[3,4],[5,4],[12,4],[13,4],[14,4],[0,5],[1,5],[2,5],[7,5],[12,5],[13,5],[14,5],[6,6],[7,6],[8,6],[9,6],[10,6],[11,6],[12,6],[3,7],[4,7],[7,7],[11,7],[14,7],[3,8],[7,8],[9,9],[10,9],[11,9],[1,11],[14,11],[2,12],[12,12],[14,12],[1,13],[3,13],[6,13],[8,13],[12,13],[0,14],[3,14],[6,14],[14,14]]",55,"success","success",18,8,9,0,170,0,0.6,0.6
"2026-10-09T04:56:14.599Z","benchmark","benchmark-1791521774532","seeded-high-7001","seeded-high-7001",1,"astar",15,15,3,8010,0.24,0.3022,"3,5","S","9,2","[[0,0],[5,0],[7,0],[12,0],[13,0],[5,1],[0,2],[1,2],[2,2],[3,2],[5,2],[8,2],[0,3],[2,3],[8,3],[10,3],[13,3],[5,4],[6,4],[7,4],[9,4],[12,4],[4,5],[6,5],[8,5],[10,5],[13,5],[14,5],[7,6],[11,6],[14,6],[1,7],[2,7],[3,7],[9,7],[13,7],[1,8],[6,8],[8,8],[9,8],[11,8],[12,8],[4,9],[5,9],[10,9],[3,10],[6,10],[0,11],[12,11],[1,12],[5,12],[6,12],[7,12],[12,12],[14,12],[1,13],[3,13],[4,13],[5,13],[8,13],[9,13],[10,13],[11,13],[0,14],[2,14],[3,14],[8,14],[10,14]]",68,"success","success",15,8,9,0,123,0,0.2,0.2
"2026-10-09T04:56:14.600Z","benchmark","benchmark-1791521774532","seeded-high-7001","seeded-high-7001",1,"dstar",15,15,3,8010,0.24,0.3022,"3,5","S","9,2","[[0,0],[5,0],[7,0],[12,0],[13,0],[5,1],[0,2],[1,2],[2,2],[3,2],[5,2],[8,2],[0,3],[2,3],[8,3],[10,3],[13,3],[5,4],[6,4],[7,4],[9,4],[12,4],[4,5],[6,5],[8,5],[10,5],[13,5],[14,5],[7,6],[11,6],[14,6],[1,7],[2,7],[3,7],[9,7],[13,7],[1,8],[6,8],[8,8],[9,8],[11,8],[12,8],[4,9],[5,9],[10,9],[3,10],[6,10],[0,11],[12,11],[1,12],[5,12],[6,12],[7,12],[12,12],[14,12],[1,13],[3,13],[4,13],[5,13],[8,13],[9,13],[10,13],[11,13],[0,14],[2,14],[3,14],[8,14],[10,14]]",68,"success","success",17,8,9,0,61,0.3,0.5,0.8
"2026-10-09T04:56:14.601Z","benchmark","benchmark-1791521774532","open","open",2,"astar",15,15,3,"","",0,"1,12","E","13,2","[]",0,"success","success",22,0,0,0,142,0.6,0,0.6
"2026-10-09T04:56:14.603Z","benchmark","benchmark-1791521774532","open","open",2,"dstar",15,15,3,"","",0,"1,12","E","13,2","[]",0,"success","success",22,0,0,0,143,2,0,2
"2026-10-09T04:56:14.604Z","benchmark","benchmark-1791521774532","blocker","blocker",2,"dstar",15,15,3,"","",0.0044,"1,7","E","13,7","[[7,7]]",1,"success","success",14,1,1,0,42,0.1,0.4,0.5
"2026-10-09T04:56:14.604Z","benchmark","benchmark-1791521774532","blocker","blocker",2,"astar",15,15,3,"","",0.0044,"1,7","E","13,7","[[7,7]]",1,"success","success",14,1,1,0,41,0.2,0.1,0.3
"2026-10-09T04:56:14.605Z","benchmark","benchmark-1791521774532","detour","detour",2,"astar",15,15,3,"","",0.0622,"1,7","E","13,7","[[7,0],[7,1],[7,2],[7,4],[7,5],[7,6],[7,7],[7,8],[7,9],[7,10],[7,11],[7,12],[7,13],[7,14]]",14,"success","success",36,11,11,0,453,0,1.1,1.1
"2026-10-09T04:56:14.606Z","benchmark","benchmark-1791521774532","detour","detour",2,"dstar",15,15,3,"","",0.0622,"1,7","E","13,7","[[7,0],[7,1],[7,2],[7,4],[7,5],[7,6],[7,7],[7,8],[7,9],[7,10],[7,11],[7,12],[7,13],[7,14]]",14,"success","success",20,4,4,0,96,0.1,1.2,1.3
"2026-10-09T04:56:14.612Z","benchmark","benchmark-1791521774532","corridor","corridor",2,"dstar",15,15,3,"","",0.1244,"1,12","E","13,3","[[4,0],[10,0],[4,1],[10,1],[4,2],[10,2],[4,3],[4,4],[10,4],[4,5],[10,5],[4,6],[10,6],[4,7],[10,7],[4,8],[10,8],[4,9],[10,9],[4,10],[10,10],[4,11],[10,11],[10,12],[4,13],[10,13],[4,14],[10,14]]",28,"success","success",45,12,12,0,249,2.5,2.9,5.4
"2026-10-09T04:56:14.614Z","benchmark","benchmark-1791521774532","corridor","corridor",2,"astar",15,15,3,"","",0.1244,"1,12","E","13,3","[[4,0],[10,0],[4,1],[10,1],[4,2],[10,2],[4,3],[4,4],[10,4],[4,5],[10,5],[4,6],[10,6],[4,7],[10,7],[4,8],[10,8],[4,9],[10,9],[4,10],[10,10],[4,11],[10,11],[10,12],[4,13],[10,13],[4,14],[10,14]]",28,"success","success",41,10,10,0,782,0.3,1.9,2.2
"2026-10-09T04:56:14.616Z","benchmark","benchmark-1791521774532","maze","maze",2,"astar",15,15,3,"","",0.1867,"1,13","E","13,1","[[3,0],[7,0],[11,0],[7,1],[3,2],[7,2],[11,2],[3,3],[7,3],[11,3],[3,4],[7,4],[11,4],[3,5],[7,5],[11,5],[3,6],[7,6],[11,6],[3,7],[7,7],[11,7],[3,8],[7,8],[11,8],[3,9],[7,9],[11,9],[3,10],[7,10],[11,10],[3,11],[7,11],[11,11],[3,12],[7,12],[11,12],[3,13],[11,13],[3,14],[7,14],[11,14]]",42,"success","success",50,13,14,0,907,0.3,1.9,2.2
"2026-10-09T04:56:14.621Z","benchmark","benchmark-1791521774532","maze","maze",2,"dstar",15,15,3,"","",0.1867,"1,13","E","13,1","[[3,0],[7,0],[11,0],[7,1],[3,2],[7,2],[11,2],[3,3],[7,3],[11,3],[3,4],[7,4],[11,4],[3,5],[7,5],[11,5],[3,6],[7,6],[11,6],[3,7],[7,7],[11,7],[3,8],[7,8],[11,8],[3,9],[7,9],[11,9],[3,10],[7,10],[11,10],[3,11],[7,11],[11,11],[3,12],[7,12],[11,12],[3,13],[11,13],[3,14],[7,14],[11,14]]",42,"success","success",50,13,14,0,261,2.4,2.2,4.6
"2026-10-09T04:56:14.628Z","benchmark","benchmark-1791521774532","no-route","no-route",2,"dstar",15,15,3,"","",0.0667,"1,7","E","13,7","[[7,0],[7,1],[7,2],[7,3],[7,4],[7,5],[7,6],[7,7],[7,8],[7,9],[7,10],[7,11],[7,12],[7,13],[7,14]]",15,"no_route","no_route",26,15,15,0,267,0.2,6.4,6.6
"2026-10-09T04:56:14.630Z","benchmark","benchmark-1791521774532","no-route","no-route",2,"astar",15,15,3,"","",0.0667,"1,7","E","13,7","[[7,0],[7,1],[7,2],[7,3],[7,4],[7,5],[7,6],[7,7],[7,8],[7,9],[7,10],[7,11],[7,12],[7,13],[7,14]]",15,"no_route","no_route",28,15,15,0,726,0,1.9,1.9
"2026-10-09T04:56:14.630Z","benchmark","benchmark-1791521774532","seeded-low-1701","seeded-low-1701",2,"astar",15,15,3,1701,0.08,0.0711,"0,11","E","12,14","[[1,1],[4,2],[7,2],[7,4],[8,4],[0,7],[4,9],[12,10],[3,11],[7,11],[1,12],[12,12],[14,12],[7,13],[10,14],[11,14]]",16,"success","success",15,2,3,0,54,0.2,0,0.2
"2026-10-09T04:56:14.631Z","benchmark","benchmark-1791521774532","seeded-low-1701","seeded-low-1701",2,"dstar",15,15,3,1701,0.08,0.0711,"0,11","E","12,14","[[1,1],[4,2],[7,2],[7,4],[8,4],[0,7],[4,9],[12,10],[3,11],[7,11],[1,12],[12,12],[14,12],[7,13],[10,14],[11,14]]",16,"success","success",15,2,3,0,53,0.7,0.2,0.9
"2026-10-09T04:56:14.631Z","benchmark","benchmark-1791521774532","seeded-low-2718","seeded-low-2718",2,"dstar",15,15,3,2718,0.08,0.0711,"9,8","S","3,8","[[2,2],[2,3],[5,4],[9,4],[12,4],[0,5],[1,5],[2,6],[6,6],[0,9],[11,9],[8,12],[5,14],[11,14],[12,14],[14,14]]",16,"success","success",6,0,0,0,7,0.2,0,0.2
"2026-10-09T04:56:14.631Z","benchmark","benchmark-1791521774532","seeded-low-2718","seeded-low-2718",2,"astar",15,15,3,2718,0.08,0.0711,"9,8","S","3,8","[[2,2],[2,3],[5,4],[9,4],[12,4],[0,5],[1,5],[2,6],[6,6],[0,9],[11,9],[8,12],[5,14],[11,14],[12,14],[14,14]]",16,"success","success",6,0,0,0,6,0,0,0
"2026-10-09T04:56:14.631Z","benchmark","benchmark-1791521774532","seeded-low-3141","seeded-low-3141",2,"astar",15,15,3,3141,0.08,0.1156,"0,11","E","12,14","[[13,0],[14,0],[4,1],[12,2],[8,3],[4,4],[8,5],[11,5],[4,6],[6,6],[9,6],[9,7],[14,7],[10,8],[14,8],[2,9],[7,9],[9,9],[12,9],[2,10],[4,12],[8,12],[9,12],[13,12],[3,14],[4,14]]",26,"success","success",15,0,0,0,51,0.2,0,0.2
"2026-10-09T04:56:14.632Z","benchmark","benchmark-1791521774532","seeded-low-3141","seeded-low-3141",2,"dstar",15,15,3,3141,0.08,0.1156,"0,11","E","12,14","[[13,0],[14,0],[4,1],[12,2],[8,3],[4,4],[8,5],[11,5],[4,6],[6,6],[9,6],[9,7],[14,7],[10,8],[14,8],[2,9],[7,9],[9,9],[12,9],[2,10],[4,12],[8,12],[9,12],[13,12],[3,14],[4,14]]",26,"success","success",15,0,0,0,52,1,0,1
"2026-10-09T04:56:14.633Z","benchmark","benchmark-1791521774532","seeded-low-4207","seeded-low-4207",2,"dstar",15,15,3,4207,0.08,0.08,"7,7","W","10,1","[[7,0],[14,0],[1,2],[8,2],[13,2],[2,4],[12,4],[0,5],[1,5],[6,5],[11,5],[1,6],[12,6],[12,7],[1,8],[0,10],[0,12],[2,13]]",18,"success","success",9,1,1,0,28,0.5,0.2,0.7
"2026-10-09T04:56:14.633Z","benchmark","benchmark-1791521774532","seeded-low-4207","seeded-low-4207",2,"astar",15,15,3,4207,0.08,0.08,"7,7","W","10,1","[[7,0],[14,0],[1,2],[8,2],[13,2],[2,4],[12,4],[0,5],[1,5],[6,5],[11,5],[1,6],[12,6],[12,7],[1,8],[0,10],[0,12],[2,13]]",18,"success","success",9,1,1,0,38,0,0.1,0.1
"2026-10-09T04:56:14.633Z","benchmark","benchmark-1791521774532","seeded-low-5629","seeded-low-5629",2,"astar",15,15,3,5629,0.08,0.0667,"1,4","E","1,10","[[3,4],[5,4],[14,4],[2,5],[13,5],[7,6],[9,6],[12,6],[4,7],[11,7],[14,7],[1,11],[2,12],[14,12],[8,13]]",15,"success","success",6,1,2,0,8,0,0,0
"2026-10-09T04:56:14.633Z","benchmark","benchmark-1791521774532","seeded-low-5629","seeded-low-5629",2,"dstar",15,15,3,5629,0.08,0.0667,"1,4","E","1,10","[[3,4],[5,4],[14,4],[2,5],[13,5],[7,6],[9,6],[12,6],[4,7],[11,7],[14,7],[1,11],[2,12],[14,12],[8,13]]",15,"success","success",6,1,2,0,7,0.3,0,0.3
"2026-10-09T04:56:14.634Z","benchmark","benchmark-1791521774532","seeded-low-7001","seeded-low-7001",2,"dstar",15,15,3,7001,0.08,0.1111,"5,6","E","2,9","[[1,0],[9,0],[3,2],[7,2],[5,3],[3,4],[4,4],[13,4],[14,4],[4,5],[8,5],[2,6],[12,7],[13,8],[3,9],[10,9],[3,10],[2,11],[5,11],[12,11],[5,12],[8,13],[12,13],[10,14],[11,14]]",25,"success","success",8,3,3,0,26,0.7,0.2,0.9
"2026-10-09T04:56:14.634Z","benchmark","benchmark-1791521774532","seeded-low-7001","seeded-low-7001",2,"astar",15,15,3,7001,0.08,0.1111,"5,6","E","2,9","[[1,0],[9,0],[3,2],[7,2],[5,3],[3,4],[4,4],[13,4],[14,4],[4,5],[8,5],[2,6],[12,7],[13,8],[3,9],[10,9],[3,10],[2,11],[5,11],[12,11],[5,12],[8,13],[12,13],[10,14],[11,14]]",25,"success","success",8,3,3,0,34,0,0.1,0.1
"2026-10-09T04:56:14.634Z","benchmark","benchmark-1791521774532","seeded-medium-1701","seeded-medium-1701",2,"astar",15,15,3,1701,0.16,0.1689,"0,11","E","12,14","[[4,0],[6,0],[12,0],[1,1],[4,1],[9,1],[4,2],[5,2],[7,2],[9,3],[13,3],[5,4],[7,4],[8,4],[0,5],[3,6],[0,7],[5,7],[6,7],[2,8],[4,9],[8,9],[7,10],[12,10],[3,11],[4,11],[6,11],[7,11],[1,12],[6,12],[12,12],[14,12],[6,13],[7,13],[8,13],[4,14],[10,14],[11,14]]",38,"success","success",17,3,4,0,82,0,0.1,0.1
"2026-10-09T04:56:14.636Z","benchmark","benchmark-1791521774532","seeded-medium-1701","seeded-medium-1701",2,"dstar",15,15,3,1701,0.16,0.1689,"0,11","E","12,14","[[4,0],[6,0],[12,0],[1,1],[4,1],[9,1],[4,2],[5,2],[7,2],[9,3],[13,3],[5,4],[7,4],[8,4],[0,5],[3,6],[0,7],[5,7],[6,7],[2,8],[4,9],[8,9],[7,10],[12,10],[3,11],[4,11],[6,11],[7,11],[1,12],[6,12],[12,12],[14,12],[6,13],[7,13],[8,13],[4,14],[10,14],[11,14]]",38,"success","success",17,5,6,0,64,0.5,0.6,1.1
"2026-10-09T04:56:14.637Z","benchmark","benchmark-1791521774532","seeded-medium-2718","seeded-medium-2718",2,"dstar",15,15,3,2718,0.16,0.1467,"9,8","S","3,8","[[7,0],[9,0],[2,2],[4,2],[2,3],[4,4],[5,4],[7,4],[8,4],[9,4],[12,4],[0,5],[1,5],[5,5],[8,5],[9,5],[0,6],[2,6],[6,6],[8,8],[0,9],[5,9],[7,9],[11,9],[7,12],[8,12],[12,12],[13,12],[13,13],[5,14],[11,14],[12,14],[14,14]]",33,"success","success",8,3,3,0,25,0.1,0.8,0.9
"2026-10-09T04:56:14.637Z","benchmark","benchmark-1791521774532","seeded-medium-2718","seeded-medium-2718",2,"astar",15,15,3,2718,0.16,0.1467,"9,8","S","3,8","[[7,0],[9,0],[2,2],[4,2],[2,3],[4,4],[5,4],[7,4],[8,4],[9,4],[12,4],[0,5],[1,5],[5,5],[8,5],[9,5],[0,6],[2,6],[6,6],[8,8],[0,9],[5,9],[7,9],[11,9],[7,12],[8,12],[12,12],[13,12],[13,13],[5,14],[11,14],[12,14],[14,14]]",33,"success","success",8,3,3,0,55,0.1,0.1,0.2
"2026-10-09T04:56:14.637Z","benchmark","benchmark-1791521774532","seeded-medium-3141","seeded-medium-3141",2,"astar",15,15,3,3141,0.16,0.1956,"0,11","E","12,14","[[4,0],[13,0],[14,0],[4,1],[10,1],[11,1],[12,1],[7,2],[12,2],[8,3],[10,3],[4,4],[5,5],[8,5],[11,5],[13,5],[14,5],[4,6],[5,6],[6,6],[7,6],[9,6],[1,7],[9,7],[14,7],[10,8],[14,8],[2,9],[4,9],[7,9],[9,9],[12,9],[2,10],[9,11],[4,12],[8,12],[9,12],[13,12],[14,12],[11,13],[3,14],[4,14],[7,14],[9,14]]",44,"success","success",17,2,2,0,99,0.2,0,0.2
"2026-10-09T04:56:14.638Z","benchmark","benchmark-1791521774532","seeded-medium-3141","seeded-medium-3141",2,"dstar",15,15,3,3141,0.16,0.1956,"0,11","E","12,14","[[4,0],[13,0],[14,0],[4,1],[10,1],[11,1],[12,1],[7,2],[12,2],[8,3],[10,3],[4,4],[5,5],[8,5],[11,5],[13,5],[14,5],[4,6],[5,6],[6,6],[7,6],[9,6],[1,7],[9,7],[14,7],[10,8],[14,8],[2,9],[4,9],[7,9],[9,9],[12,9],[2,10],[9,11],[4,12],[8,12],[9,12],[13,12],[14,12],[11,13],[3,14],[4,14],[7,14],[9,14]]",44,"success","success",17,2,2,0,65,0.6,0.3,0.9
"2026-10-09T04:56:14.638Z","benchmark","benchmark-1791521774532","seeded-medium-4207","seeded-medium-4207",2,"dstar",15,15,3,4207,0.16,0.1556,"7,7","W","10,1","[[0,0],[7,0],[14,0],[5,1],[1,2],[8,2],[11,2],[13,2],[12,3],[14,3],[2,4],[7,4],[12,4],[14,4],[0,5],[1,5],[6,5],[11,5],[1,6],[12,6],[12,7],[14,7],[1,8],[6,8],[9,8],[10,8],[12,8],[14,8],[5,9],[0,10],[7,10],[4,11],[5,11],[0,12],[2,13]]",35,"success","success",9,2,2,0,30,0.3,0.1,0.4
"2026-10-09T04:56:14.639Z","benchmark","benchmark-1791521774532","seeded-medium-4207","seeded-medium-4207",2,"astar",15,15,3,4207,0.16,0.1556,"7,7","W","10,1","[[0,0],[7,0],[14,0],[5,1],[1,2],[8,2],[11,2],[13,2],[12,3],[14,3],[2,4],[7,4],[12,4],[14,4],[0,5],[1,5],[6,5],[11,5],[1,6],[12,6],[12,7],[14,7],[1,8],[6,8],[9,8],[10,8],[12,8],[14,8],[5,9],[0,10],[7,10],[4,11],[5,11],[0,12],[2,13]]",35,"success","success",9,2,2,0,62,0.1,0,0.1
"2026-10-09T04:56:14.639Z","benchmark","benchmark-1791521774532","seeded-medium-5629","seeded-medium-5629",2,"astar",15,15,3,5629,0.16,0.1644,"1,4","E","1,10","[[12,0],[14,0],[1,1],[9,1],[9,2],[13,2],[0,3],[2,3],[3,3],[2,4],[3,4],[5,4],[12,4],[14,4],[2,5],[13,5],[14,5],[6,6],[7,6],[8,6],[9,6],[11,6],[12,6],[3,7],[4,7],[11,7],[14,7],[10,9],[1,11],[2,12],[12,12],[14,12],[1,13],[3,13],[8,13],[0,14],[14,14]]",37,"success","success",6,1,2,0,8,0,0,0
"2026-10-09T04:56:14.639Z","benchmark","benchmark-1791521774532","seeded-medium-5629","seeded-medium-5629",2,"dstar",15,15,3,5629,0.16,0.1644,"1,4","E","1,10","[[12,0],[14,0],[1,1],[9,1],[9,2],[13,2],[0,3],[2,3],[3,3],[2,4],[3,4],[5,4],[12,4],[14,4],[2,5],[13,5],[14,5],[6,6],[7,6],[8,6],[9,6],[11,6],[12,6],[3,7],[4,7],[11,7],[14,7],[10,9],[1,11],[2,12],[12,12],[14,12],[1,13],[3,13],[8,13],[0,14],[14,14]]",37,"success","success",6,1,2,0,7,0.4,0,0.4
"2026-10-09T04:56:14.641Z","benchmark","benchmark-1791521774532","seeded-medium-7001","seeded-medium-7001",2,"dstar",15,15,3,7001,0.16,0.1956,"5,6","E","2,9","[[1,0],[9,0],[13,0],[7,1],[12,1],[3,2],[7,2],[5,3],[9,3],[3,4],[4,4],[13,4],[14,4],[4,5],[8,5],[1,6],[2,6],[3,6],[12,6],[2,7],[4,7],[12,7],[4,8],[13,8],[3,9],[10,9],[3,10],[4,10],[11,10],[2,11],[4,11],[5,11],[12,11],[13,11],[5,12],[5,13],[7,13],[8,13],[10,13],[12,13],[2,14],[4,14],[10,14],[11,14]]",44,"success","success",46,18,18,0,156,0.2,2.1,2.3
"2026-10-09T04:56:14.642Z","benchmark","benchmark-1791521774532","seeded-medium-7001","seeded-medium-7001",2,"astar",15,15,3,7001,0.16,0.1956,"5,6","E","2,9","[[1,0],[9,0],[13,0],[7,1],[12,1],[3,2],[7,2],[5,3],[9,3],[3,4],[4,4],[13,4],[14,4],[4,5],[8,5],[1,6],[2,6],[3,6],[12,6],[2,7],[4,7],[12,7],[4,8],[13,8],[3,9],[10,9],[3,10],[4,10],[11,10],[2,11],[4,11],[5,11],[12,11],[13,11],[5,12],[5,13],[7,13],[8,13],[10,13],[12,13],[2,14],[4,14],[10,14],[11,14]]",44,"success","success",30,15,15,0,260,0,0.6,0.6
"2026-10-09T04:56:14.647Z","benchmark","benchmark-1791521774532","seeded-high-1701","seeded-high-1701",2,"astar",15,15,3,1701,0.24,0.2578,"0,11","E","12,14","[[4,0],[5,0],[6,0],[12,0],[1,1],[4,1],[6,1],[7,1],[9,1],[0,2],[4,2],[5,2],[7,2],[9,3],[11,3],[13,3],[5,4],[7,4],[8,4],[10,4],[0,5],[4,5],[6,5],[1,6],[3,6],[7,6],[0,7],[3,7],[4,7],[5,7],[6,7],[8,7],[11,7],[13,7],[2,8],[5,8],[8,8],[2,9],[4,9],[6,9],[8,9],[7,10],[12,10],[3,11],[4,11],[6,11],[7,11],[1,12],[6,12],[12,12],[14,12],[6,13],[7,13],[8,13],[4,14],[9,14],[10,14],[11,14]]",58,"success","success",65,24,25,0,1410,0.2,3.9,4.1
"2026-10-09T04:56:14.654Z","benchmark","benchmark-1791521774532","seeded-high-1701","seeded-high-1701",2,"dstar",15,15,3,1701,0.24,0.2578,"0,11","E","12,14","[[4,0],[5,0],[6,0],[12,0],[1,1],[4,1],[6,1],[7,1],[9,1],[0,2],[4,2],[5,2],[7,2],[9,3],[11,3],[13,3],[5,4],[7,4],[8,4],[10,4],[0,5],[4,5],[6,5],[1,6],[3,6],[7,6],[0,7],[3,7],[4,7],[5,7],[6,7],[8,7],[11,7],[13,7],[2,8],[5,8],[8,8],[2,9],[4,9],[6,9],[8,9],[7,10],[12,10],[3,11],[4,11],[6,11],[7,11],[1,12],[6,12],[12,12],[14,12],[6,13],[7,13],[8,13],[4,14],[9,14],[10,14],[11,14]]",58,"success","success",63,24,25,0,308,0.5,6.4,6.9
"2026-10-09T04:56:14.655Z","benchmark","benchmark-1791521774532","seeded-high-2718","seeded-high-2718",2,"dstar",15,15,3,2718,0.24,0.2044,"9,8","S","3,8","[[7,0],[8,0],[9,0],[7,1],[2,2],[4,2],[14,2],[2,3],[8,3],[3,4],[4,4],[5,4],[7,4],[8,4],[9,4],[11,4],[12,4],[0,5],[1,5],[5,5],[8,5],[9,5],[0,6],[2,6],[6,6],[7,6],[14,6],[8,8],[0,9],[5,9],[7,9],[11,9],[8,10],[9,10],[11,10],[0,12],[3,12],[7,12],[8,12],[12,12],[13,12],[13,13],[5,14],[11,14],[12,14],[14,14]]",46,"success","success",8,3,4,0,25,0.1,0.4,0.5
"2026-10-09T04:56:14.655Z","benchmark","benchmark-1791521774532","seeded-high-2718","seeded-high-2718",2,"astar",15,15,3,2718,0.24,0.2044,"9,8","S","3,8","[[7,0],[8,0],[9,0],[7,1],[2,2],[4,2],[14,2],[2,3],[8,3],[3,4],[4,4],[5,4],[7,4],[8,4],[9,4],[11,4],[12,4],[0,5],[1,5],[5,5],[8,5],[9,5],[0,6],[2,6],[6,6],[7,6],[14,6],[8,8],[0,9],[5,9],[7,9],[11,9],[8,10],[9,10],[11,10],[0,12],[3,12],[7,12],[8,12],[12,12],[13,12],[13,13],[5,14],[11,14],[12,14],[14,14]]",46,"success","success",8,3,4,0,55,0,0.6,0.6
"2026-10-09T04:56:14.656Z","benchmark","benchmark-1791521774532","seeded-high-3141","seeded-high-3141",2,"astar",15,15,3,3141,0.24,0.2667,"0,11","E","12,14","[[4,0],[13,0],[14,0],[4,1],[9,1],[10,1],[11,1],[12,1],[0,2],[7,2],[9,2],[12,2],[13,2],[14,2],[8,3],[10,3],[3,4],[4,4],[1,5],[5,5],[8,5],[11,5],[13,5],[14,5],[4,6],[5,6],[6,6],[7,6],[9,6],[1,7],[9,7],[14,7],[3,8],[10,8],[14,8],[0,9],[1,9],[2,9],[4,9],[6,9],[7,9],[9,9],[12,9],[1,10],[2,10],[5,10],[7,10],[9,11],[11,11],[4,12],[8,12],[9,12],[13,12],[14,12],[1,13],[11,13],[3,14],[4,14],[7,14],[9,14]]",60,"success","success",17,2,2,0,99,0.2,0.1,0.3
"2026-10-09T04:56:14.658Z","benchmark","benchmark-1791521774532","seeded-high-3141","seeded-high-3141",2,"dstar",15,15,3,3141,0.24,0.2667,"0,11","E","12,14","[[4,0],[13,0],[14,0],[4,1],[9,1],[10,1],[11,1],[12,1],[0,2],[7,2],[9,2],[12,2],[13,2],[14,2],[8,3],[10,3],[3,4],[4,4],[1,5],[5,5],[8,5],[11,5],[13,5],[14,5],[4,6],[5,6],[6,6],[7,6],[9,6],[1,7],[9,7],[14,7],[3,8],[10,8],[14,8],[0,9],[1,9],[2,9],[4,9],[6,9],[7,9],[9,9],[12,9],[1,10],[2,10],[5,10],[7,10],[9,11],[11,11],[4,12],[8,12],[9,12],[13,12],[14,12],[1,13],[11,13],[3,14],[4,14],[7,14],[9,14]]",60,"success","success",17,2,2,0,65,1.5,0.4,1.9
"2026-10-09T04:56:14.658Z","benchmark","benchmark-1791521774532","seeded-high-4207","seeded-high-4207",2,"dstar",15,15,3,4207,0.24,0.2267,"7,7","W","10,1","[[0,0],[7,0],[10,0],[14,0],[5,1],[11,1],[13,1],[1,2],[8,2],[11,2],[13,2],[0,3],[3,3],[12,3],[14,3],[2,4],[7,4],[12,4],[14,4],[0,5],[1,5],[6,5],[10,5],[11,5],[1,6],[7,6],[12,6],[12,7],[14,7],[1,8],[6,8],[9,8],[10,8],[12,8],[14,8],[1,9],[5,9],[13,9],[0,10],[7,10],[8,10],[4,11],[5,11],[10,11],[0,12],[2,13],[3,14],[6,14],[11,14],[12,14],[14,14]]",51,"success","success",9,3,3,0,30,0.2,0.1,0.3
"2026-10-09T04:56:14.658Z","benchmark","benchmark-1791521774532","seeded-high-4207","seeded-high-4207",2,"astar",15,15,3,4207,0.24,0.2267,"7,7","W","10,1","[[0,0],[7,0],[10,0],[14,0],[5,1],[11,1],[13,1],[1,2],[8,2],[11,2],[13,2],[0,3],[3,3],[12,3],[14,3],[2,4],[7,4],[12,4],[14,4],[0,5],[1,5],[6,5],[10,5],[11,5],[1,6],[7,6],[12,6],[12,7],[14,7],[1,8],[6,8],[9,8],[10,8],[12,8],[14,8],[1,9],[5,9],[13,9],[0,10],[7,10],[8,10],[4,11],[5,11],[10,11],[0,12],[2,13],[3,14],[6,14],[11,14],[12,14],[14,14]]",51,"success","success",9,3,3,0,61,0,0.1,0.1
"2026-10-09T04:56:14.658Z","benchmark","benchmark-1791521774532","seeded-high-5629","seeded-high-5629",2,"astar",15,15,3,5629,0.24,0.2444,"1,4","E","1,10","[[3,0],[6,0],[12,0],[14,0],[1,1],[9,1],[9,2],[13,2],[0,3],[2,3],[3,3],[2,4],[3,4],[5,4],[12,4],[13,4],[14,4],[0,5],[1,5],[2,5],[7,5],[12,5],[13,5],[14,5],[6,6],[7,6],[8,6],[9,6],[10,6],[11,6],[12,6],[3,7],[4,7],[7,7],[11,7],[14,7],[3,8],[7,8],[9,9],[10,9],[11,9],[1,11],[14,11],[2,12],[12,12],[14,12],[1,13],[3,13],[6,13],[8,13],[12,13],[0,14],[3,14],[6,14],[14,14]]",55,"success","success",18,8,9,0,170,0,0.1,0.1
"2026-10-09T04:56:14.659Z","benchmark","benchmark-1791521774532","seeded-high-5629","seeded-high-5629",2,"dstar",15,15,3,5629,0.24,0.2444,"1,4","E","1,10","[[3,0],[6,0],[12,0],[14,0],[1,1],[9,1],[9,2],[13,2],[0,3],[2,3],[3,3],[2,4],[3,4],[5,4],[12,4],[13,4],[14,4],[0,5],[1,5],[2,5],[7,5],[12,5],[13,5],[14,5],[6,6],[7,6],[8,6],[9,6],[10,6],[11,6],[12,6],[3,7],[4,7],[7,7],[11,7],[14,7],[3,8],[7,8],[9,9],[10,9],[11,9],[1,11],[14,11],[2,12],[12,12],[14,12],[1,13],[3,13],[6,13],[8,13],[12,13],[0,14],[3,14],[6,14],[14,14]]",55,"success","success",18,9,10,0,71,0.1,0.9,1
"2026-10-09T04:56:14.661Z","benchmark","benchmark-1791521774532","seeded-high-7001","seeded-high-7001",2,"dstar",15,15,3,8010,0.24,0.3022,"3,5","S","9,2","[[0,0],[5,0],[7,0],[12,0],[13,0],[5,1],[0,2],[1,2],[2,2],[3,2],[5,2],[8,2],[0,3],[2,3],[8,3],[10,3],[13,3],[5,4],[6,4],[7,4],[9,4],[12,4],[4,5],[6,5],[8,5],[10,5],[13,5],[14,5],[7,6],[11,6],[14,6],[1,7],[2,7],[3,7],[9,7],[13,7],[1,8],[6,8],[8,8],[9,8],[11,8],[12,8],[4,9],[5,9],[10,9],[3,10],[6,10],[0,11],[12,11],[1,12],[5,12],[6,12],[7,12],[12,12],[14,12],[1,13],[3,13],[4,13],[5,13],[8,13],[9,13],[10,13],[11,13],[0,14],[2,14],[3,14],[8,14],[10,14]]",68,"success","success",17,8,9,0,61,0.3,0.7,1
"2026-10-09T04:56:14.661Z","benchmark","benchmark-1791521774532","seeded-high-7001","seeded-high-7001",2,"astar",15,15,3,8010,0.24,0.3022,"3,5","S","9,2","[[0,0],[5,0],[7,0],[12,0],[13,0],[5,1],[0,2],[1,2],[2,2],[3,2],[5,2],[8,2],[0,3],[2,3],[8,3],[10,3],[13,3],[5,4],[6,4],[7,4],[9,4],[12,4],[4,5],[6,5],[8,5],[10,5],[13,5],[14,5],[7,6],[11,6],[14,6],[1,7],[2,7],[3,7],[9,7],[13,7],[1,8],[6,8],[8,8],[9,8],[11,8],[12,8],[4,9],[5,9],[10,9],[3,10],[6,10],[0,11],[12,11],[1,12],[5,12],[6,12],[7,12],[12,12],[14,12],[1,13],[3,13],[4,13],[5,13],[8,13],[9,13],[10,13],[11,13],[0,14],[2,14],[3,14],[8,14],[10,14]]",68,"success","success",15,8,9,0,123,0.2,0.3,0.5
"2026-10-09T04:56:14.663Z","benchmark","benchmark-1791521774532","open","open",3,"dstar",15,15,3,"","",0,"1,12","E","13,2","[]",0,"success","success",22,0,0,0,143,1.5,0,1.5
"2026-10-09T04:56:14.663Z","benchmark","benchmark-1791521774532","open","open",3,"astar",15,15,3,"","",0,"1,12","E","13,2","[]",0,"success","success",22,0,0,0,142,0.2,0,0.2
"2026-10-09T04:56:14.663Z","benchmark","benchmark-1791521774532","blocker","blocker",3,"astar",15,15,3,"","",0.0044,"1,7","E","13,7","[[7,7]]",1,"success","success",14,1,1,0,41,0,0.2,0.2
"2026-10-09T04:56:14.664Z","benchmark","benchmark-1791521774532","blocker","blocker",3,"dstar",15,15,3,"","",0.0044,"1,7","E","13,7","[[7,7]]",1,"success","success",14,1,1,0,42,0.3,0.5,0.8
"2026-10-09T04:56:14.666Z","benchmark","benchmark-1791521774532","detour","detour",3,"dstar",15,15,3,"","",0.0622,"1,7","E","13,7","[[7,0],[7,1],[7,2],[7,4],[7,5],[7,6],[7,7],[7,8],[7,9],[7,10],[7,11],[7,12],[7,13],[7,14]]",14,"success","success",20,4,4,0,96,0.1,1.9,2
"2026-10-09T04:56:14.670Z","benchmark","benchmark-1791521774532","detour","detour",3,"astar",15,15,3,"","",0.0622,"1,7","E","13,7","[[7,0],[7,1],[7,2],[7,4],[7,5],[7,6],[7,7],[7,8],[7,9],[7,10],[7,11],[7,12],[7,13],[7,14]]",14,"success","success",36,11,11,0,453,0.1,3.7,3.8
"2026-10-09T04:56:14.674Z","benchmark","benchmark-1791521774532","corridor","corridor",3,"astar",15,15,3,"","",0.1244,"1,12","E","13,3","[[4,0],[10,0],[4,1],[10,1],[4,2],[10,2],[4,3],[4,4],[10,4],[4,5],[10,5],[4,6],[10,6],[4,7],[10,7],[4,8],[10,8],[4,9],[10,9],[4,10],[10,10],[4,11],[10,11],[10,12],[4,13],[10,13],[4,14],[10,14]]",28,"success","success",41,10,10,0,782,0.5,2.8,3.3
"2026-10-09T04:56:14.679Z","benchmark","benchmark-1791521774532","corridor","corridor",3,"dstar",15,15,3,"","",0.1244,"1,12","E","13,3","[[4,0],[10,0],[4,1],[10,1],[4,2],[10,2],[4,3],[4,4],[10,4],[4,5],[10,5],[4,6],[10,6],[4,7],[10,7],[4,8],[10,8],[4,9],[10,9],[4,10],[10,10],[4,11],[10,11],[10,12],[4,13],[10,13],[4,14],[10,14]]",28,"success","success",45,12,12,0,249,2.2,3.3,5.5
"2026-10-09T04:56:14.684Z","benchmark","benchmark-1791521774532","maze","maze",3,"dstar",15,15,3,"","",0.1867,"1,13","E","13,1","[[3,0],[7,0],[11,0],[7,1],[3,2],[7,2],[11,2],[3,3],[7,3],[11,3],[3,4],[7,4],[11,4],[3,5],[7,5],[11,5],[3,6],[7,6],[11,6],[3,7],[7,7],[11,7],[3,8],[7,8],[11,8],[3,9],[7,9],[11,9],[3,10],[7,10],[11,10],[3,11],[7,11],[11,11],[3,12],[7,12],[11,12],[3,13],[11,13],[3,14],[7,14],[11,14]]",42,"success","success",50,13,14,0,261,1.9,2.4,4.3
"2026-10-09T04:56:14.687Z","benchmark","benchmark-1791521774532","maze","maze",3,"astar",15,15,3,"","",0.1867,"1,13","E","13,1","[[3,0],[7,0],[11,0],[7,1],[3,2],[7,2],[11,2],[3,3],[7,3],[11,3],[3,4],[7,4],[11,4],[3,5],[7,5],[11,5],[3,6],[7,6],[11,6],[3,7],[7,7],[11,7],[3,8],[7,8],[11,8],[3,9],[7,9],[11,9],[3,10],[7,10],[11,10],[3,11],[7,11],[11,11],[3,12],[7,12],[11,12],[3,13],[11,13],[3,14],[7,14],[11,14]]",42,"success","success",50,13,14,0,907,0.6,2.7,3.3
"2026-10-09T04:56:14.690Z","benchmark","benchmark-1791521774532","no-route","no-route",3,"astar",15,15,3,"","",0.0667,"1,7","E","13,7","[[7,0],[7,1],[7,2],[7,3],[7,4],[7,5],[7,6],[7,7],[7,8],[7,9],[7,10],[7,11],[7,12],[7,13],[7,14]]",15,"no_route","no_route",28,15,15,0,726,0,2.5,2.5
"2026-10-09T04:56:14.693Z","benchmark","benchmark-1791521774532","no-route","no-route",3,"dstar",15,15,3,"","",0.0667,"1,7","E","13,7","[[7,0],[7,1],[7,2],[7,3],[7,4],[7,5],[7,6],[7,7],[7,8],[7,9],[7,10],[7,11],[7,12],[7,13],[7,14]]",15,"no_route","no_route",26,15,15,0,267,0.1,3.3,3.4
"2026-10-09T04:56:14.694Z","benchmark","benchmark-1791521774532","seeded-low-1701","seeded-low-1701",3,"dstar",15,15,3,1701,0.08,0.0711,"0,11","E","12,14","[[1,1],[4,2],[7,2],[7,4],[8,4],[0,7],[4,9],[12,10],[3,11],[7,11],[1,12],[12,12],[14,12],[7,13],[10,14],[11,14]]",16,"success","success",15,2,3,0,53,0.4,0,0.4
"2026-10-09T04:56:14.694Z","benchmark","benchmark-1791521774532","seeded-low-1701","seeded-low-1701",3,"astar",15,15,3,1701,0.08,0.0711,"0,11","E","12,14","[[1,1],[4,2],[7,2],[7,4],[8,4],[0,7],[4,9],[12,10],[3,11],[7,11],[1,12],[12,12],[14,12],[7,13],[10,14],[11,14]]",16,"success","success",15,2,3,0,54,0,0,0
"2026-10-09T04:56:14.694Z","benchmark","benchmark-1791521774532","seeded-low-2718","seeded-low-2718",3,"astar",15,15,3,2718,0.08,0.0711,"9,8","S","3,8","[[2,2],[2,3],[5,4],[9,4],[12,4],[0,5],[1,5],[2,6],[6,6],[0,9],[11,9],[8,12],[5,14],[11,14],[12,14],[14,14]]",16,"success","success",6,0,0,0,6,0.1,0,0.1
"2026-10-09T04:56:14.694Z","benchmark","benchmark-1791521774532","seeded-low-2718","seeded-low-2718",3,"dstar",15,15,3,2718,0.08,0.0711,"9,8","S","3,8","[[2,2],[2,3],[5,4],[9,4],[12,4],[0,5],[1,5],[2,6],[6,6],[0,9],[11,9],[8,12],[5,14],[11,14],[12,14],[14,14]]",16,"success","success",6,0,0,0,7,0,0,0
"2026-10-09T04:56:14.695Z","benchmark","benchmark-1791521774532","seeded-low-3141","seeded-low-3141",3,"dstar",15,15,3,3141,0.08,0.1156,"0,11","E","12,14","[[13,0],[14,0],[4,1],[12,2],[8,3],[4,4],[8,5],[11,5],[4,6],[6,6],[9,6],[9,7],[14,7],[10,8],[14,8],[2,9],[7,9],[9,9],[12,9],[2,10],[4,12],[8,12],[9,12],[13,12],[3,14],[4,14]]",26,"success","success",15,0,0,0,52,0.4,0,0.4
"2026-10-09T04:56:14.695Z","benchmark","benchmark-1791521774532","seeded-low-3141","seeded-low-3141",3,"astar",15,15,3,3141,0.08,0.1156,"0,11","E","12,14","[[13,0],[14,0],[4,1],[12,2],[8,3],[4,4],[8,5],[11,5],[4,6],[6,6],[9,6],[9,7],[14,7],[10,8],[14,8],[2,9],[7,9],[9,9],[12,9],[2,10],[4,12],[8,12],[9,12],[13,12],[3,14],[4,14]]",26,"success","success",15,0,0,0,51,0,0,0
"2026-10-09T04:56:14.695Z","benchmark","benchmark-1791521774532","seeded-low-4207","seeded-low-4207",3,"astar",15,15,3,4207,0.08,0.08,"7,7","W","10,1","[[7,0],[14,0],[1,2],[8,2],[13,2],[2,4],[12,4],[0,5],[1,5],[6,5],[11,5],[1,6],[12,6],[12,7],[1,8],[0,10],[0,12],[2,13]]",18,"success","success",9,1,1,0,38,0,0,0
"2026-10-09T04:56:14.695Z","benchmark","benchmark-1791521774532","seeded-low-4207","seeded-low-4207",3,"dstar",15,15,3,4207,0.08,0.08,"7,7","W","10,1","[[7,0],[14,0],[1,2],[8,2],[13,2],[2,4],[12,4],[0,5],[1,5],[6,5],[11,5],[1,6],[12,6],[12,7],[1,8],[0,10],[0,12],[2,13]]",18,"success","success",9,1,1,0,28,0.4,0,0.4
"2026-10-09T04:56:14.695Z","benchmark","benchmark-1791521774532","seeded-low-5629","seeded-low-5629",3,"dstar",15,15,3,5629,0.08,0.0667,"1,4","E","1,10","[[3,4],[5,4],[14,4],[2,5],[13,5],[7,6],[9,6],[12,6],[4,7],[11,7],[14,7],[1,11],[2,12],[14,12],[8,13]]",15,"success","success",6,1,2,0,7,0.1,0,0.1
"2026-10-09T04:56:14.695Z","benchmark","benchmark-1791521774532","seeded-low-5629","seeded-low-5629",3,"astar",15,15,3,5629,0.08,0.0667,"1,4","E","1,10","[[3,4],[5,4],[14,4],[2,5],[13,5],[7,6],[9,6],[12,6],[4,7],[11,7],[14,7],[1,11],[2,12],[14,12],[8,13]]",15,"success","success",6,1,2,0,8,0,0,0
"2026-10-09T04:56:14.695Z","benchmark","benchmark-1791521774532","seeded-low-7001","seeded-low-7001",3,"astar",15,15,3,7001,0.08,0.1111,"5,6","E","2,9","[[1,0],[9,0],[3,2],[7,2],[5,3],[3,4],[4,4],[13,4],[14,4],[4,5],[8,5],[2,6],[12,7],[13,8],[3,9],[10,9],[3,10],[2,11],[5,11],[12,11],[5,12],[8,13],[12,13],[10,14],[11,14]]",25,"success","success",8,3,3,0,34,0,0,0
"2026-10-09T04:56:14.696Z","benchmark","benchmark-1791521774532","seeded-low-7001","seeded-low-7001",3,"dstar",15,15,3,7001,0.08,0.1111,"5,6","E","2,9","[[1,0],[9,0],[3,2],[7,2],[5,3],[3,4],[4,4],[13,4],[14,4],[4,5],[8,5],[2,6],[12,7],[13,8],[3,9],[10,9],[3,10],[2,11],[5,11],[12,11],[5,12],[8,13],[12,13],[10,14],[11,14]]",25,"success","success",8,3,3,0,26,0.2,0.1,0.3
"2026-10-09T04:56:14.696Z","benchmark","benchmark-1791521774532","seeded-medium-1701","seeded-medium-1701",3,"dstar",15,15,3,1701,0.16,0.1689,"0,11","E","12,14","[[4,0],[6,0],[12,0],[1,1],[4,1],[9,1],[4,2],[5,2],[7,2],[9,3],[13,3],[5,4],[7,4],[8,4],[0,5],[3,6],[0,7],[5,7],[6,7],[2,8],[4,9],[8,9],[7,10],[12,10],[3,11],[4,11],[6,11],[7,11],[1,12],[6,12],[12,12],[14,12],[6,13],[7,13],[8,13],[4,14],[10,14],[11,14]]",38,"success","success",17,5,6,0,64,0.5,0.3,0.8
"2026-10-09T04:56:14.697Z","benchmark","benchmark-1791521774532","seeded-medium-1701","seeded-medium-1701",3,"astar",15,15,3,1701,0.16,0.1689,"0,11","E","12,14","[[4,0],[6,0],[12,0],[1,1],[4,1],[9,1],[4,2],[5,2],[7,2],[9,3],[13,3],[5,4],[7,4],[8,4],[0,5],[3,6],[0,7],[5,7],[6,7],[2,8],[4,9],[8,9],[7,10],[12,10],[3,11],[4,11],[6,11],[7,11],[1,12],[6,12],[12,12],[14,12],[6,13],[7,13],[8,13],[4,14],[10,14],[11,14]]",38,"success","success",17,3,4,0,82,0,0.2,0.2
"2026-10-09T04:56:14.697Z","benchmark","benchmark-1791521774532","seeded-medium-2718","seeded-medium-2718",3,"astar",15,15,3,2718,0.16,0.1467,"9,8","S","3,8","[[7,0],[9,0],[2,2],[4,2],[2,3],[4,4],[5,4],[7,4],[8,4],[9,4],[12,4],[0,5],[1,5],[5,5],[8,5],[9,5],[0,6],[2,6],[6,6],[8,8],[0,9],[5,9],[7,9],[11,9],[7,12],[8,12],[12,12],[13,12],[13,13],[5,14],[11,14],[12,14],[14,14]]",33,"success","success",8,3,3,0,55,0,0.1,0.1
"2026-10-09T04:56:14.698Z","benchmark","benchmark-1791521774532","seeded-medium-2718","seeded-medium-2718",3,"dstar",15,15,3,2718,0.16,0.1467,"9,8","S","3,8","[[7,0],[9,0],[2,2],[4,2],[2,3],[4,4],[5,4],[7,4],[8,4],[9,4],[12,4],[0,5],[1,5],[5,5],[8,5],[9,5],[0,6],[2,6],[6,6],[8,8],[0,9],[5,9],[7,9],[11,9],[7,12],[8,12],[12,12],[13,12],[13,13],[5,14],[11,14],[12,14],[14,14]]",33,"success","success",8,3,3,0,25,0.7,0.6,1.3
"2026-10-09T04:56:14.699Z","benchmark","benchmark-1791521774532","seeded-medium-3141","seeded-medium-3141",3,"dstar",15,15,3,3141,0.16,0.1956,"0,11","E","12,14","[[4,0],[13,0],[14,0],[4,1],[10,1],[11,1],[12,1],[7,2],[12,2],[8,3],[10,3],[4,4],[5,5],[8,5],[11,5],[13,5],[14,5],[4,6],[5,6],[6,6],[7,6],[9,6],[1,7],[9,7],[14,7],[10,8],[14,8],[2,9],[4,9],[7,9],[9,9],[12,9],[2,10],[9,11],[4,12],[8,12],[9,12],[13,12],[14,12],[11,13],[3,14],[4,14],[7,14],[9,14]]",44,"success","success",17,2,2,0,65,0.6,0.1,0.7
"2026-10-09T04:56:14.699Z","benchmark","benchmark-1791521774532","seeded-medium-3141","seeded-medium-3141",3,"astar",15,15,3,3141,0.16,0.1956,"0,11","E","12,14","[[4,0],[13,0],[14,0],[4,1],[10,1],[11,1],[12,1],[7,2],[12,2],[8,3],[10,3],[4,4],[5,5],[8,5],[11,5],[13,5],[14,5],[4,6],[5,6],[6,6],[7,6],[9,6],[1,7],[9,7],[14,7],[10,8],[14,8],[2,9],[4,9],[7,9],[9,9],[12,9],[2,10],[9,11],[4,12],[8,12],[9,12],[13,12],[14,12],[11,13],[3,14],[4,14],[7,14],[9,14]]",44,"success","success",17,2,2,0,99,0.2,0.3,0.5
"2026-10-09T04:56:14.700Z","benchmark","benchmark-1791521774532","seeded-medium-4207","seeded-medium-4207",3,"astar",15,15,3,4207,0.16,0.1556,"7,7","W","10,1","[[0,0],[7,0],[14,0],[5,1],[1,2],[8,2],[11,2],[13,2],[12,3],[14,3],[2,4],[7,4],[12,4],[14,4],[0,5],[1,5],[6,5],[11,5],[1,6],[12,6],[12,7],[14,7],[1,8],[6,8],[9,8],[10,8],[12,8],[14,8],[5,9],[0,10],[7,10],[4,11],[5,11],[0,12],[2,13]]",35,"success","success",9,2,2,0,62,0,0.1,0.1
"2026-10-09T04:56:14.700Z","benchmark","benchmark-1791521774532","seeded-medium-4207","seeded-medium-4207",3,"dstar",15,15,3,4207,0.16,0.1556,"7,7","W","10,1","[[0,0],[7,0],[14,0],[5,1],[1,2],[8,2],[11,2],[13,2],[12,3],[14,3],[2,4],[7,4],[12,4],[14,4],[0,5],[1,5],[6,5],[11,5],[1,6],[12,6],[12,7],[14,7],[1,8],[6,8],[9,8],[10,8],[12,8],[14,8],[5,9],[0,10],[7,10],[4,11],[5,11],[0,12],[2,13]]",35,"success","success",9,2,2,0,30,0.4,0.1,0.5
"2026-10-09T04:56:14.700Z","benchmark","benchmark-1791521774532","seeded-medium-5629","seeded-medium-5629",3,"dstar",15,15,3,5629,0.16,0.1644,"1,4","E","1,10","[[12,0],[14,0],[1,1],[9,1],[9,2],[13,2],[0,3],[2,3],[3,3],[2,4],[3,4],[5,4],[12,4],[14,4],[2,5],[13,5],[14,5],[6,6],[7,6],[8,6],[9,6],[11,6],[12,6],[3,7],[4,7],[11,7],[14,7],[10,9],[1,11],[2,12],[12,12],[14,12],[1,13],[3,13],[8,13],[0,14],[14,14]]",37,"success","success",6,1,2,0,7,0.1,0,0.1
"2026-10-09T04:56:14.700Z","benchmark","benchmark-1791521774532","seeded-medium-5629","seeded-medium-5629",3,"astar",15,15,3,5629,0.16,0.1644,"1,4","E","1,10","[[12,0],[14,0],[1,1],[9,1],[9,2],[13,2],[0,3],[2,3],[3,3],[2,4],[3,4],[5,4],[12,4],[14,4],[2,5],[13,5],[14,5],[6,6],[7,6],[8,6],[9,6],[11,6],[12,6],[3,7],[4,7],[11,7],[14,7],[10,9],[1,11],[2,12],[12,12],[14,12],[1,13],[3,13],[8,13],[0,14],[14,14]]",37,"success","success",6,1,2,0,8,0,0,0
"2026-10-09T04:56:14.701Z","benchmark","benchmark-1791521774532","seeded-medium-7001","seeded-medium-7001",3,"astar",15,15,3,7001,0.16,0.1956,"5,6","E","2,9","[[1,0],[9,0],[13,0],[7,1],[12,1],[3,2],[7,2],[5,3],[9,3],[3,4],[4,4],[13,4],[14,4],[4,5],[8,5],[1,6],[2,6],[3,6],[12,6],[2,7],[4,7],[12,7],[4,8],[13,8],[3,9],[10,9],[3,10],[4,10],[11,10],[2,11],[4,11],[5,11],[12,11],[13,11],[5,12],[5,13],[7,13],[8,13],[10,13],[12,13],[2,14],[4,14],[10,14],[11,14]]",44,"success","success",30,15,15,0,260,0,0.5,0.5
"2026-10-09T04:56:14.703Z","benchmark","benchmark-1791521774532","seeded-medium-7001","seeded-medium-7001",3,"dstar",15,15,3,7001,0.16,0.1956,"5,6","E","2,9","[[1,0],[9,0],[13,0],[7,1],[12,1],[3,2],[7,2],[5,3],[9,3],[3,4],[4,4],[13,4],[14,4],[4,5],[8,5],[1,6],[2,6],[3,6],[12,6],[2,7],[4,7],[12,7],[4,8],[13,8],[3,9],[10,9],[3,10],[4,10],[11,10],[2,11],[4,11],[5,11],[12,11],[13,11],[5,12],[5,13],[7,13],[8,13],[10,13],[12,13],[2,14],[4,14],[10,14],[11,14]]",44,"success","success",46,18,18,0,156,0.2,2.1,2.3
"2026-10-09T04:56:14.707Z","benchmark","benchmark-1791521774532","seeded-high-1701","seeded-high-1701",3,"dstar",15,15,3,1701,0.24,0.2578,"0,11","E","12,14","[[4,0],[5,0],[6,0],[12,0],[1,1],[4,1],[6,1],[7,1],[9,1],[0,2],[4,2],[5,2],[7,2],[9,3],[11,3],[13,3],[5,4],[7,4],[8,4],[10,4],[0,5],[4,5],[6,5],[1,6],[3,6],[7,6],[0,7],[3,7],[4,7],[5,7],[6,7],[8,7],[11,7],[13,7],[2,8],[5,8],[8,8],[2,9],[4,9],[6,9],[8,9],[7,10],[12,10],[3,11],[4,11],[6,11],[7,11],[1,12],[6,12],[12,12],[14,12],[6,13],[7,13],[8,13],[4,14],[9,14],[10,14],[11,14]]",58,"success","success",63,24,25,0,308,0.5,3.7,4.2
"2026-10-09T04:56:14.710Z","benchmark","benchmark-1791521774532","seeded-high-1701","seeded-high-1701",3,"astar",15,15,3,1701,0.24,0.2578,"0,11","E","12,14","[[4,0],[5,0],[6,0],[12,0],[1,1],[4,1],[6,1],[7,1],[9,1],[0,2],[4,2],[5,2],[7,2],[9,3],[11,3],[13,3],[5,4],[7,4],[8,4],[10,4],[0,5],[4,5],[6,5],[1,6],[3,6],[7,6],[0,7],[3,7],[4,7],[5,7],[6,7],[8,7],[11,7],[13,7],[2,8],[5,8],[8,8],[2,9],[4,9],[6,9],[8,9],[7,10],[12,10],[3,11],[4,11],[6,11],[7,11],[1,12],[6,12],[12,12],[14,12],[6,13],[7,13],[8,13],[4,14],[9,14],[10,14],[11,14]]",58,"success","success",65,24,25,0,1410,0,2.6,2.6
"2026-10-09T04:56:14.710Z","benchmark","benchmark-1791521774532","seeded-high-2718","seeded-high-2718",3,"astar",15,15,3,2718,0.24,0.2044,"9,8","S","3,8","[[7,0],[8,0],[9,0],[7,1],[2,2],[4,2],[14,2],[2,3],[8,3],[3,4],[4,4],[5,4],[7,4],[8,4],[9,4],[11,4],[12,4],[0,5],[1,5],[5,5],[8,5],[9,5],[0,6],[2,6],[6,6],[7,6],[14,6],[8,8],[0,9],[5,9],[7,9],[11,9],[8,10],[9,10],[11,10],[0,12],[3,12],[7,12],[8,12],[12,12],[13,12],[13,13],[5,14],[11,14],[12,14],[14,14]]",46,"success","success",8,3,4,0,55,0.1,0,0.1
"2026-10-09T04:56:14.711Z","benchmark","benchmark-1791521774532","seeded-high-2718","seeded-high-2718",3,"dstar",15,15,3,2718,0.24,0.2044,"9,8","S","3,8","[[7,0],[8,0],[9,0],[7,1],[2,2],[4,2],[14,2],[2,3],[8,3],[3,4],[4,4],[5,4],[7,4],[8,4],[9,4],[11,4],[12,4],[0,5],[1,5],[5,5],[8,5],[9,5],[0,6],[2,6],[6,6],[7,6],[14,6],[8,8],[0,9],[5,9],[7,9],[11,9],[8,10],[9,10],[11,10],[0,12],[3,12],[7,12],[8,12],[12,12],[13,12],[13,13],[5,14],[11,14],[12,14],[14,14]]",46,"success","success",8,3,4,0,25,0.1,0.3,0.4
"2026-10-09T04:56:14.711Z","benchmark","benchmark-1791521774532","seeded-high-3141","seeded-high-3141",3,"dstar",15,15,3,3141,0.24,0.2667,"0,11","E","12,14","[[4,0],[13,0],[14,0],[4,1],[9,1],[10,1],[11,1],[12,1],[0,2],[7,2],[9,2],[12,2],[13,2],[14,2],[8,3],[10,3],[3,4],[4,4],[1,5],[5,5],[8,5],[11,5],[13,5],[14,5],[4,6],[5,6],[6,6],[7,6],[9,6],[1,7],[9,7],[14,7],[3,8],[10,8],[14,8],[0,9],[1,9],[2,9],[4,9],[6,9],[7,9],[9,9],[12,9],[1,10],[2,10],[5,10],[7,10],[9,11],[11,11],[4,12],[8,12],[9,12],[13,12],[14,12],[1,13],[11,13],[3,14],[4,14],[7,14],[9,14]]",60,"success","success",17,2,2,0,65,0.5,0.2,0.7
"2026-10-09T04:56:14.712Z","benchmark","benchmark-1791521774532","seeded-high-3141","seeded-high-3141",3,"astar",15,15,3,3141,0.24,0.2667,"0,11","E","12,14","[[4,0],[13,0],[14,0],[4,1],[9,1],[10,1],[11,1],[12,1],[0,2],[7,2],[9,2],[12,2],[13,2],[14,2],[8,3],[10,3],[3,4],[4,4],[1,5],[5,5],[8,5],[11,5],[13,5],[14,5],[4,6],[5,6],[6,6],[7,6],[9,6],[1,7],[9,7],[14,7],[3,8],[10,8],[14,8],[0,9],[1,9],[2,9],[4,9],[6,9],[7,9],[9,9],[12,9],[1,10],[2,10],[5,10],[7,10],[9,11],[11,11],[4,12],[8,12],[9,12],[13,12],[14,12],[1,13],[11,13],[3,14],[4,14],[7,14],[9,14]]",60,"success","success",17,2,2,0,99,0.1,0.1,0.2
"2026-10-09T04:56:14.712Z","benchmark","benchmark-1791521774532","seeded-high-4207","seeded-high-4207",3,"astar",15,15,3,4207,0.24,0.2267,"7,7","W","10,1","[[0,0],[7,0],[10,0],[14,0],[5,1],[11,1],[13,1],[1,2],[8,2],[11,2],[13,2],[0,3],[3,3],[12,3],[14,3],[2,4],[7,4],[12,4],[14,4],[0,5],[1,5],[6,5],[10,5],[11,5],[1,6],[7,6],[12,6],[12,7],[14,7],[1,8],[6,8],[9,8],[10,8],[12,8],[14,8],[1,9],[5,9],[13,9],[0,10],[7,10],[8,10],[4,11],[5,11],[10,11],[0,12],[2,13],[3,14],[6,14],[11,14],[12,14],[14,14]]",51,"success","success",9,3,3,0,61,0.1,0,0.1
"2026-10-09T04:56:14.712Z","benchmark","benchmark-1791521774532","seeded-high-4207","seeded-high-4207",3,"dstar",15,15,3,4207,0.24,0.2267,"7,7","W","10,1","[[0,0],[7,0],[10,0],[14,0],[5,1],[11,1],[13,1],[1,2],[8,2],[11,2],[13,2],[0,3],[3,3],[12,3],[14,3],[2,4],[7,4],[12,4],[14,4],[0,5],[1,5],[6,5],[10,5],[11,5],[1,6],[7,6],[12,6],[12,7],[14,7],[1,8],[6,8],[9,8],[10,8],[12,8],[14,8],[1,9],[5,9],[13,9],[0,10],[7,10],[8,10],[4,11],[5,11],[10,11],[0,12],[2,13],[3,14],[6,14],[11,14],[12,14],[14,14]]",51,"success","success",9,3,3,0,30,0.4,0.1,0.5
"2026-10-09T04:56:14.714Z","benchmark","benchmark-1791521774532","seeded-high-5629","seeded-high-5629",3,"dstar",15,15,3,5629,0.24,0.2444,"1,4","E","1,10","[[3,0],[6,0],[12,0],[14,0],[1,1],[9,1],[9,2],[13,2],[0,3],[2,3],[3,3],[2,4],[3,4],[5,4],[12,4],[13,4],[14,4],[0,5],[1,5],[2,5],[7,5],[12,5],[13,5],[14,5],[6,6],[7,6],[8,6],[9,6],[10,6],[11,6],[12,6],[3,7],[4,7],[7,7],[11,7],[14,7],[3,8],[7,8],[9,9],[10,9],[11,9],[1,11],[14,11],[2,12],[12,12],[14,12],[1,13],[3,13],[6,13],[8,13],[12,13],[0,14],[3,14],[6,14],[14,14]]",55,"success","success",18,9,10,0,71,0.1,1.2,1.3
"2026-10-09T04:56:14.714Z","benchmark","benchmark-1791521774532","seeded-high-5629","seeded-high-5629",3,"astar",15,15,3,5629,0.24,0.2444,"1,4","E","1,10","[[3,0],[6,0],[12,0],[14,0],[1,1],[9,1],[9,2],[13,2],[0,3],[2,3],[3,3],[2,4],[3,4],[5,4],[12,4],[13,4],[14,4],[0,5],[1,5],[2,5],[7,5],[12,5],[13,5],[14,5],[6,6],[7,6],[8,6],[9,6],[10,6],[11,6],[12,6],[3,7],[4,7],[7,7],[11,7],[14,7],[3,8],[7,8],[9,9],[10,9],[11,9],[1,11],[14,11],[2,12],[12,12],[14,12],[1,13],[3,13],[6,13],[8,13],[12,13],[0,14],[3,14],[6,14],[14,14]]",55,"success","success",18,8,9,0,170,0,0.2,0.2
"2026-10-09T04:56:14.714Z","benchmark","benchmark-1791521774532","seeded-high-7001","seeded-high-7001",3,"astar",15,15,3,8010,0.24,0.3022,"3,5","S","9,2","[[0,0],[5,0],[7,0],[12,0],[13,0],[5,1],[0,2],[1,2],[2,2],[3,2],[5,2],[8,2],[0,3],[2,3],[8,3],[10,3],[13,3],[5,4],[6,4],[7,4],[9,4],[12,4],[4,5],[6,5],[8,5],[10,5],[13,5],[14,5],[7,6],[11,6],[14,6],[1,7],[2,7],[3,7],[9,7],[13,7],[1,8],[6,8],[8,8],[9,8],[11,8],[12,8],[4,9],[5,9],[10,9],[3,10],[6,10],[0,11],[12,11],[1,12],[5,12],[6,12],[7,12],[12,12],[14,12],[1,13],[3,13],[4,13],[5,13],[8,13],[9,13],[10,13],[11,13],[0,14],[2,14],[3,14],[8,14],[10,14]]",68,"success","success",15,8,9,0,123,0,0.2,0.2
"2026-10-09T04:56:14.715Z","benchmark","benchmark-1791521774532","seeded-high-7001","seeded-high-7001",3,"dstar",15,15,3,8010,0.24,0.3022,"3,5","S","9,2","[[0,0],[5,0],[7,0],[12,0],[13,0],[5,1],[0,2],[1,2],[2,2],[3,2],[5,2],[8,2],[0,3],[2,3],[8,3],[10,3],[13,3],[5,4],[6,4],[7,4],[9,4],[12,4],[4,5],[6,5],[8,5],[10,5],[13,5],[14,5],[7,6],[11,6],[14,6],[1,7],[2,7],[3,7],[9,7],[13,7],[1,8],[6,8],[8,8],[9,8],[11,8],[12,8],[4,9],[5,9],[10,9],[3,10],[6,10],[0,11],[12,11],[1,12],[5,12],[6,12],[7,12],[12,12],[14,12],[1,13],[3,13],[4,13],[5,13],[8,13],[9,13],[10,13],[11,13],[0,14],[2,14],[3,14],[8,14],[10,14]]",68,"success","success",17,8,9,0,61,0.4,0.5,0.9
"2026-10-09T04:56:14.716Z","benchmark","benchmark-1791521774532","open","open",4,"astar",15,15,3,"","",0,"1,12","E","13,2","[]",0,"success","success",22,0,0,0,142,0.6,0,0.6
"2026-10-09T04:56:14.718Z","benchmark","benchmark-1791521774532","open","open",4,"dstar",15,15,3,"","",0,"1,12","E","13,2","[]",0,"success","success",22,0,0,0,143,1.6,0,1.6
"2026-10-09T04:56:14.718Z","benchmark","benchmark-1791521774532","blocker","blocker",4,"dstar",15,15,3,"","",0.0044,"1,7","E","13,7","[[7,7]]",1,"success","success",14,1,1,0,42,0.1,0.4,0.5
"2026-10-09T04:56:14.718Z","benchmark","benchmark-1791521774532","blocker","blocker",4,"astar",15,15,3,"","",0.0044,"1,7","E","13,7","[[7,7]]",1,"success","success",14,1,1,0,41,0,0,0
"2026-10-09T04:56:14.720Z","benchmark","benchmark-1791521774532","detour","detour",4,"astar",15,15,3,"","",0.0622,"1,7","E","13,7","[[7,0],[7,1],[7,2],[7,4],[7,5],[7,6],[7,7],[7,8],[7,9],[7,10],[7,11],[7,12],[7,13],[7,14]]",14,"success","success",36,11,11,0,453,0.1,1.3,1.4
"2026-10-09T04:56:14.721Z","benchmark","benchmark-1791521774532","detour","detour",4,"dstar",15,15,3,"","",0.0622,"1,7","E","13,7","[[7,0],[7,1],[7,2],[7,4],[7,5],[7,6],[7,7],[7,8],[7,9],[7,10],[7,11],[7,12],[7,13],[7,14]]",14,"success","success",20,4,4,0,96,0.1,1,1.1
"2026-10-09T04:56:14.724Z","benchmark","benchmark-1791521774532","corridor","corridor",4,"dstar",15,15,3,"","",0.1244,"1,12","E","13,3","[[4,0],[10,0],[4,1],[10,1],[4,2],[10,2],[4,3],[4,4],[10,4],[4,5],[10,5],[4,6],[10,6],[4,7],[10,7],[4,8],[10,8],[4,9],[10,9],[4,10],[10,10],[4,11],[10,11],[10,12],[4,13],[10,13],[4,14],[10,14]]",28,"success","success",45,12,12,0,249,1.4,1.6,3
"2026-10-09T04:56:14.726Z","benchmark","benchmark-1791521774532","corridor","corridor",4,"astar",15,15,3,"","",0.1244,"1,12","E","13,3","[[4,0],[10,0],[4,1],[10,1],[4,2],[10,2],[4,3],[4,4],[10,4],[4,5],[10,5],[4,6],[10,6],[4,7],[10,7],[4,8],[10,8],[4,9],[10,9],[4,10],[10,10],[4,11],[10,11],[10,12],[4,13],[10,13],[4,14],[10,14]]",28,"success","success",41,10,10,0,782,0.2,1.6,1.8
"2026-10-09T04:56:14.728Z","benchmark","benchmark-1791521774532","maze","maze",4,"astar",15,15,3,"","",0.1867,"1,13","E","13,1","[[3,0],[7,0],[11,0],[7,1],[3,2],[7,2],[11,2],[3,3],[7,3],[11,3],[3,4],[7,4],[11,4],[3,5],[7,5],[11,5],[3,6],[7,6],[11,6],[3,7],[7,7],[11,7],[3,8],[7,8],[11,8],[3,9],[7,9],[11,9],[3,10],[7,10],[11,10],[3,11],[7,11],[11,11],[3,12],[7,12],[11,12],[3,13],[11,13],[3,14],[7,14],[11,14]]",42,"success","success",50,13,14,0,907,0.4,1.7,2.1
"2026-10-09T04:56:14.732Z","benchmark","benchmark-1791521774532","maze","maze",4,"dstar",15,15,3,"","",0.1867,"1,13","E","13,1","[[3,0],[7,0],[11,0],[7,1],[3,2],[7,2],[11,2],[3,3],[7,3],[11,3],[3,4],[7,4],[11,4],[3,5],[7,5],[11,5],[3,6],[7,6],[11,6],[3,7],[7,7],[11,7],[3,8],[7,8],[11,8],[3,9],[7,9],[11,9],[3,10],[7,10],[11,10],[3,11],[7,11],[11,11],[3,12],[7,12],[11,12],[3,13],[11,13],[3,14],[7,14],[11,14]]",42,"success","success",50,13,14,0,261,1.8,1.4,3.2
"2026-10-09T04:56:14.735Z","benchmark","benchmark-1791521774532","no-route","no-route",4,"dstar",15,15,3,"","",0.0667,"1,7","E","13,7","[[7,0],[7,1],[7,2],[7,3],[7,4],[7,5],[7,6],[7,7],[7,8],[7,9],[7,10],[7,11],[7,12],[7,13],[7,14]]",15,"no_route","no_route",26,15,15,0,267,0.1,3.4,3.5
"2026-10-09T04:56:14.737Z","benchmark","benchmark-1791521774532","no-route","no-route",4,"astar",15,15,3,"","",0.0667,"1,7","E","13,7","[[7,0],[7,1],[7,2],[7,3],[7,4],[7,5],[7,6],[7,7],[7,8],[7,9],[7,10],[7,11],[7,12],[7,13],[7,14]]",15,"no_route","no_route",28,15,15,0,726,0.1,1.5,1.6
"2026-10-09T04:56:14.737Z","benchmark","benchmark-1791521774532","seeded-low-1701","seeded-low-1701",4,"astar",15,15,3,1701,0.08,0.0711,"0,11","E","12,14","[[1,1],[4,2],[7,2],[7,4],[8,4],[0,7],[4,9],[12,10],[3,11],[7,11],[1,12],[12,12],[14,12],[7,13],[10,14],[11,14]]",16,"success","success",15,2,3,0,54,0.1,0,0.1
"2026-10-09T04:56:14.738Z","benchmark","benchmark-1791521774532","seeded-low-1701","seeded-low-1701",4,"dstar",15,15,3,1701,0.08,0.0711,"0,11","E","12,14","[[1,1],[4,2],[7,2],[7,4],[8,4],[0,7],[4,9],[12,10],[3,11],[7,11],[1,12],[12,12],[14,12],[7,13],[10,14],[11,14]]",16,"success","success",15,2,3,0,53,0.8,0.2,1
"2026-10-09T04:56:14.738Z","benchmark","benchmark-1791521774532","seeded-low-2718","seeded-low-2718",4,"dstar",15,15,3,2718,0.08,0.0711,"9,8","S","3,8","[[2,2],[2,3],[5,4],[9,4],[12,4],[0,5],[1,5],[2,6],[6,6],[0,9],[11,9],[8,12],[5,14],[11,14],[12,14],[14,14]]",16,"success","success",6,0,0,0,7,0.1,0,0.1
"2026-10-09T04:56:14.738Z","benchmark","benchmark-1791521774532","seeded-low-2718","seeded-low-2718",4,"astar",15,15,3,2718,0.08,0.0711,"9,8","S","3,8","[[2,2],[2,3],[5,4],[9,4],[12,4],[0,5],[1,5],[2,6],[6,6],[0,9],[11,9],[8,12],[5,14],[11,14],[12,14],[14,14]]",16,"success","success",6,0,0,0,6,0.1,0,0.1
"2026-10-09T04:56:14.739Z","benchmark","benchmark-1791521774532","seeded-low-3141","seeded-low-3141",4,"astar",15,15,3,3141,0.08,0.1156,"0,11","E","12,14","[[13,0],[14,0],[4,1],[12,2],[8,3],[4,4],[8,5],[11,5],[4,6],[6,6],[9,6],[9,7],[14,7],[10,8],[14,8],[2,9],[7,9],[9,9],[12,9],[2,10],[4,12],[8,12],[9,12],[13,12],[3,14],[4,14]]",26,"success","success",15,0,0,0,51,0.2,0,0.2
"2026-10-09T04:56:14.740Z","benchmark","benchmark-1791521774532","seeded-low-3141","seeded-low-3141",4,"dstar",15,15,3,3141,0.08,0.1156,"0,11","E","12,14","[[13,0],[14,0],[4,1],[12,2],[8,3],[4,4],[8,5],[11,5],[4,6],[6,6],[9,6],[9,7],[14,7],[10,8],[14,8],[2,9],[7,9],[9,9],[12,9],[2,10],[4,12],[8,12],[9,12],[13,12],[3,14],[4,14]]",26,"success","success",15,0,0,0,52,0.7,0,0.7
"2026-10-09T04:56:14.740Z","benchmark","benchmark-1791521774532","seeded-low-4207","seeded-low-4207",4,"dstar",15,15,3,4207,0.08,0.08,"7,7","W","10,1","[[7,0],[14,0],[1,2],[8,2],[13,2],[2,4],[12,4],[0,5],[1,5],[6,5],[11,5],[1,6],[12,6],[12,7],[1,8],[0,10],[0,12],[2,13]]",18,"success","success",9,1,1,0,28,0.4,0,0.4
"2026-10-09T04:56:14.740Z","benchmark","benchmark-1791521774532","seeded-low-4207","seeded-low-4207",4,"astar",15,15,3,4207,0.08,0.08,"7,7","W","10,1","[[7,0],[14,0],[1,2],[8,2],[13,2],[2,4],[12,4],[0,5],[1,5],[6,5],[11,5],[1,6],[12,6],[12,7],[1,8],[0,10],[0,12],[2,13]]",18,"success","success",9,1,1,0,38,0.2,0,0.2
"2026-10-09T04:56:14.740Z","benchmark","benchmark-1791521774532","seeded-low-5629","seeded-low-5629",4,"astar",15,15,3,5629,0.08,0.0667,"1,4","E","1,10","[[3,4],[5,4],[14,4],[2,5],[13,5],[7,6],[9,6],[12,6],[4,7],[11,7],[14,7],[1,11],[2,12],[14,12],[8,13]]",15,"success","success",6,1,2,0,8,0,0,0
"2026-10-09T04:56:14.740Z","benchmark","benchmark-1791521774532","seeded-low-5629","seeded-low-5629",4,"dstar",15,15,3,5629,0.08,0.0667,"1,4","E","1,10","[[3,4],[5,4],[14,4],[2,5],[13,5],[7,6],[9,6],[12,6],[4,7],[11,7],[14,7],[1,11],[2,12],[14,12],[8,13]]",15,"success","success",6,1,2,0,7,0,0,0
"2026-10-09T04:56:14.741Z","benchmark","benchmark-1791521774532","seeded-low-7001","seeded-low-7001",4,"dstar",15,15,3,7001,0.08,0.1111,"5,6","E","2,9","[[1,0],[9,0],[3,2],[7,2],[5,3],[3,4],[4,4],[13,4],[14,4],[4,5],[8,5],[2,6],[12,7],[13,8],[3,9],[10,9],[3,10],[2,11],[5,11],[12,11],[5,12],[8,13],[12,13],[10,14],[11,14]]",25,"success","success",8,3,3,0,26,0.2,0.2,0.4
"2026-10-09T04:56:14.741Z","benchmark","benchmark-1791521774532","seeded-low-7001","seeded-low-7001",4,"astar",15,15,3,7001,0.08,0.1111,"5,6","E","2,9","[[1,0],[9,0],[3,2],[7,2],[5,3],[3,4],[4,4],[13,4],[14,4],[4,5],[8,5],[2,6],[12,7],[13,8],[3,9],[10,9],[3,10],[2,11],[5,11],[12,11],[5,12],[8,13],[12,13],[10,14],[11,14]]",25,"success","success",8,3,3,0,34,0.1,0.1,0.2
"2026-10-09T04:56:14.741Z","benchmark","benchmark-1791521774532","seeded-medium-1701","seeded-medium-1701",4,"astar",15,15,3,1701,0.16,0.1689,"0,11","E","12,14","[[4,0],[6,0],[12,0],[1,1],[4,1],[9,1],[4,2],[5,2],[7,2],[9,3],[13,3],[5,4],[7,4],[8,4],[0,5],[3,6],[0,7],[5,7],[6,7],[2,8],[4,9],[8,9],[7,10],[12,10],[3,11],[4,11],[6,11],[7,11],[1,12],[6,12],[12,12],[14,12],[6,13],[7,13],[8,13],[4,14],[10,14],[11,14]]",38,"success","success",17,3,4,0,82,0.3,0.1,0.4
"2026-10-09T04:56:14.743Z","benchmark","benchmark-1791521774532","seeded-medium-1701","seeded-medium-1701",4,"dstar",15,15,3,1701,0.16,0.1689,"0,11","E","12,14","[[4,0],[6,0],[12,0],[1,1],[4,1],[9,1],[4,2],[5,2],[7,2],[9,3],[13,3],[5,4],[7,4],[8,4],[0,5],[3,6],[0,7],[5,7],[6,7],[2,8],[4,9],[8,9],[7,10],[12,10],[3,11],[4,11],[6,11],[7,11],[1,12],[6,12],[12,12],[14,12],[6,13],[7,13],[8,13],[4,14],[10,14],[11,14]]",38,"success","success",17,5,6,0,64,0.8,0.4,1.2
"2026-10-09T04:56:14.743Z","benchmark","benchmark-1791521774532","seeded-medium-2718","seeded-medium-2718",4,"dstar",15,15,3,2718,0.16,0.1467,"9,8","S","3,8","[[7,0],[9,0],[2,2],[4,2],[2,3],[4,4],[5,4],[7,4],[8,4],[9,4],[12,4],[0,5],[1,5],[5,5],[8,5],[9,5],[0,6],[2,6],[6,6],[8,8],[0,9],[5,9],[7,9],[11,9],[7,12],[8,12],[12,12],[13,12],[13,13],[5,14],[11,14],[12,14],[14,14]]",33,"success","success",8,3,3,0,25,0.1,0.4,0.5
"2026-10-09T04:56:14.743Z","benchmark","benchmark-1791521774532","seeded-medium-2718","seeded-medium-2718",4,"astar",15,15,3,2718,0.16,0.1467,"9,8","S","3,8","[[7,0],[9,0],[2,2],[4,2],[2,3],[4,4],[5,4],[7,4],[8,4],[9,4],[12,4],[0,5],[1,5],[5,5],[8,5],[9,5],[0,6],[2,6],[6,6],[8,8],[0,9],[5,9],[7,9],[11,9],[7,12],[8,12],[12,12],[13,12],[13,13],[5,14],[11,14],[12,14],[14,14]]",33,"success","success",8,3,3,0,55,0.1,0.1,0.2
"2026-10-09T04:56:14.744Z","benchmark","benchmark-1791521774532","seeded-medium-3141","seeded-medium-3141",4,"astar",15,15,3,3141,0.16,0.1956,"0,11","E","12,14","[[4,0],[13,0],[14,0],[4,1],[10,1],[11,1],[12,1],[7,2],[12,2],[8,3],[10,3],[4,4],[5,5],[8,5],[11,5],[13,5],[14,5],[4,6],[5,6],[6,6],[7,6],[9,6],[1,7],[9,7],[14,7],[10,8],[14,8],[2,9],[4,9],[7,9],[9,9],[12,9],[2,10],[9,11],[4,12],[8,12],[9,12],[13,12],[14,12],[11,13],[3,14],[4,14],[7,14],[9,14]]",44,"success","success",17,2,2,0,99,0.2,0.1,0.3
"2026-10-09T04:56:14.745Z","benchmark","benchmark-1791521774532","seeded-medium-3141","seeded-medium-3141",4,"dstar",15,15,3,3141,0.16,0.1956,"0,11","E","12,14","[[4,0],[13,0],[14,0],[4,1],[10,1],[11,1],[12,1],[7,2],[12,2],[8,3],[10,3],[4,4],[5,5],[8,5],[11,5],[13,5],[14,5],[4,6],[5,6],[6,6],[7,6],[9,6],[1,7],[9,7],[14,7],[10,8],[14,8],[2,9],[4,9],[7,9],[9,9],[12,9],[2,10],[9,11],[4,12],[8,12],[9,12],[13,12],[14,12],[11,13],[3,14],[4,14],[7,14],[9,14]]",44,"success","success",17,2,2,0,65,0.8,0.2,1
"2026-10-09T04:56:14.745Z","benchmark","benchmark-1791521774532","seeded-medium-4207","seeded-medium-4207",4,"dstar",15,15,3,4207,0.16,0.1556,"7,7","W","10,1","[[0,0],[7,0],[14,0],[5,1],[1,2],[8,2],[11,2],[13,2],[12,3],[14,3],[2,4],[7,4],[12,4],[14,4],[0,5],[1,5],[6,5],[11,5],[1,6],[12,6],[12,7],[14,7],[1,8],[6,8],[9,8],[10,8],[12,8],[14,8],[5,9],[0,10],[7,10],[4,11],[5,11],[0,12],[2,13]]",35,"success","success",9,2,2,0,30,0.3,0,0.3
"2026-10-09T04:56:14.745Z","benchmark","benchmark-1791521774532","seeded-medium-4207","seeded-medium-4207",4,"astar",15,15,3,4207,0.16,0.1556,"7,7","W","10,1","[[0,0],[7,0],[14,0],[5,1],[1,2],[8,2],[11,2],[13,2],[12,3],[14,3],[2,4],[7,4],[12,4],[14,4],[0,5],[1,5],[6,5],[11,5],[1,6],[12,6],[12,7],[14,7],[1,8],[6,8],[9,8],[10,8],[12,8],[14,8],[5,9],[0,10],[7,10],[4,11],[5,11],[0,12],[2,13]]",35,"success","success",9,2,2,0,62,0,0.1,0.1
"2026-10-09T04:56:14.745Z","benchmark","benchmark-1791521774532","seeded-medium-5629","seeded-medium-5629",4,"astar",15,15,3,5629,0.16,0.1644,"1,4","E","1,10","[[12,0],[14,0],[1,1],[9,1],[9,2],[13,2],[0,3],[2,3],[3,3],[2,4],[3,4],[5,4],[12,4],[14,4],[2,5],[13,5],[14,5],[6,6],[7,6],[8,6],[9,6],[11,6],[12,6],[3,7],[4,7],[11,7],[14,7],[10,9],[1,11],[2,12],[12,12],[14,12],[1,13],[3,13],[8,13],[0,14],[14,14]]",37,"success","success",6,1,2,0,8,0,0,0
"2026-10-09T04:56:14.746Z","benchmark","benchmark-1791521774532","seeded-medium-5629","seeded-medium-5629",4,"dstar",15,15,3,5629,0.16,0.1644,"1,4","E","1,10","[[12,0],[14,0],[1,1],[9,1],[9,2],[13,2],[0,3],[2,3],[3,3],[2,4],[3,4],[5,4],[12,4],[14,4],[2,5],[13,5],[14,5],[6,6],[7,6],[8,6],[9,6],[11,6],[12,6],[3,7],[4,7],[11,7],[14,7],[10,9],[1,11],[2,12],[12,12],[14,12],[1,13],[3,13],[8,13],[0,14],[14,14]]",37,"success","success",6,1,2,0,7,0.1,0,0.1
"2026-10-09T04:56:14.748Z","benchmark","benchmark-1791521774532","seeded-medium-7001","seeded-medium-7001",4,"dstar",15,15,3,7001,0.16,0.1956,"5,6","E","2,9","[[1,0],[9,0],[13,0],[7,1],[12,1],[3,2],[7,2],[5,3],[9,3],[3,4],[4,4],[13,4],[14,4],[4,5],[8,5],[1,6],[2,6],[3,6],[12,6],[2,7],[4,7],[12,7],[4,8],[13,8],[3,9],[10,9],[3,10],[4,10],[11,10],[2,11],[4,11],[5,11],[12,11],[13,11],[5,12],[5,13],[7,13],[8,13],[10,13],[12,13],[2,14],[4,14],[10,14],[11,14]]",44,"success","success",46,18,18,0,156,0.1,2.1,2.2
"2026-10-09T04:56:14.749Z","benchmark","benchmark-1791521774532","seeded-medium-7001","seeded-medium-7001",4,"astar",15,15,3,7001,0.16,0.1956,"5,6","E","2,9","[[1,0],[9,0],[13,0],[7,1],[12,1],[3,2],[7,2],[5,3],[9,3],[3,4],[4,4],[13,4],[14,4],[4,5],[8,5],[1,6],[2,6],[3,6],[12,6],[2,7],[4,7],[12,7],[4,8],[13,8],[3,9],[10,9],[3,10],[4,10],[11,10],[2,11],[4,11],[5,11],[12,11],[13,11],[5,12],[5,13],[7,13],[8,13],[10,13],[12,13],[2,14],[4,14],[10,14],[11,14]]",44,"success","success",30,15,15,0,260,0,0.4,0.4
"2026-10-09T04:56:14.753Z","benchmark","benchmark-1791521774532","seeded-high-1701","seeded-high-1701",4,"astar",15,15,3,1701,0.24,0.2578,"0,11","E","12,14","[[4,0],[5,0],[6,0],[12,0],[1,1],[4,1],[6,1],[7,1],[9,1],[0,2],[4,2],[5,2],[7,2],[9,3],[11,3],[13,3],[5,4],[7,4],[8,4],[10,4],[0,5],[4,5],[6,5],[1,6],[3,6],[7,6],[0,7],[3,7],[4,7],[5,7],[6,7],[8,7],[11,7],[13,7],[2,8],[5,8],[8,8],[2,9],[4,9],[6,9],[8,9],[7,10],[12,10],[3,11],[4,11],[6,11],[7,11],[1,12],[6,12],[12,12],[14,12],[6,13],[7,13],[8,13],[4,14],[9,14],[10,14],[11,14]]",58,"success","success",65,24,25,0,1410,0.1,4.1,4.2
"2026-10-09T04:56:14.759Z","benchmark","benchmark-1791521774532","seeded-high-1701","seeded-high-1701",4,"dstar",15,15,3,1701,0.24,0.2578,"0,11","E","12,14","[[4,0],[5,0],[6,0],[12,0],[1,1],[4,1],[6,1],[7,1],[9,1],[0,2],[4,2],[5,2],[7,2],[9,3],[11,3],[13,3],[5,4],[7,4],[8,4],[10,4],[0,5],[4,5],[6,5],[1,6],[3,6],[7,6],[0,7],[3,7],[4,7],[5,7],[6,7],[8,7],[11,7],[13,7],[2,8],[5,8],[8,8],[2,9],[4,9],[6,9],[8,9],[7,10],[12,10],[3,11],[4,11],[6,11],[7,11],[1,12],[6,12],[12,12],[14,12],[6,13],[7,13],[8,13],[4,14],[9,14],[10,14],[11,14]]",58,"success","success",63,24,25,0,308,0.7,5.6,6.3
"2026-10-09T04:56:14.760Z","benchmark","benchmark-1791521774532","seeded-high-2718","seeded-high-2718",4,"dstar",15,15,3,2718,0.24,0.2044,"9,8","S","3,8","[[7,0],[8,0],[9,0],[7,1],[2,2],[4,2],[14,2],[2,3],[8,3],[3,4],[4,4],[5,4],[7,4],[8,4],[9,4],[11,4],[12,4],[0,5],[1,5],[5,5],[8,5],[9,5],[0,6],[2,6],[6,6],[7,6],[14,6],[8,8],[0,9],[5,9],[7,9],[11,9],[8,10],[9,10],[11,10],[0,12],[3,12],[7,12],[8,12],[12,12],[13,12],[13,13],[5,14],[11,14],[12,14],[14,14]]",46,"success","success",8,3,4,0,25,0.2,0.3,0.5
"2026-10-09T04:56:14.760Z","benchmark","benchmark-1791521774532","seeded-high-2718","seeded-high-2718",4,"astar",15,15,3,2718,0.24,0.2044,"9,8","S","3,8","[[7,0],[8,0],[9,0],[7,1],[2,2],[4,2],[14,2],[2,3],[8,3],[3,4],[4,4],[5,4],[7,4],[8,4],[9,4],[11,4],[12,4],[0,5],[1,5],[5,5],[8,5],[9,5],[0,6],[2,6],[6,6],[7,6],[14,6],[8,8],[0,9],[5,9],[7,9],[11,9],[8,10],[9,10],[11,10],[0,12],[3,12],[7,12],[8,12],[12,12],[13,12],[13,13],[5,14],[11,14],[12,14],[14,14]]",46,"success","success",8,3,4,0,55,0,0.3,0.3
"2026-10-09T04:56:14.761Z","benchmark","benchmark-1791521774532","seeded-high-3141","seeded-high-3141",4,"astar",15,15,3,3141,0.24,0.2667,"0,11","E","12,14","[[4,0],[13,0],[14,0],[4,1],[9,1],[10,1],[11,1],[12,1],[0,2],[7,2],[9,2],[12,2],[13,2],[14,2],[8,3],[10,3],[3,4],[4,4],[1,5],[5,5],[8,5],[11,5],[13,5],[14,5],[4,6],[5,6],[6,6],[7,6],[9,6],[1,7],[9,7],[14,7],[3,8],[10,8],[14,8],[0,9],[1,9],[2,9],[4,9],[6,9],[7,9],[9,9],[12,9],[1,10],[2,10],[5,10],[7,10],[9,11],[11,11],[4,12],[8,12],[9,12],[13,12],[14,12],[1,13],[11,13],[3,14],[4,14],[7,14],[9,14]]",60,"success","success",17,2,2,0,99,0.1,0.1,0.2
"2026-10-09T04:56:14.762Z","benchmark","benchmark-1791521774532","seeded-high-3141","seeded-high-3141",4,"dstar",15,15,3,3141,0.24,0.2667,"0,11","E","12,14","[[4,0],[13,0],[14,0],[4,1],[9,1],[10,1],[11,1],[12,1],[0,2],[7,2],[9,2],[12,2],[13,2],[14,2],[8,3],[10,3],[3,4],[4,4],[1,5],[5,5],[8,5],[11,5],[13,5],[14,5],[4,6],[5,6],[6,6],[7,6],[9,6],[1,7],[9,7],[14,7],[3,8],[10,8],[14,8],[0,9],[1,9],[2,9],[4,9],[6,9],[7,9],[9,9],[12,9],[1,10],[2,10],[5,10],[7,10],[9,11],[11,11],[4,12],[8,12],[9,12],[13,12],[14,12],[1,13],[11,13],[3,14],[4,14],[7,14],[9,14]]",60,"success","success",17,2,2,0,65,0.7,0.1,0.8
"2026-10-09T04:56:14.762Z","benchmark","benchmark-1791521774532","seeded-high-4207","seeded-high-4207",4,"dstar",15,15,3,4207,0.24,0.2267,"7,7","W","10,1","[[0,0],[7,0],[10,0],[14,0],[5,1],[11,1],[13,1],[1,2],[8,2],[11,2],[13,2],[0,3],[3,3],[12,3],[14,3],[2,4],[7,4],[12,4],[14,4],[0,5],[1,5],[6,5],[10,5],[11,5],[1,6],[7,6],[12,6],[12,7],[14,7],[1,8],[6,8],[9,8],[10,8],[12,8],[14,8],[1,9],[5,9],[13,9],[0,10],[7,10],[8,10],[4,11],[5,11],[10,11],[0,12],[2,13],[3,14],[6,14],[11,14],[12,14],[14,14]]",51,"success","success",9,3,3,0,30,0.3,0.1,0.4
"2026-10-09T04:56:14.762Z","benchmark","benchmark-1791521774532","seeded-high-4207","seeded-high-4207",4,"astar",15,15,3,4207,0.24,0.2267,"7,7","W","10,1","[[0,0],[7,0],[10,0],[14,0],[5,1],[11,1],[13,1],[1,2],[8,2],[11,2],[13,2],[0,3],[3,3],[12,3],[14,3],[2,4],[7,4],[12,4],[14,4],[0,5],[1,5],[6,5],[10,5],[11,5],[1,6],[7,6],[12,6],[12,7],[14,7],[1,8],[6,8],[9,8],[10,8],[12,8],[14,8],[1,9],[5,9],[13,9],[0,10],[7,10],[8,10],[4,11],[5,11],[10,11],[0,12],[2,13],[3,14],[6,14],[11,14],[12,14],[14,14]]",51,"success","success",9,3,3,0,61,0.1,0,0.1
"2026-10-09T04:56:14.763Z","benchmark","benchmark-1791521774532","seeded-high-5629","seeded-high-5629",4,"astar",15,15,3,5629,0.24,0.2444,"1,4","E","1,10","[[3,0],[6,0],[12,0],[14,0],[1,1],[9,1],[9,2],[13,2],[0,3],[2,3],[3,3],[2,4],[3,4],[5,4],[12,4],[13,4],[14,4],[0,5],[1,5],[2,5],[7,5],[12,5],[13,5],[14,5],[6,6],[7,6],[8,6],[9,6],[10,6],[11,6],[12,6],[3,7],[4,7],[7,7],[11,7],[14,7],[3,8],[7,8],[9,9],[10,9],[11,9],[1,11],[14,11],[2,12],[12,12],[14,12],[1,13],[3,13],[6,13],[8,13],[12,13],[0,14],[3,14],[6,14],[14,14]]",55,"success","success",18,8,9,0,170,0,0.2,0.2
"2026-10-09T04:56:14.764Z","benchmark","benchmark-1791521774532","seeded-high-5629","seeded-high-5629",4,"dstar",15,15,3,5629,0.24,0.2444,"1,4","E","1,10","[[3,0],[6,0],[12,0],[14,0],[1,1],[9,1],[9,2],[13,2],[0,3],[2,3],[3,3],[2,4],[3,4],[5,4],[12,4],[13,4],[14,4],[0,5],[1,5],[2,5],[7,5],[12,5],[13,5],[14,5],[6,6],[7,6],[8,6],[9,6],[10,6],[11,6],[12,6],[3,7],[4,7],[7,7],[11,7],[14,7],[3,8],[7,8],[9,9],[10,9],[11,9],[1,11],[14,11],[2,12],[12,12],[14,12],[1,13],[3,13],[6,13],[8,13],[12,13],[0,14],[3,14],[6,14],[14,14]]",55,"success","success",18,9,10,0,71,0.1,0.9,1
"2026-10-09T04:56:14.765Z","benchmark","benchmark-1791521774532","seeded-high-7001","seeded-high-7001",4,"dstar",15,15,3,8010,0.24,0.3022,"3,5","S","9,2","[[0,0],[5,0],[7,0],[12,0],[13,0],[5,1],[0,2],[1,2],[2,2],[3,2],[5,2],[8,2],[0,3],[2,3],[8,3],[10,3],[13,3],[5,4],[6,4],[7,4],[9,4],[12,4],[4,5],[6,5],[8,5],[10,5],[13,5],[14,5],[7,6],[11,6],[14,6],[1,7],[2,7],[3,7],[9,7],[13,7],[1,8],[6,8],[8,8],[9,8],[11,8],[12,8],[4,9],[5,9],[10,9],[3,10],[6,10],[0,11],[12,11],[1,12],[5,12],[6,12],[7,12],[12,12],[14,12],[1,13],[3,13],[4,13],[5,13],[8,13],[9,13],[10,13],[11,13],[0,14],[2,14],[3,14],[8,14],[10,14]]",68,"success","success",17,8,9,0,61,0.3,0.4,0.7
"2026-10-09T04:56:14.765Z","benchmark","benchmark-1791521774532","seeded-high-7001","seeded-high-7001",4,"astar",15,15,3,8010,0.24,0.3022,"3,5","S","9,2","[[0,0],[5,0],[7,0],[12,0],[13,0],[5,1],[0,2],[1,2],[2,2],[3,2],[5,2],[8,2],[0,3],[2,3],[8,3],[10,3],[13,3],[5,4],[6,4],[7,4],[9,4],[12,4],[4,5],[6,5],[8,5],[10,5],[13,5],[14,5],[7,6],[11,6],[14,6],[1,7],[2,7],[3,7],[9,7],[13,7],[1,8],[6,8],[8,8],[9,8],[11,8],[12,8],[4,9],[5,9],[10,9],[3,10],[6,10],[0,11],[12,11],[1,12],[5,12],[6,12],[7,12],[12,12],[14,12],[1,13],[3,13],[4,13],[5,13],[8,13],[9,13],[10,13],[11,13],[0,14],[2,14],[3,14],[8,14],[10,14]]",68,"success","success",15,8,9,0,123,0,0.2,0.2
"2026-10-09T04:56:14.766Z","benchmark","benchmark-1791521774532","open","open",5,"dstar",15,15,3,"","",0,"1,12","E","13,2","[]",0,"success","success",22,0,0,0,143,1.3,0,1.3
"2026-10-09T04:56:14.767Z","benchmark","benchmark-1791521774532","open","open",5,"astar",15,15,3,"","",0,"1,12","E","13,2","[]",0,"success","success",22,0,0,0,142,0.3,0,0.3
"2026-10-09T04:56:14.767Z","benchmark","benchmark-1791521774532","blocker","blocker",5,"astar",15,15,3,"","",0.0044,"1,7","E","13,7","[[7,7]]",1,"success","success",14,1,1,0,41,0,0.1,0.1
"2026-10-09T04:56:14.767Z","benchmark","benchmark-1791521774532","blocker","blocker",5,"dstar",15,15,3,"","",0.0044,"1,7","E","13,7","[[7,7]]",1,"success","success",14,1,1,0,42,0.2,0.4,0.6
"2026-10-09T04:56:14.769Z","benchmark","benchmark-1791521774532","detour","detour",5,"dstar",15,15,3,"","",0.0622,"1,7","E","13,7","[[7,0],[7,1],[7,2],[7,4],[7,5],[7,6],[7,7],[7,8],[7,9],[7,10],[7,11],[7,12],[7,13],[7,14]]",14,"success","success",20,4,4,0,96,0.1,1,1.1
"2026-10-09T04:56:14.770Z","benchmark","benchmark-1791521774532","detour","detour",5,"astar",15,15,3,"","",0.0622,"1,7","E","13,7","[[7,0],[7,1],[7,2],[7,4],[7,5],[7,6],[7,7],[7,8],[7,9],[7,10],[7,11],[7,12],[7,13],[7,14]]",14,"success","success",36,11,11,0,453,0,1.8,1.8
"2026-10-09T04:56:14.773Z","benchmark","benchmark-1791521774532","corridor","corridor",5,"astar",15,15,3,"","",0.1244,"1,12","E","13,3","[[4,0],[10,0],[4,1],[10,1],[4,2],[10,2],[4,3],[4,4],[10,4],[4,5],[10,5],[4,6],[10,6],[4,7],[10,7],[4,8],[10,8],[4,9],[10,9],[4,10],[10,10],[4,11],[10,11],[10,12],[4,13],[10,13],[4,14],[10,14]]",28,"success","success",41,10,10,0,782,0.4,2.3,2.7
"2026-10-09T04:56:14.777Z","benchmark","benchmark-1791521774532","corridor","corridor",5,"dstar",15,15,3,"","",0.1244,"1,12","E","13,3","[[4,0],[10,0],[4,1],[10,1],[4,2],[10,2],[4,3],[4,4],[10,4],[4,5],[10,5],[4,6],[10,6],[4,7],[10,7],[4,8],[10,8],[4,9],[10,9],[4,10],[10,10],[4,11],[10,11],[10,12],[4,13],[10,13],[4,14],[10,14]]",28,"success","success",45,12,12,0,249,2,2,4
"2026-10-09T04:56:14.781Z","benchmark","benchmark-1791521774532","maze","maze",5,"dstar",15,15,3,"","",0.1867,"1,13","E","13,1","[[3,0],[7,0],[11,0],[7,1],[3,2],[7,2],[11,2],[3,3],[7,3],[11,3],[3,4],[7,4],[11,4],[3,5],[7,5],[11,5],[3,6],[7,6],[11,6],[3,7],[7,7],[11,7],[3,8],[7,8],[11,8],[3,9],[7,9],[11,9],[3,10],[7,10],[11,10],[3,11],[7,11],[11,11],[3,12],[7,12],[11,12],[3,13],[11,13],[3,14],[7,14],[11,14]]",42,"success","success",50,13,14,0,261,2.1,1.6,3.7
"2026-10-09T04:56:14.784Z","benchmark","benchmark-1791521774532","maze","maze",5,"astar",15,15,3,"","",0.1867,"1,13","E","13,1","[[3,0],[7,0],[11,0],[7,1],[3,2],[7,2],[11,2],[3,3],[7,3],[11,3],[3,4],[7,4],[11,4],[3,5],[7,5],[11,5],[3,6],[7,6],[11,6],[3,7],[7,7],[11,7],[3,8],[7,8],[11,8],[3,9],[7,9],[11,9],[3,10],[7,10],[11,10],[3,11],[7,11],[11,11],[3,12],[7,12],[11,12],[3,13],[11,13],[3,14],[7,14],[11,14]]",42,"success","success",50,13,14,0,907,0.5,2,2.5
"2026-10-09T04:56:14.785Z","benchmark","benchmark-1791521774532","no-route","no-route",5,"astar",15,15,3,"","",0.0667,"1,7","E","13,7","[[7,0],[7,1],[7,2],[7,3],[7,4],[7,5],[7,6],[7,7],[7,8],[7,9],[7,10],[7,11],[7,12],[7,13],[7,14]]",15,"no_route","no_route",28,15,15,0,726,0,1.3,1.3
"2026-10-09T04:56:14.789Z","benchmark","benchmark-1791521774532","no-route","no-route",5,"dstar",15,15,3,"","",0.0667,"1,7","E","13,7","[[7,0],[7,1],[7,2],[7,3],[7,4],[7,5],[7,6],[7,7],[7,8],[7,9],[7,10],[7,11],[7,12],[7,13],[7,14]]",15,"no_route","no_route",26,15,15,0,267,0.1,3.3,3.4
"2026-10-09T04:56:14.789Z","benchmark","benchmark-1791521774532","seeded-low-1701","seeded-low-1701",5,"dstar",15,15,3,1701,0.08,0.0711,"0,11","E","12,14","[[1,1],[4,2],[7,2],[7,4],[8,4],[0,7],[4,9],[12,10],[3,11],[7,11],[1,12],[12,12],[14,12],[7,13],[10,14],[11,14]]",16,"success","success",15,2,3,0,53,0.4,0.1,0.5
"2026-10-09T04:56:14.789Z","benchmark","benchmark-1791521774532","seeded-low-1701","seeded-low-1701",5,"astar",15,15,3,1701,0.08,0.0711,"0,11","E","12,14","[[1,1],[4,2],[7,2],[7,4],[8,4],[0,7],[4,9],[12,10],[3,11],[7,11],[1,12],[12,12],[14,12],[7,13],[10,14],[11,14]]",16,"success","success",15,2,3,0,54,0.1,0,0.1
"2026-10-09T04:56:14.789Z","benchmark","benchmark-1791521774532","seeded-low-2718","seeded-low-2718",5,"astar",15,15,3,2718,0.08,0.0711,"9,8","S","3,8","[[2,2],[2,3],[5,4],[9,4],[12,4],[0,5],[1,5],[2,6],[6,6],[0,9],[11,9],[8,12],[5,14],[11,14],[12,14],[14,14]]",16,"success","success",6,0,0,0,6,0,0,0
"2026-10-09T04:56:14.789Z","benchmark","benchmark-1791521774532","seeded-low-2718","seeded-low-2718",5,"dstar",15,15,3,2718,0.08,0.0711,"9,8","S","3,8","[[2,2],[2,3],[5,4],[9,4],[12,4],[0,5],[1,5],[2,6],[6,6],[0,9],[11,9],[8,12],[5,14],[11,14],[12,14],[14,14]]",16,"success","success",6,0,0,0,7,0.1,0,0.1
"2026-10-09T04:56:14.790Z","benchmark","benchmark-1791521774532","seeded-low-3141","seeded-low-3141",5,"dstar",15,15,3,3141,0.08,0.1156,"0,11","E","12,14","[[13,0],[14,0],[4,1],[12,2],[8,3],[4,4],[8,5],[11,5],[4,6],[6,6],[9,6],[9,7],[14,7],[10,8],[14,8],[2,9],[7,9],[9,9],[12,9],[2,10],[4,12],[8,12],[9,12],[13,12],[3,14],[4,14]]",26,"success","success",15,0,0,0,52,0.5,0,0.5
"2026-10-09T04:56:14.790Z","benchmark","benchmark-1791521774532","seeded-low-3141","seeded-low-3141",5,"astar",15,15,3,3141,0.08,0.1156,"0,11","E","12,14","[[13,0],[14,0],[4,1],[12,2],[8,3],[4,4],[8,5],[11,5],[4,6],[6,6],[9,6],[9,7],[14,7],[10,8],[14,8],[2,9],[7,9],[9,9],[12,9],[2,10],[4,12],[8,12],[9,12],[13,12],[3,14],[4,14]]",26,"success","success",15,0,0,0,51,0.1,0,0.1
"2026-10-09T04:56:14.790Z","benchmark","benchmark-1791521774532","seeded-low-4207","seeded-low-4207",5,"astar",15,15,3,4207,0.08,0.08,"7,7","W","10,1","[[7,0],[14,0],[1,2],[8,2],[13,2],[2,4],[12,4],[0,5],[1,5],[6,5],[11,5],[1,6],[12,6],[12,7],[1,8],[0,10],[0,12],[2,13]]",18,"success","success",9,1,1,0,38,0,0.2,0.2
"2026-10-09T04:56:14.791Z","benchmark","benchmark-1791521774532","seeded-low-4207","seeded-low-4207",5,"dstar",15,15,3,4207,0.08,0.08,"7,7","W","10,1","[[7,0],[14,0],[1,2],[8,2],[13,2],[2,4],[12,4],[0,5],[1,5],[6,5],[11,5],[1,6],[12,6],[12,7],[1,8],[0,10],[0,12],[2,13]]",18,"success","success",9,1,1,0,28,0.3,0,0.3
"2026-10-09T04:56:14.791Z","benchmark","benchmark-1791521774532","seeded-low-5629","seeded-low-5629",5,"dstar",15,15,3,5629,0.08,0.0667,"1,4","E","1,10","[[3,4],[5,4],[14,4],[2,5],[13,5],[7,6],[9,6],[12,6],[4,7],[11,7],[14,7],[1,11],[2,12],[14,12],[8,13]]",15,"success","success",6,1,2,0,7,0.1,0,0.1
"2026-10-09T04:56:14.791Z","benchmark","benchmark-1791521774532","seeded-low-5629","seeded-low-5629",5,"astar",15,15,3,5629,0.08,0.0667,"1,4","E","1,10","[[3,4],[5,4],[14,4],[2,5],[13,5],[7,6],[9,6],[12,6],[4,7],[11,7],[14,7],[1,11],[2,12],[14,12],[8,13]]",15,"success","success",6,1,2,0,8,0,0,0
"2026-10-09T04:56:14.791Z","benchmark","benchmark-1791521774532","seeded-low-7001","seeded-low-7001",5,"astar",15,15,3,7001,0.08,0.1111,"5,6","E","2,9","[[1,0],[9,0],[3,2],[7,2],[5,3],[3,4],[4,4],[13,4],[14,4],[4,5],[8,5],[2,6],[12,7],[13,8],[3,9],[10,9],[3,10],[2,11],[5,11],[12,11],[5,12],[8,13],[12,13],[10,14],[11,14]]",25,"success","success",8,3,3,0,34,0,0.1,0.1
"2026-10-09T04:56:14.791Z","benchmark","benchmark-1791521774532","seeded-low-7001","seeded-low-7001",5,"dstar",15,15,3,7001,0.08,0.1111,"5,6","E","2,9","[[1,0],[9,0],[3,2],[7,2],[5,3],[3,4],[4,4],[13,4],[14,4],[4,5],[8,5],[2,6],[12,7],[13,8],[3,9],[10,9],[3,10],[2,11],[5,11],[12,11],[5,12],[8,13],[12,13],[10,14],[11,14]]",25,"success","success",8,3,3,0,26,0.1,0.2,0.3
"2026-10-09T04:56:14.793Z","benchmark","benchmark-1791521774532","seeded-medium-1701","seeded-medium-1701",5,"dstar",15,15,3,1701,0.16,0.1689,"0,11","E","12,14","[[4,0],[6,0],[12,0],[1,1],[4,1],[9,1],[4,2],[5,2],[7,2],[9,3],[13,3],[5,4],[7,4],[8,4],[0,5],[3,6],[0,7],[5,7],[6,7],[2,8],[4,9],[8,9],[7,10],[12,10],[3,11],[4,11],[6,11],[7,11],[1,12],[6,12],[12,12],[14,12],[6,13],[7,13],[8,13],[4,14],[10,14],[11,14]]",38,"success","success",17,5,6,0,64,0.9,0.7,1.6
"2026-10-09T04:56:14.793Z","benchmark","benchmark-1791521774532","seeded-medium-1701","seeded-medium-1701",5,"astar",15,15,3,1701,0.16,0.1689,"0,11","E","12,14","[[4,0],[6,0],[12,0],[1,1],[4,1],[9,1],[4,2],[5,2],[7,2],[9,3],[13,3],[5,4],[7,4],[8,4],[0,5],[3,6],[0,7],[5,7],[6,7],[2,8],[4,9],[8,9],[7,10],[12,10],[3,11],[4,11],[6,11],[7,11],[1,12],[6,12],[12,12],[14,12],[6,13],[7,13],[8,13],[4,14],[10,14],[11,14]]",38,"success","success",17,3,4,0,82,0.3,0.1,0.4
"2026-10-09T04:56:14.793Z","benchmark","benchmark-1791521774532","seeded-medium-2718","seeded-medium-2718",5,"astar",15,15,3,2718,0.16,0.1467,"9,8","S","3,8","[[7,0],[9,0],[2,2],[4,2],[2,3],[4,4],[5,4],[7,4],[8,4],[9,4],[12,4],[0,5],[1,5],[5,5],[8,5],[9,5],[0,6],[2,6],[6,6],[8,8],[0,9],[5,9],[7,9],[11,9],[7,12],[8,12],[12,12],[13,12],[13,13],[5,14],[11,14],[12,14],[14,14]]",33,"success","success",8,3,3,0,55,0.1,0.1,0.2
"2026-10-09T04:56:14.794Z","benchmark","benchmark-1791521774532","seeded-medium-2718","seeded-medium-2718",5,"dstar",15,15,3,2718,0.16,0.1467,"9,8","S","3,8","[[7,0],[9,0],[2,2],[4,2],[2,3],[4,4],[5,4],[7,4],[8,4],[9,4],[12,4],[0,5],[1,5],[5,5],[8,5],[9,5],[0,6],[2,6],[6,6],[8,8],[0,9],[5,9],[7,9],[11,9],[7,12],[8,12],[12,12],[13,12],[13,13],[5,14],[11,14],[12,14],[14,14]]",33,"success","success",8,3,3,0,25,0.2,0.2,0.4
"2026-10-09T04:56:14.795Z","benchmark","benchmark-1791521774532","seeded-medium-3141","seeded-medium-3141",5,"dstar",15,15,3,3141,0.16,0.1956,"0,11","E","12,14","[[4,0],[13,0],[14,0],[4,1],[10,1],[11,1],[12,1],[7,2],[12,2],[8,3],[10,3],[4,4],[5,5],[8,5],[11,5],[13,5],[14,5],[4,6],[5,6],[6,6],[7,6],[9,6],[1,7],[9,7],[14,7],[10,8],[14,8],[2,9],[4,9],[7,9],[9,9],[12,9],[2,10],[9,11],[4,12],[8,12],[9,12],[13,12],[14,12],[11,13],[3,14],[4,14],[7,14],[9,14]]",44,"success","success",17,2,2,0,65,0.7,0.4,1.1
"2026-10-09T04:56:14.795Z","benchmark","benchmark-1791521774532","seeded-medium-3141","seeded-medium-3141",5,"astar",15,15,3,3141,0.16,0.1956,"0,11","E","12,14","[[4,0],[13,0],[14,0],[4,1],[10,1],[11,1],[12,1],[7,2],[12,2],[8,3],[10,3],[4,4],[5,5],[8,5],[11,5],[13,5],[14,5],[4,6],[5,6],[6,6],[7,6],[9,6],[1,7],[9,7],[14,7],[10,8],[14,8],[2,9],[4,9],[7,9],[9,9],[12,9],[2,10],[9,11],[4,12],[8,12],[9,12],[13,12],[14,12],[11,13],[3,14],[4,14],[7,14],[9,14]]",44,"success","success",17,2,2,0,99,0.2,0.1,0.3
"2026-10-09T04:56:14.795Z","benchmark","benchmark-1791521774532","seeded-medium-4207","seeded-medium-4207",5,"astar",15,15,3,4207,0.16,0.1556,"7,7","W","10,1","[[0,0],[7,0],[14,0],[5,1],[1,2],[8,2],[11,2],[13,2],[12,3],[14,3],[2,4],[7,4],[12,4],[14,4],[0,5],[1,5],[6,5],[11,5],[1,6],[12,6],[12,7],[14,7],[1,8],[6,8],[9,8],[10,8],[12,8],[14,8],[5,9],[0,10],[7,10],[4,11],[5,11],[0,12],[2,13]]",35,"success","success",9,2,2,0,62,0.1,0.2,0.3
"2026-10-09T04:56:14.796Z","benchmark","benchmark-1791521774532","seeded-medium-4207","seeded-medium-4207",5,"dstar",15,15,3,4207,0.16,0.1556,"7,7","W","10,1","[[0,0],[7,0],[14,0],[5,1],[1,2],[8,2],[11,2],[13,2],[12,3],[14,3],[2,4],[7,4],[12,4],[14,4],[0,5],[1,5],[6,5],[11,5],[1,6],[12,6],[12,7],[14,7],[1,8],[6,8],[9,8],[10,8],[12,8],[14,8],[5,9],[0,10],[7,10],[4,11],[5,11],[0,12],[2,13]]",35,"success","success",9,2,2,0,30,0.6,0,0.6
"2026-10-09T04:56:14.796Z","benchmark","benchmark-1791521774532","seeded-medium-5629","seeded-medium-5629",5,"dstar",15,15,3,5629,0.16,0.1644,"1,4","E","1,10","[[12,0],[14,0],[1,1],[9,1],[9,2],[13,2],[0,3],[2,3],[3,3],[2,4],[3,4],[5,4],[12,4],[14,4],[2,5],[13,5],[14,5],[6,6],[7,6],[8,6],[9,6],[11,6],[12,6],[3,7],[4,7],[11,7],[14,7],[10,9],[1,11],[2,12],[12,12],[14,12],[1,13],[3,13],[8,13],[0,14],[14,14]]",37,"success","success",6,1,2,0,7,0.1,0,0.1
"2026-10-09T04:56:14.796Z","benchmark","benchmark-1791521774532","seeded-medium-5629","seeded-medium-5629",5,"astar",15,15,3,5629,0.16,0.1644,"1,4","E","1,10","[[12,0],[14,0],[1,1],[9,1],[9,2],[13,2],[0,3],[2,3],[3,3],[2,4],[3,4],[5,4],[12,4],[14,4],[2,5],[13,5],[14,5],[6,6],[7,6],[8,6],[9,6],[11,6],[12,6],[3,7],[4,7],[11,7],[14,7],[10,9],[1,11],[2,12],[12,12],[14,12],[1,13],[3,13],[8,13],[0,14],[14,14]]",37,"success","success",6,1,2,0,8,0.1,0,0.1
"2026-10-09T04:56:14.797Z","benchmark","benchmark-1791521774532","seeded-medium-7001","seeded-medium-7001",5,"astar",15,15,3,7001,0.16,0.1956,"5,6","E","2,9","[[1,0],[9,0],[13,0],[7,1],[12,1],[3,2],[7,2],[5,3],[9,3],[3,4],[4,4],[13,4],[14,4],[4,5],[8,5],[1,6],[2,6],[3,6],[12,6],[2,7],[4,7],[12,7],[4,8],[13,8],[3,9],[10,9],[3,10],[4,10],[11,10],[2,11],[4,11],[5,11],[12,11],[13,11],[5,12],[5,13],[7,13],[8,13],[10,13],[12,13],[2,14],[4,14],[10,14],[11,14]]",44,"success","success",30,15,15,0,260,0,0.6,0.6
"2026-10-09T04:56:14.800Z","benchmark","benchmark-1791521774532","seeded-medium-7001","seeded-medium-7001",5,"dstar",15,15,3,7001,0.16,0.1956,"5,6","E","2,9","[[1,0],[9,0],[13,0],[7,1],[12,1],[3,2],[7,2],[5,3],[9,3],[3,4],[4,4],[13,4],[14,4],[4,5],[8,5],[1,6],[2,6],[3,6],[12,6],[2,7],[4,7],[12,7],[4,8],[13,8],[3,9],[10,9],[3,10],[4,10],[11,10],[2,11],[4,11],[5,11],[12,11],[13,11],[5,12],[5,13],[7,13],[8,13],[10,13],[12,13],[2,14],[4,14],[10,14],[11,14]]",44,"success","success",46,18,18,0,156,0.3,3.1,3.4
"2026-10-09T04:56:14.807Z","benchmark","benchmark-1791521774532","seeded-high-1701","seeded-high-1701",5,"dstar",15,15,3,1701,0.24,0.2578,"0,11","E","12,14","[[4,0],[5,0],[6,0],[12,0],[1,1],[4,1],[6,1],[7,1],[9,1],[0,2],[4,2],[5,2],[7,2],[9,3],[11,3],[13,3],[5,4],[7,4],[8,4],[10,4],[0,5],[4,5],[6,5],[1,6],[3,6],[7,6],[0,7],[3,7],[4,7],[5,7],[6,7],[8,7],[11,7],[13,7],[2,8],[5,8],[8,8],[2,9],[4,9],[6,9],[8,9],[7,10],[12,10],[3,11],[4,11],[6,11],[7,11],[1,12],[6,12],[12,12],[14,12],[6,13],[7,13],[8,13],[4,14],[9,14],[10,14],[11,14]]",58,"success","success",63,24,25,0,308,0.9,5.9,6.8
"2026-10-09T04:56:14.812Z","benchmark","benchmark-1791521774532","seeded-high-1701","seeded-high-1701",5,"astar",15,15,3,1701,0.24,0.2578,"0,11","E","12,14","[[4,0],[5,0],[6,0],[12,0],[1,1],[4,1],[6,1],[7,1],[9,1],[0,2],[4,2],[5,2],[7,2],[9,3],[11,3],[13,3],[5,4],[7,4],[8,4],[10,4],[0,5],[4,5],[6,5],[1,6],[3,6],[7,6],[0,7],[3,7],[4,7],[5,7],[6,7],[8,7],[11,7],[13,7],[2,8],[5,8],[8,8],[2,9],[4,9],[6,9],[8,9],[7,10],[12,10],[3,11],[4,11],[6,11],[7,11],[1,12],[6,12],[12,12],[14,12],[6,13],[7,13],[8,13],[4,14],[9,14],[10,14],[11,14]]",58,"success","success",65,24,25,0,1410,0.1,4.3,4.4
"2026-10-09T04:56:14.812Z","benchmark","benchmark-1791521774532","seeded-high-2718","seeded-high-2718",5,"astar",15,15,3,2718,0.24,0.2044,"9,8","S","3,8","[[7,0],[8,0],[9,0],[7,1],[2,2],[4,2],[14,2],[2,3],[8,3],[3,4],[4,4],[5,4],[7,4],[8,4],[9,4],[11,4],[12,4],[0,5],[1,5],[5,5],[8,5],[9,5],[0,6],[2,6],[6,6],[7,6],[14,6],[8,8],[0,9],[5,9],[7,9],[11,9],[8,10],[9,10],[11,10],[0,12],[3,12],[7,12],[8,12],[12,12],[13,12],[13,13],[5,14],[11,14],[12,14],[14,14]]",46,"success","success",8,3,4,0,55,0,0.2,0.2
"2026-10-09T04:56:14.813Z","benchmark","benchmark-1791521774532","seeded-high-2718","seeded-high-2718",5,"dstar",15,15,3,2718,0.24,0.2044,"9,8","S","3,8","[[7,0],[8,0],[9,0],[7,1],[2,2],[4,2],[14,2],[2,3],[8,3],[3,4],[4,4],[5,4],[7,4],[8,4],[9,4],[11,4],[12,4],[0,5],[1,5],[5,5],[8,5],[9,5],[0,6],[2,6],[6,6],[7,6],[14,6],[8,8],[0,9],[5,9],[7,9],[11,9],[8,10],[9,10],[11,10],[0,12],[3,12],[7,12],[8,12],[12,12],[13,12],[13,13],[5,14],[11,14],[12,14],[14,14]]",46,"success","success",8,3,4,0,25,0.1,0.3,0.4
"2026-10-09T04:56:14.814Z","benchmark","benchmark-1791521774532","seeded-high-3141","seeded-high-3141",5,"dstar",15,15,3,3141,0.24,0.2667,"0,11","E","12,14","[[4,0],[13,0],[14,0],[4,1],[9,1],[10,1],[11,1],[12,1],[0,2],[7,2],[9,2],[12,2],[13,2],[14,2],[8,3],[10,3],[3,4],[4,4],[1,5],[5,5],[8,5],[11,5],[13,5],[14,5],[4,6],[5,6],[6,6],[7,6],[9,6],[1,7],[9,7],[14,7],[3,8],[10,8],[14,8],[0,9],[1,9],[2,9],[4,9],[6,9],[7,9],[9,9],[12,9],[1,10],[2,10],[5,10],[7,10],[9,11],[11,11],[4,12],[8,12],[9,12],[13,12],[14,12],[1,13],[11,13],[3,14],[4,14],[7,14],[9,14]]",60,"success","success",17,2,2,0,65,1,0.2,1.2
"2026-10-09T04:56:14.815Z","benchmark","benchmark-1791521774532","seeded-high-3141","seeded-high-3141",5,"astar",15,15,3,3141,0.24,0.2667,"0,11","E","12,14","[[4,0],[13,0],[14,0],[4,1],[9,1],[10,1],[11,1],[12,1],[0,2],[7,2],[9,2],[12,2],[13,2],[14,2],[8,3],[10,3],[3,4],[4,4],[1,5],[5,5],[8,5],[11,5],[13,5],[14,5],[4,6],[5,6],[6,6],[7,6],[9,6],[1,7],[9,7],[14,7],[3,8],[10,8],[14,8],[0,9],[1,9],[2,9],[4,9],[6,9],[7,9],[9,9],[12,9],[1,10],[2,10],[5,10],[7,10],[9,11],[11,11],[4,12],[8,12],[9,12],[13,12],[14,12],[1,13],[11,13],[3,14],[4,14],[7,14],[9,14]]",60,"success","success",17,2,2,0,99,0.1,0.1,0.2
"2026-10-09T04:56:14.815Z","benchmark","benchmark-1791521774532","seeded-high-4207","seeded-high-4207",5,"astar",15,15,3,4207,0.24,0.2267,"7,7","W","10,1","[[0,0],[7,0],[10,0],[14,0],[5,1],[11,1],[13,1],[1,2],[8,2],[11,2],[13,2],[0,3],[3,3],[12,3],[14,3],[2,4],[7,4],[12,4],[14,4],[0,5],[1,5],[6,5],[10,5],[11,5],[1,6],[7,6],[12,6],[12,7],[14,7],[1,8],[6,8],[9,8],[10,8],[12,8],[14,8],[1,9],[5,9],[13,9],[0,10],[7,10],[8,10],[4,11],[5,11],[10,11],[0,12],[2,13],[3,14],[6,14],[11,14],[12,14],[14,14]]",51,"success","success",9,3,3,0,61,0,0.2,0.2
"2026-10-09T04:56:14.816Z","benchmark","benchmark-1791521774532","seeded-high-4207","seeded-high-4207",5,"dstar",15,15,3,4207,0.24,0.2267,"7,7","W","10,1","[[0,0],[7,0],[10,0],[14,0],[5,1],[11,1],[13,1],[1,2],[8,2],[11,2],[13,2],[0,3],[3,3],[12,3],[14,3],[2,4],[7,4],[12,4],[14,4],[0,5],[1,5],[6,5],[10,5],[11,5],[1,6],[7,6],[12,6],[12,7],[14,7],[1,8],[6,8],[9,8],[10,8],[12,8],[14,8],[1,9],[5,9],[13,9],[0,10],[7,10],[8,10],[4,11],[5,11],[10,11],[0,12],[2,13],[3,14],[6,14],[11,14],[12,14],[14,14]]",51,"success","success",9,3,3,0,30,0.4,0.2,0.6
"2026-10-09T04:56:14.817Z","benchmark","benchmark-1791521774532","seeded-high-5629","seeded-high-5629",5,"dstar",15,15,3,5629,0.24,0.2444,"1,4","E","1,10","[[3,0],[6,0],[12,0],[14,0],[1,1],[9,1],[9,2],[13,2],[0,3],[2,3],[3,3],[2,4],[3,4],[5,4],[12,4],[13,4],[14,4],[0,5],[1,5],[2,5],[7,5],[12,5],[13,5],[14,5],[6,6],[7,6],[8,6],[9,6],[10,6],[11,6],[12,6],[3,7],[4,7],[7,7],[11,7],[14,7],[3,8],[7,8],[9,9],[10,9],[11,9],[1,11],[14,11],[2,12],[12,12],[14,12],[1,13],[3,13],[6,13],[8,13],[12,13],[0,14],[3,14],[6,14],[14,14]]",55,"success","success",18,9,10,0,71,0.1,1.3,1.4
"2026-10-09T04:56:14.818Z","benchmark","benchmark-1791521774532","seeded-high-5629","seeded-high-5629",5,"astar",15,15,3,5629,0.24,0.2444,"1,4","E","1,10","[[3,0],[6,0],[12,0],[14,0],[1,1],[9,1],[9,2],[13,2],[0,3],[2,3],[3,3],[2,4],[3,4],[5,4],[12,4],[13,4],[14,4],[0,5],[1,5],[2,5],[7,5],[12,5],[13,5],[14,5],[6,6],[7,6],[8,6],[9,6],[10,6],[11,6],[12,6],[3,7],[4,7],[7,7],[11,7],[14,7],[3,8],[7,8],[9,9],[10,9],[11,9],[1,11],[14,11],[2,12],[12,12],[14,12],[1,13],[3,13],[6,13],[8,13],[12,13],[0,14],[3,14],[6,14],[14,14]]",55,"success","success",18,8,9,0,170,0.1,0.5,0.6
"2026-10-09T04:56:14.818Z","benchmark","benchmark-1791521774532","seeded-high-7001","seeded-high-7001",5,"astar",15,15,3,8010,0.24,0.3022,"3,5","S","9,2","[[0,0],[5,0],[7,0],[12,0],[13,0],[5,1],[0,2],[1,2],[2,2],[3,2],[5,2],[8,2],[0,3],[2,3],[8,3],[10,3],[13,3],[5,4],[6,4],[7,4],[9,4],[12,4],[4,5],[6,5],[8,5],[10,5],[13,5],[14,5],[7,6],[11,6],[14,6],[1,7],[2,7],[3,7],[9,7],[13,7],[1,8],[6,8],[8,8],[9,8],[11,8],[12,8],[4,9],[5,9],[10,9],[3,10],[6,10],[0,11],[12,11],[1,12],[5,12],[6,12],[7,12],[12,12],[14,12],[1,13],[3,13],[4,13],[5,13],[8,13],[9,13],[10,13],[11,13],[0,14],[2,14],[3,14],[8,14],[10,14]]",68,"success","success",15,8,9,0,123,0.1,0.3,0.4
"2026-10-09T04:56:14.820Z","benchmark","benchmark-1791521774532","seeded-high-7001","seeded-high-7001",5,"dstar",15,15,3,8010,0.24,0.3022,"3,5","S","9,2","[[0,0],[5,0],[7,0],[12,0],[13,0],[5,1],[0,2],[1,2],[2,2],[3,2],[5,2],[8,2],[0,3],[2,3],[8,3],[10,3],[13,3],[5,4],[6,4],[7,4],[9,4],[12,4],[4,5],[6,5],[8,5],[10,5],[13,5],[14,5],[7,6],[11,6],[14,6],[1,7],[2,7],[3,7],[9,7],[13,7],[1,8],[6,8],[8,8],[9,8],[11,8],[12,8],[4,9],[5,9],[10,9],[3,10],[6,10],[0,11],[12,11],[1,12],[5,12],[6,12],[7,12],[12,12],[14,12],[1,13],[3,13],[4,13],[5,13],[8,13],[9,13],[10,13],[11,13],[0,14],[2,14],[3,14],[8,14],[10,14]]",68,"success","success",17,8,9,0,61,0.5,0.9,1.4
"2026-10-09T04:56:14.820Z","benchmark","benchmark-1791521774532","open","open",6,"astar",15,15,3,"","",0,"1,12","E","13,2","[]",0,"success","success",22,0,0,0,142,0.6,0,0.6
"2026-10-09T04:56:14.822Z","benchmark","benchmark-1791521774532","open","open",6,"dstar",15,15,3,"","",0,"1,12","E","13,2","[]",0,"success","success",22,0,0,0,143,1.6,0,1.6
"2026-10-09T04:56:14.822Z","benchmark","benchmark-1791521774532","blocker","blocker",6,"dstar",15,15,3,"","",0.0044,"1,7","E","13,7","[[7,7]]",1,"success","success",14,1,1,0,42,0.2,0.3,0.5
"2026-10-09T04:56:14.823Z","benchmark","benchmark-1791521774532","blocker","blocker",6,"astar",15,15,3,"","",0.0044,"1,7","E","13,7","[[7,7]]",1,"success","success",14,1,1,0,41,0.1,0.2,0.3
"2026-10-09T04:56:14.831Z","benchmark","benchmark-1791521774532","detour","detour",6,"astar",15,15,3,"","",0.0622,"1,7","E","13,7","[[7,0],[7,1],[7,2],[7,4],[7,5],[7,6],[7,7],[7,8],[7,9],[7,10],[7,11],[7,12],[7,13],[7,14]]",14,"success","success",36,11,11,0,453,0.2,7.3,7.5
"2026-10-09T04:56:14.832Z","benchmark","benchmark-1791521774532","detour","detour",6,"dstar",15,15,3,"","",0.0622,"1,7","E","13,7","[[7,0],[7,1],[7,2],[7,4],[7,5],[7,6],[7,7],[7,8],[7,9],[7,10],[7,11],[7,12],[7,13],[7,14]]",14,"success","success",20,4,4,0,96,0.1,1.2,1.3
"2026-10-09T04:56:14.835Z","benchmark","benchmark-1791521774532","corridor","corridor",6,"dstar",15,15,3,"","",0.1244,"1,12","E","13,3","[[4,0],[10,0],[4,1],[10,1],[4,2],[10,2],[4,3],[4,4],[10,4],[4,5],[10,5],[4,6],[10,6],[4,7],[10,7],[4,8],[10,8],[4,9],[10,9],[4,10],[10,10],[4,11],[10,11],[10,12],[4,13],[10,13],[4,14],[10,14]]",28,"success","success",45,12,12,0,249,1.2,1.8,3
"2026-10-09T04:56:14.837Z","benchmark","benchmark-1791521774532","corridor","corridor",6,"astar",15,15,3,"","",0.1244,"1,12","E","13,3","[[4,0],[10,0],[4,1],[10,1],[4,2],[10,2],[4,3],[4,4],[10,4],[4,5],[10,5],[4,6],[10,6],[4,7],[10,7],[4,8],[10,8],[4,9],[10,9],[4,10],[10,10],[4,11],[10,11],[10,12],[4,13],[10,13],[4,14],[10,14]]",28,"success","success",41,10,10,0,782,0.3,1.1,1.4
"2026-10-09T04:56:14.839Z","benchmark","benchmark-1791521774532","maze","maze",6,"astar",15,15,3,"","",0.1867,"1,13","E","13,1","[[3,0],[7,0],[11,0],[7,1],[3,2],[7,2],[11,2],[3,3],[7,3],[11,3],[3,4],[7,4],[11,4],[3,5],[7,5],[11,5],[3,6],[7,6],[11,6],[3,7],[7,7],[11,7],[3,8],[7,8],[11,8],[3,9],[7,9],[11,9],[3,10],[7,10],[11,10],[3,11],[7,11],[11,11],[3,12],[7,12],[11,12],[3,13],[11,13],[3,14],[7,14],[11,14]]",42,"success","success",50,13,14,0,907,0.3,2,2.3
"2026-10-09T04:56:14.845Z","benchmark","benchmark-1791521774532","maze","maze",6,"dstar",15,15,3,"","",0.1867,"1,13","E","13,1","[[3,0],[7,0],[11,0],[7,1],[3,2],[7,2],[11,2],[3,3],[7,3],[11,3],[3,4],[7,4],[11,4],[3,5],[7,5],[11,5],[3,6],[7,6],[11,6],[3,7],[7,7],[11,7],[3,8],[7,8],[11,8],[3,9],[7,9],[11,9],[3,10],[7,10],[11,10],[3,11],[7,11],[11,11],[3,12],[7,12],[11,12],[3,13],[11,13],[3,14],[7,14],[11,14]]",42,"success","success",50,13,14,0,261,3.2,3.3,6.5
"2026-10-09T04:56:14.849Z","benchmark","benchmark-1791521774532","no-route","no-route",6,"dstar",15,15,3,"","",0.0667,"1,7","E","13,7","[[7,0],[7,1],[7,2],[7,3],[7,4],[7,5],[7,6],[7,7],[7,8],[7,9],[7,10],[7,11],[7,12],[7,13],[7,14]]",15,"no_route","no_route",26,15,15,0,267,0.3,3.2,3.5
"2026-10-09T04:56:14.850Z","benchmark","benchmark-1791521774532","no-route","no-route",6,"astar",15,15,3,"","",0.0667,"1,7","E","13,7","[[7,0],[7,1],[7,2],[7,3],[7,4],[7,5],[7,6],[7,7],[7,8],[7,9],[7,10],[7,11],[7,12],[7,13],[7,14]]",15,"no_route","no_route",28,15,15,0,726,0.1,1.1,1.2
"2026-10-09T04:56:14.850Z","benchmark","benchmark-1791521774532","seeded-low-1701","seeded-low-1701",6,"astar",15,15,3,1701,0.08,0.0711,"0,11","E","12,14","[[1,1],[4,2],[7,2],[7,4],[8,4],[0,7],[4,9],[12,10],[3,11],[7,11],[1,12],[12,12],[14,12],[7,13],[10,14],[11,14]]",16,"success","success",15,2,3,0,54,0.1,0,0.1
"2026-10-09T04:56:14.851Z","benchmark","benchmark-1791521774532","seeded-low-1701","seeded-low-1701",6,"dstar",15,15,3,1701,0.08,0.0711,"0,11","E","12,14","[[1,1],[4,2],[7,2],[7,4],[8,4],[0,7],[4,9],[12,10],[3,11],[7,11],[1,12],[12,12],[14,12],[7,13],[10,14],[11,14]]",16,"success","success",15,2,3,0,53,0.6,0,0.6
"2026-10-09T04:56:14.851Z","benchmark","benchmark-1791521774532","seeded-low-2718","seeded-low-2718",6,"dstar",15,15,3,2718,0.08,0.0711,"9,8","S","3,8","[[2,2],[2,3],[5,4],[9,4],[12,4],[0,5],[1,5],[2,6],[6,6],[0,9],[11,9],[8,12],[5,14],[11,14],[12,14],[14,14]]",16,"success","success",6,0,0,0,7,0.1,0,0.1
"2026-10-09T04:56:14.851Z","benchmark","benchmark-1791521774532","seeded-low-2718","seeded-low-2718",6,"astar",15,15,3,2718,0.08,0.0711,"9,8","S","3,8","[[2,2],[2,3],[5,4],[9,4],[12,4],[0,5],[1,5],[2,6],[6,6],[0,9],[11,9],[8,12],[5,14],[11,14],[12,14],[14,14]]",16,"success","success",6,0,0,0,6,0,0,0
"2026-10-09T04:56:14.851Z","benchmark","benchmark-1791521774532","seeded-low-3141","seeded-low-3141",6,"astar",15,15,3,3141,0.08,0.1156,"0,11","E","12,14","[[13,0],[14,0],[4,1],[12,2],[8,3],[4,4],[8,5],[11,5],[4,6],[6,6],[9,6],[9,7],[14,7],[10,8],[14,8],[2,9],[7,9],[9,9],[12,9],[2,10],[4,12],[8,12],[9,12],[13,12],[3,14],[4,14]]",26,"success","success",15,0,0,0,51,0,0,0
"2026-10-09T04:56:14.852Z","benchmark","benchmark-1791521774532","seeded-low-3141","seeded-low-3141",6,"dstar",15,15,3,3141,0.08,0.1156,"0,11","E","12,14","[[13,0],[14,0],[4,1],[12,2],[8,3],[4,4],[8,5],[11,5],[4,6],[6,6],[9,6],[9,7],[14,7],[10,8],[14,8],[2,9],[7,9],[9,9],[12,9],[2,10],[4,12],[8,12],[9,12],[13,12],[3,14],[4,14]]",26,"success","success",15,0,0,0,52,0.4,0,0.4
"2026-10-09T04:56:14.852Z","benchmark","benchmark-1791521774532","seeded-low-4207","seeded-low-4207",6,"dstar",15,15,3,4207,0.08,0.08,"7,7","W","10,1","[[7,0],[14,0],[1,2],[8,2],[13,2],[2,4],[12,4],[0,5],[1,5],[6,5],[11,5],[1,6],[12,6],[12,7],[1,8],[0,10],[0,12],[2,13]]",18,"success","success",9,1,1,0,28,0.9,0.1,1
"2026-10-09T04:56:14.853Z","benchmark","benchmark-1791521774532","seeded-low-4207","seeded-low-4207",6,"astar",15,15,3,4207,0.08,0.08,"7,7","W","10,1","[[7,0],[14,0],[1,2],[8,2],[13,2],[2,4],[12,4],[0,5],[1,5],[6,5],[11,5],[1,6],[12,6],[12,7],[1,8],[0,10],[0,12],[2,13]]",18,"success","success",9,1,1,0,38,0.1,0,0.1
"2026-10-09T04:56:14.853Z","benchmark","benchmark-1791521774532","seeded-low-5629","seeded-low-5629",6,"astar",15,15,3,5629,0.08,0.0667,"1,4","E","1,10","[[3,4],[5,4],[14,4],[2,5],[13,5],[7,6],[9,6],[12,6],[4,7],[11,7],[14,7],[1,11],[2,12],[14,12],[8,13]]",15,"success","success",6,1,2,0,8,0,0,0
"2026-10-09T04:56:14.853Z","benchmark","benchmark-1791521774532","seeded-low-5629","seeded-low-5629",6,"dstar",15,15,3,5629,0.08,0.0667,"1,4","E","1,10","[[3,4],[5,4],[14,4],[2,5],[13,5],[7,6],[9,6],[12,6],[4,7],[11,7],[14,7],[1,11],[2,12],[14,12],[8,13]]",15,"success","success",6,1,2,0,7,0.1,0.1,0.2
"2026-10-09T04:56:14.854Z","benchmark","benchmark-1791521774532","seeded-low-7001","seeded-low-7001",6,"dstar",15,15,3,7001,0.08,0.1111,"5,6","E","2,9","[[1,0],[9,0],[3,2],[7,2],[5,3],[3,4],[4,4],[13,4],[14,4],[4,5],[8,5],[2,6],[12,7],[13,8],[3,9],[10,9],[3,10],[2,11],[5,11],[12,11],[5,12],[8,13],[12,13],[10,14],[11,14]]",25,"success","success",8,3,3,0,26,0.3,0.4,0.7
"2026-10-09T04:56:14.854Z","benchmark","benchmark-1791521774532","seeded-low-7001","seeded-low-7001",6,"astar",15,15,3,7001,0.08,0.1111,"5,6","E","2,9","[[1,0],[9,0],[3,2],[7,2],[5,3],[3,4],[4,4],[13,4],[14,4],[4,5],[8,5],[2,6],[12,7],[13,8],[3,9],[10,9],[3,10],[2,11],[5,11],[12,11],[5,12],[8,13],[12,13],[10,14],[11,14]]",25,"success","success",8,3,3,0,34,0,0,0
"2026-10-09T04:56:14.854Z","benchmark","benchmark-1791521774532","seeded-medium-1701","seeded-medium-1701",6,"astar",15,15,3,1701,0.16,0.1689,"0,11","E","12,14","[[4,0],[6,0],[12,0],[1,1],[4,1],[9,1],[4,2],[5,2],[7,2],[9,3],[13,3],[5,4],[7,4],[8,4],[0,5],[3,6],[0,7],[5,7],[6,7],[2,8],[4,9],[8,9],[7,10],[12,10],[3,11],[4,11],[6,11],[7,11],[1,12],[6,12],[12,12],[14,12],[6,13],[7,13],[8,13],[4,14],[10,14],[11,14]]",38,"success","success",17,3,4,0,82,0.1,0.1,0.2
"2026-10-09T04:56:14.855Z","benchmark","benchmark-1791521774532","seeded-medium-1701","seeded-medium-1701",6,"dstar",15,15,3,1701,0.16,0.1689,"0,11","E","12,14","[[4,0],[6,0],[12,0],[1,1],[4,1],[9,1],[4,2],[5,2],[7,2],[9,3],[13,3],[5,4],[7,4],[8,4],[0,5],[3,6],[0,7],[5,7],[6,7],[2,8],[4,9],[8,9],[7,10],[12,10],[3,11],[4,11],[6,11],[7,11],[1,12],[6,12],[12,12],[14,12],[6,13],[7,13],[8,13],[4,14],[10,14],[11,14]]",38,"success","success",17,5,6,0,64,0.6,0.2,0.8
"2026-10-09T04:56:14.856Z","benchmark","benchmark-1791521774532","seeded-medium-2718","seeded-medium-2718",6,"dstar",15,15,3,2718,0.16,0.1467,"9,8","S","3,8","[[7,0],[9,0],[2,2],[4,2],[2,3],[4,4],[5,4],[7,4],[8,4],[9,4],[12,4],[0,5],[1,5],[5,5],[8,5],[9,5],[0,6],[2,6],[6,6],[8,8],[0,9],[5,9],[7,9],[11,9],[7,12],[8,12],[12,12],[13,12],[13,13],[5,14],[11,14],[12,14],[14,14]]",33,"success","success",8,3,3,0,25,0.2,0.3,0.5
"2026-10-09T04:56:14.856Z","benchmark","benchmark-1791521774532","seeded-medium-2718","seeded-medium-2718",6,"astar",15,15,3,2718,0.16,0.1467,"9,8","S","3,8","[[7,0],[9,0],[2,2],[4,2],[2,3],[4,4],[5,4],[7,4],[8,4],[9,4],[12,4],[0,5],[1,5],[5,5],[8,5],[9,5],[0,6],[2,6],[6,6],[8,8],[0,9],[5,9],[7,9],[11,9],[7,12],[8,12],[12,12],[13,12],[13,13],[5,14],[11,14],[12,14],[14,14]]",33,"success","success",8,3,3,0,55,0,0.1,0.1
"2026-10-09T04:56:14.856Z","benchmark","benchmark-1791521774532","seeded-medium-3141","seeded-medium-3141",6,"astar",15,15,3,3141,0.16,0.1956,"0,11","E","12,14","[[4,0],[13,0],[14,0],[4,1],[10,1],[11,1],[12,1],[7,2],[12,2],[8,3],[10,3],[4,4],[5,5],[8,5],[11,5],[13,5],[14,5],[4,6],[5,6],[6,6],[7,6],[9,6],[1,7],[9,7],[14,7],[10,8],[14,8],[2,9],[4,9],[7,9],[9,9],[12,9],[2,10],[9,11],[4,12],[8,12],[9,12],[13,12],[14,12],[11,13],[3,14],[4,14],[7,14],[9,14]]",44,"success","success",17,2,2,0,99,0.1,0.1,0.2
"2026-10-09T04:56:14.857Z","benchmark","benchmark-1791521774532","seeded-medium-3141","seeded-medium-3141",6,"dstar",15,15,3,3141,0.16,0.1956,"0,11","E","12,14","[[4,0],[13,0],[14,0],[4,1],[10,1],[11,1],[12,1],[7,2],[12,2],[8,3],[10,3],[4,4],[5,5],[8,5],[11,5],[13,5],[14,5],[4,6],[5,6],[6,6],[7,6],[9,6],[1,7],[9,7],[14,7],[10,8],[14,8],[2,9],[4,9],[7,9],[9,9],[12,9],[2,10],[9,11],[4,12],[8,12],[9,12],[13,12],[14,12],[11,13],[3,14],[4,14],[7,14],[9,14]]",44,"success","success",17,2,2,0,65,0.7,0.3,1
"2026-10-09T04:56:14.858Z","benchmark","benchmark-1791521774532","seeded-medium-4207","seeded-medium-4207",6,"dstar",15,15,3,4207,0.16,0.1556,"7,7","W","10,1","[[0,0],[7,0],[14,0],[5,1],[1,2],[8,2],[11,2],[13,2],[12,3],[14,3],[2,4],[7,4],[12,4],[14,4],[0,5],[1,5],[6,5],[11,5],[1,6],[12,6],[12,7],[14,7],[1,8],[6,8],[9,8],[10,8],[12,8],[14,8],[5,9],[0,10],[7,10],[4,11],[5,11],[0,12],[2,13]]",35,"success","success",9,2,2,0,30,0.6,0.2,0.8
"2026-10-09T04:56:14.858Z","benchmark","benchmark-1791521774532","seeded-medium-4207","seeded-medium-4207",6,"astar",15,15,3,4207,0.16,0.1556,"7,7","W","10,1","[[0,0],[7,0],[14,0],[5,1],[1,2],[8,2],[11,2],[13,2],[12,3],[14,3],[2,4],[7,4],[12,4],[14,4],[0,5],[1,5],[6,5],[11,5],[1,6],[12,6],[12,7],[14,7],[1,8],[6,8],[9,8],[10,8],[12,8],[14,8],[5,9],[0,10],[7,10],[4,11],[5,11],[0,12],[2,13]]",35,"success","success",9,2,2,0,62,0,0.1,0.1
"2026-10-09T04:56:14.858Z","benchmark","benchmark-1791521774532","seeded-medium-5629","seeded-medium-5629",6,"astar",15,15,3,5629,0.16,0.1644,"1,4","E","1,10","[[12,0],[14,0],[1,1],[9,1],[9,2],[13,2],[0,3],[2,3],[3,3],[2,4],[3,4],[5,4],[12,4],[14,4],[2,5],[13,5],[14,5],[6,6],[7,6],[8,6],[9,6],[11,6],[12,6],[3,7],[4,7],[11,7],[14,7],[10,9],[1,11],[2,12],[12,12],[14,12],[1,13],[3,13],[8,13],[0,14],[14,14]]",37,"success","success",6,1,2,0,8,0.1,0,0.1
"2026-10-09T04:56:14.858Z","benchmark","benchmark-1791521774532","seeded-medium-5629","seeded-medium-5629",6,"dstar",15,15,3,5629,0.16,0.1644,"1,4","E","1,10","[[12,0],[14,0],[1,1],[9,1],[9,2],[13,2],[0,3],[2,3],[3,3],[2,4],[3,4],[5,4],[12,4],[14,4],[2,5],[13,5],[14,5],[6,6],[7,6],[8,6],[9,6],[11,6],[12,6],[3,7],[4,7],[11,7],[14,7],[10,9],[1,11],[2,12],[12,12],[14,12],[1,13],[3,13],[8,13],[0,14],[14,14]]",37,"success","success",6,1,2,0,7,0.4,0,0.4
"2026-10-09T04:56:14.861Z","benchmark","benchmark-1791521774532","seeded-medium-7001","seeded-medium-7001",6,"dstar",15,15,3,7001,0.16,0.1956,"5,6","E","2,9","[[1,0],[9,0],[13,0],[7,1],[12,1],[3,2],[7,2],[5,3],[9,3],[3,4],[4,4],[13,4],[14,4],[4,5],[8,5],[1,6],[2,6],[3,6],[12,6],[2,7],[4,7],[12,7],[4,8],[13,8],[3,9],[10,9],[3,10],[4,10],[11,10],[2,11],[4,11],[5,11],[12,11],[13,11],[5,12],[5,13],[7,13],[8,13],[10,13],[12,13],[2,14],[4,14],[10,14],[11,14]]",44,"success","success",46,18,18,0,156,0.3,2.8,3.1
"2026-10-09T04:56:14.862Z","benchmark","benchmark-1791521774532","seeded-medium-7001","seeded-medium-7001",6,"astar",15,15,3,7001,0.16,0.1956,"5,6","E","2,9","[[1,0],[9,0],[13,0],[7,1],[12,1],[3,2],[7,2],[5,3],[9,3],[3,4],[4,4],[13,4],[14,4],[4,5],[8,5],[1,6],[2,6],[3,6],[12,6],[2,7],[4,7],[12,7],[4,8],[13,8],[3,9],[10,9],[3,10],[4,10],[11,10],[2,11],[4,11],[5,11],[12,11],[13,11],[5,12],[5,13],[7,13],[8,13],[10,13],[12,13],[2,14],[4,14],[10,14],[11,14]]",44,"success","success",30,15,15,0,260,0,0.5,0.5
"2026-10-09T04:56:14.866Z","benchmark","benchmark-1791521774532","seeded-high-1701","seeded-high-1701",6,"astar",15,15,3,1701,0.24,0.2578,"0,11","E","12,14","[[4,0],[5,0],[6,0],[12,0],[1,1],[4,1],[6,1],[7,1],[9,1],[0,2],[4,2],[5,2],[7,2],[9,3],[11,3],[13,3],[5,4],[7,4],[8,4],[10,4],[0,5],[4,5],[6,5],[1,6],[3,6],[7,6],[0,7],[3,7],[4,7],[5,7],[6,7],[8,7],[11,7],[13,7],[2,8],[5,8],[8,8],[2,9],[4,9],[6,9],[8,9],[7,10],[12,10],[3,11],[4,11],[6,11],[7,11],[1,12],[6,12],[12,12],[14,12],[6,13],[7,13],[8,13],[4,14],[9,14],[10,14],[11,14]]",58,"success","success",65,24,25,0,1410,0.1,3.4,3.5
"2026-10-09T04:56:14.872Z","benchmark","benchmark-1791521774532","seeded-high-1701","seeded-high-1701",6,"dstar",15,15,3,1701,0.24,0.2578,"0,11","E","12,14","[[4,0],[5,0],[6,0],[12,0],[1,1],[4,1],[6,1],[7,1],[9,1],[0,2],[4,2],[5,2],[7,2],[9,3],[11,3],[13,3],[5,4],[7,4],[8,4],[10,4],[0,5],[4,5],[6,5],[1,6],[3,6],[7,6],[0,7],[3,7],[4,7],[5,7],[6,7],[8,7],[11,7],[13,7],[2,8],[5,8],[8,8],[2,9],[4,9],[6,9],[8,9],[7,10],[12,10],[3,11],[4,11],[6,11],[7,11],[1,12],[6,12],[12,12],[14,12],[6,13],[7,13],[8,13],[4,14],[9,14],[10,14],[11,14]]",58,"success","success",63,24,25,0,308,0.5,5,5.5
"2026-10-09T04:56:14.872Z","benchmark","benchmark-1791521774532","seeded-high-2718","seeded-high-2718",6,"dstar",15,15,3,2718,0.24,0.2044,"9,8","S","3,8","[[7,0],[8,0],[9,0],[7,1],[2,2],[4,2],[14,2],[2,3],[8,3],[3,4],[4,4],[5,4],[7,4],[8,4],[9,4],[11,4],[12,4],[0,5],[1,5],[5,5],[8,5],[9,5],[0,6],[2,6],[6,6],[7,6],[14,6],[8,8],[0,9],[5,9],[7,9],[11,9],[8,10],[9,10],[11,10],[0,12],[3,12],[7,12],[8,12],[12,12],[13,12],[13,13],[5,14],[11,14],[12,14],[14,14]]",46,"success","success",8,3,4,0,25,0.1,0.2,0.3
"2026-10-09T04:56:14.872Z","benchmark","benchmark-1791521774532","seeded-high-2718","seeded-high-2718",6,"astar",15,15,3,2718,0.24,0.2044,"9,8","S","3,8","[[7,0],[8,0],[9,0],[7,1],[2,2],[4,2],[14,2],[2,3],[8,3],[3,4],[4,4],[5,4],[7,4],[8,4],[9,4],[11,4],[12,4],[0,5],[1,5],[5,5],[8,5],[9,5],[0,6],[2,6],[6,6],[7,6],[14,6],[8,8],[0,9],[5,9],[7,9],[11,9],[8,10],[9,10],[11,10],[0,12],[3,12],[7,12],[8,12],[12,12],[13,12],[13,13],[5,14],[11,14],[12,14],[14,14]]",46,"success","success",8,3,4,0,55,0,0.1,0.1
"2026-10-09T04:56:14.872Z","benchmark","benchmark-1791521774532","seeded-high-3141","seeded-high-3141",6,"astar",15,15,3,3141,0.24,0.2667,"0,11","E","12,14","[[4,0],[13,0],[14,0],[4,1],[9,1],[10,1],[11,1],[12,1],[0,2],[7,2],[9,2],[12,2],[13,2],[14,2],[8,3],[10,3],[3,4],[4,4],[1,5],[5,5],[8,5],[11,5],[13,5],[14,5],[4,6],[5,6],[6,6],[7,6],[9,6],[1,7],[9,7],[14,7],[3,8],[10,8],[14,8],[0,9],[1,9],[2,9],[4,9],[6,9],[7,9],[9,9],[12,9],[1,10],[2,10],[5,10],[7,10],[9,11],[11,11],[4,12],[8,12],[9,12],[13,12],[14,12],[1,13],[11,13],[3,14],[4,14],[7,14],[9,14]]",60,"success","success",17,2,2,0,99,0.2,0,0.2
"2026-10-09T04:56:14.873Z","benchmark","benchmark-1791521774532","seeded-high-3141","seeded-high-3141",6,"dstar",15,15,3,3141,0.24,0.2667,"0,11","E","12,14","[[4,0],[13,0],[14,0],[4,1],[9,1],[10,1],[11,1],[12,1],[0,2],[7,2],[9,2],[12,2],[13,2],[14,2],[8,3],[10,3],[3,4],[4,4],[1,5],[5,5],[8,5],[11,5],[13,5],[14,5],[4,6],[5,6],[6,6],[7,6],[9,6],[1,7],[9,7],[14,7],[3,8],[10,8],[14,8],[0,9],[1,9],[2,9],[4,9],[6,9],[7,9],[9,9],[12,9],[1,10],[2,10],[5,10],[7,10],[9,11],[11,11],[4,12],[8,12],[9,12],[13,12],[14,12],[1,13],[11,13],[3,14],[4,14],[7,14],[9,14]]",60,"success","success",17,2,2,0,65,0.5,0.1,0.6
"2026-10-09T04:56:14.873Z","benchmark","benchmark-1791521774532","seeded-high-4207","seeded-high-4207",6,"dstar",15,15,3,4207,0.24,0.2267,"7,7","W","10,1","[[0,0],[7,0],[10,0],[14,0],[5,1],[11,1],[13,1],[1,2],[8,2],[11,2],[13,2],[0,3],[3,3],[12,3],[14,3],[2,4],[7,4],[12,4],[14,4],[0,5],[1,5],[6,5],[10,5],[11,5],[1,6],[7,6],[12,6],[12,7],[14,7],[1,8],[6,8],[9,8],[10,8],[12,8],[14,8],[1,9],[5,9],[13,9],[0,10],[7,10],[8,10],[4,11],[5,11],[10,11],[0,12],[2,13],[3,14],[6,14],[11,14],[12,14],[14,14]]",51,"success","success",9,3,3,0,30,0.2,0,0.2
"2026-10-09T04:56:14.874Z","benchmark","benchmark-1791521774532","seeded-high-4207","seeded-high-4207",6,"astar",15,15,3,4207,0.24,0.2267,"7,7","W","10,1","[[0,0],[7,0],[10,0],[14,0],[5,1],[11,1],[13,1],[1,2],[8,2],[11,2],[13,2],[0,3],[3,3],[12,3],[14,3],[2,4],[7,4],[12,4],[14,4],[0,5],[1,5],[6,5],[10,5],[11,5],[1,6],[7,6],[12,6],[12,7],[14,7],[1,8],[6,8],[9,8],[10,8],[12,8],[14,8],[1,9],[5,9],[13,9],[0,10],[7,10],[8,10],[4,11],[5,11],[10,11],[0,12],[2,13],[3,14],[6,14],[11,14],[12,14],[14,14]]",51,"success","success",9,3,3,0,61,0.2,0.1,0.3
"2026-10-09T04:56:14.874Z","benchmark","benchmark-1791521774532","seeded-high-5629","seeded-high-5629",6,"astar",15,15,3,5629,0.24,0.2444,"1,4","E","1,10","[[3,0],[6,0],[12,0],[14,0],[1,1],[9,1],[9,2],[13,2],[0,3],[2,3],[3,3],[2,4],[3,4],[5,4],[12,4],[13,4],[14,4],[0,5],[1,5],[2,5],[7,5],[12,5],[13,5],[14,5],[6,6],[7,6],[8,6],[9,6],[10,6],[11,6],[12,6],[3,7],[4,7],[7,7],[11,7],[14,7],[3,8],[7,8],[9,9],[10,9],[11,9],[1,11],[14,11],[2,12],[12,12],[14,12],[1,13],[3,13],[6,13],[8,13],[12,13],[0,14],[3,14],[6,14],[14,14]]",55,"success","success",18,8,9,0,170,0,0.3,0.3
"2026-10-09T04:56:14.875Z","benchmark","benchmark-1791521774532","seeded-high-5629","seeded-high-5629",6,"dstar",15,15,3,5629,0.24,0.2444,"1,4","E","1,10","[[3,0],[6,0],[12,0],[14,0],[1,1],[9,1],[9,2],[13,2],[0,3],[2,3],[3,3],[2,4],[3,4],[5,4],[12,4],[13,4],[14,4],[0,5],[1,5],[2,5],[7,5],[12,5],[13,5],[14,5],[6,6],[7,6],[8,6],[9,6],[10,6],[11,6],[12,6],[3,7],[4,7],[7,7],[11,7],[14,7],[3,8],[7,8],[9,9],[10,9],[11,9],[1,11],[14,11],[2,12],[12,12],[14,12],[1,13],[3,13],[6,13],[8,13],[12,13],[0,14],[3,14],[6,14],[14,14]]",55,"success","success",18,9,10,0,71,0.1,0.8,0.9
"2026-10-09T04:56:14.876Z","benchmark","benchmark-1791521774532","seeded-high-7001","seeded-high-7001",6,"dstar",15,15,3,8010,0.24,0.3022,"3,5","S","9,2","[[0,0],[5,0],[7,0],[12,0],[13,0],[5,1],[0,2],[1,2],[2,2],[3,2],[5,2],[8,2],[0,3],[2,3],[8,3],[10,3],[13,3],[5,4],[6,4],[7,4],[9,4],[12,4],[4,5],[6,5],[8,5],[10,5],[13,5],[14,5],[7,6],[11,6],[14,6],[1,7],[2,7],[3,7],[9,7],[13,7],[1,8],[6,8],[8,8],[9,8],[11,8],[12,8],[4,9],[5,9],[10,9],[3,10],[6,10],[0,11],[12,11],[1,12],[5,12],[6,12],[7,12],[12,12],[14,12],[1,13],[3,13],[4,13],[5,13],[8,13],[9,13],[10,13],[11,13],[0,14],[2,14],[3,14],[8,14],[10,14]]",68,"success","success",17,8,9,0,61,0.2,0.4,0.6
"2026-10-09T04:56:14.876Z","benchmark","benchmark-1791521774532","seeded-high-7001","seeded-high-7001",6,"astar",15,15,3,8010,0.24,0.3022,"3,5","S","9,2","[[0,0],[5,0],[7,0],[12,0],[13,0],[5,1],[0,2],[1,2],[2,2],[3,2],[5,2],[8,2],[0,3],[2,3],[8,3],[10,3],[13,3],[5,4],[6,4],[7,4],[9,4],[12,4],[4,5],[6,5],[8,5],[10,5],[13,5],[14,5],[7,6],[11,6],[14,6],[1,7],[2,7],[3,7],[9,7],[13,7],[1,8],[6,8],[8,8],[9,8],[11,8],[12,8],[4,9],[5,9],[10,9],[3,10],[6,10],[0,11],[12,11],[1,12],[5,12],[6,12],[7,12],[12,12],[14,12],[1,13],[3,13],[4,13],[5,13],[8,13],[9,13],[10,13],[11,13],[0,14],[2,14],[3,14],[8,14],[10,14]]",68,"success","success",15,8,9,0,123,0.1,0.1,0.2
"2026-10-09T04:56:14.877Z","benchmark","benchmark-1791521774532","open","open",7,"dstar",15,15,3,"","",0,"1,12","E","13,2","[]",0,"success","success",22,0,0,0,143,1.5,0,1.5
"2026-10-09T04:56:14.878Z","benchmark","benchmark-1791521774532","open","open",7,"astar",15,15,3,"","",0,"1,12","E","13,2","[]",0,"success","success",22,0,0,0,142,0.4,0,0.4
"2026-10-09T04:56:14.878Z","benchmark","benchmark-1791521774532","blocker","blocker",7,"astar",15,15,3,"","",0.0044,"1,7","E","13,7","[[7,7]]",1,"success","success",14,1,1,0,41,0,0,0
"2026-10-09T04:56:14.879Z","benchmark","benchmark-1791521774532","blocker","blocker",7,"dstar",15,15,3,"","",0.0044,"1,7","E","13,7","[[7,7]]",1,"success","success",14,1,1,0,42,0.4,0.5,0.9
"2026-10-09T04:56:14.880Z","benchmark","benchmark-1791521774532","detour","detour",7,"dstar",15,15,3,"","",0.0622,"1,7","E","13,7","[[7,0],[7,1],[7,2],[7,4],[7,5],[7,6],[7,7],[7,8],[7,9],[7,10],[7,11],[7,12],[7,13],[7,14]]",14,"success","success",20,4,4,0,96,0.1,0.9,1
"2026-10-09T04:56:14.881Z","benchmark","benchmark-1791521774532","detour","detour",7,"astar",15,15,3,"","",0.0622,"1,7","E","13,7","[[7,0],[7,1],[7,2],[7,4],[7,5],[7,6],[7,7],[7,8],[7,9],[7,10],[7,11],[7,12],[7,13],[7,14]]",14,"success","success",36,11,11,0,453,0,0.8,0.8
"2026-10-09T04:56:14.882Z","benchmark","benchmark-1791521774532","corridor","corridor",7,"astar",15,15,3,"","",0.1244,"1,12","E","13,3","[[4,0],[10,0],[4,1],[10,1],[4,2],[10,2],[4,3],[4,4],[10,4],[4,5],[10,5],[4,6],[10,6],[4,7],[10,7],[4,8],[10,8],[4,9],[10,9],[4,10],[10,10],[4,11],[10,11],[10,12],[4,13],[10,13],[4,14],[10,14]]",28,"success","success",41,10,10,0,782,0.2,1.3,1.5
"2026-10-09T04:56:14.886Z","benchmark","benchmark-1791521774532","corridor","corridor",7,"dstar",15,15,3,"","",0.1244,"1,12","E","13,3","[[4,0],[10,0],[4,1],[10,1],[4,2],[10,2],[4,3],[4,4],[10,4],[4,5],[10,5],[4,6],[10,6],[4,7],[10,7],[4,8],[10,8],[4,9],[10,9],[4,10],[10,10],[4,11],[10,11],[10,12],[4,13],[10,13],[4,14],[10,14]]",28,"success","success",45,12,12,0,249,1.5,2.5,4
"2026-10-09T04:56:14.890Z","benchmark","benchmark-1791521774532","maze","maze",7,"dstar",15,15,3,"","",0.1867,"1,13","E","13,1","[[3,0],[7,0],[11,0],[7,1],[3,2],[7,2],[11,2],[3,3],[7,3],[11,3],[3,4],[7,4],[11,4],[3,5],[7,5],[11,5],[3,6],[7,6],[11,6],[3,7],[7,7],[11,7],[3,8],[7,8],[11,8],[3,9],[7,9],[11,9],[3,10],[7,10],[11,10],[3,11],[7,11],[11,11],[3,12],[7,12],[11,12],[3,13],[11,13],[3,14],[7,14],[11,14]]",42,"success","success",50,13,14,0,261,1.6,1.5,3.1
"2026-10-09T04:56:14.892Z","benchmark","benchmark-1791521774532","maze","maze",7,"astar",15,15,3,"","",0.1867,"1,13","E","13,1","[[3,0],[7,0],[11,0],[7,1],[3,2],[7,2],[11,2],[3,3],[7,3],[11,3],[3,4],[7,4],[11,4],[3,5],[7,5],[11,5],[3,6],[7,6],[11,6],[3,7],[7,7],[11,7],[3,8],[7,8],[11,8],[3,9],[7,9],[11,9],[3,10],[7,10],[11,10],[3,11],[7,11],[11,11],[3,12],[7,12],[11,12],[3,13],[11,13],[3,14],[7,14],[11,14]]",42,"success","success",50,13,14,0,907,0.7,1.3,2
"2026-10-09T04:56:14.893Z","benchmark","benchmark-1791521774532","no-route","no-route",7,"astar",15,15,3,"","",0.0667,"1,7","E","13,7","[[7,0],[7,1],[7,2],[7,3],[7,4],[7,5],[7,6],[7,7],[7,8],[7,9],[7,10],[7,11],[7,12],[7,13],[7,14]]",15,"no_route","no_route",28,15,15,0,726,0,1.5,1.5
"2026-10-09T04:56:14.896Z","benchmark","benchmark-1791521774532","no-route","no-route",7,"dstar",15,15,3,"","",0.0667,"1,7","E","13,7","[[7,0],[7,1],[7,2],[7,3],[7,4],[7,5],[7,6],[7,7],[7,8],[7,9],[7,10],[7,11],[7,12],[7,13],[7,14]]",15,"no_route","no_route",26,15,15,0,267,0.2,2.8,3
"2026-10-09T04:56:14.897Z","benchmark","benchmark-1791521774532","seeded-low-1701","seeded-low-1701",7,"dstar",15,15,3,1701,0.08,0.0711,"0,11","E","12,14","[[1,1],[4,2],[7,2],[7,4],[8,4],[0,7],[4,9],[12,10],[3,11],[7,11],[1,12],[12,12],[14,12],[7,13],[10,14],[11,14]]",16,"success","success",15,2,3,0,53,0.6,0,0.6
"2026-10-09T04:56:14.897Z","benchmark","benchmark-1791521774532","seeded-low-1701","seeded-low-1701",7,"astar",15,15,3,1701,0.08,0.0711,"0,11","E","12,14","[[1,1],[4,2],[7,2],[7,4],[8,4],[0,7],[4,9],[12,10],[3,11],[7,11],[1,12],[12,12],[14,12],[7,13],[10,14],[11,14]]",16,"success","success",15,2,3,0,54,0.1,0,0.1
"2026-10-09T04:56:14.897Z","benchmark","benchmark-1791521774532","seeded-low-2718","seeded-low-2718",7,"astar",15,15,3,2718,0.08,0.0711,"9,8","S","3,8","[[2,2],[2,3],[5,4],[9,4],[12,4],[0,5],[1,5],[2,6],[6,6],[0,9],[11,9],[8,12],[5,14],[11,14],[12,14],[14,14]]",16,"success","success",6,0,0,0,6,0,0,0
"2026-10-09T04:56:14.897Z","benchmark","benchmark-1791521774532","seeded-low-2718","seeded-low-2718",7,"dstar",15,15,3,2718,0.08,0.0711,"9,8","S","3,8","[[2,2],[2,3],[5,4],[9,4],[12,4],[0,5],[1,5],[2,6],[6,6],[0,9],[11,9],[8,12],[5,14],[11,14],[12,14],[14,14]]",16,"success","success",6,0,0,0,7,0,0,0
"2026-10-09T04:56:14.897Z","benchmark","benchmark-1791521774532","seeded-low-3141","seeded-low-3141",7,"dstar",15,15,3,3141,0.08,0.1156,"0,11","E","12,14","[[13,0],[14,0],[4,1],[12,2],[8,3],[4,4],[8,5],[11,5],[4,6],[6,6],[9,6],[9,7],[14,7],[10,8],[14,8],[2,9],[7,9],[9,9],[12,9],[2,10],[4,12],[8,12],[9,12],[13,12],[3,14],[4,14]]",26,"success","success",15,0,0,0,52,0.4,0,0.4
"2026-10-09T04:56:14.898Z","benchmark","benchmark-1791521774532","seeded-low-3141","seeded-low-3141",7,"astar",15,15,3,3141,0.08,0.1156,"0,11","E","12,14","[[13,0],[14,0],[4,1],[12,2],[8,3],[4,4],[8,5],[11,5],[4,6],[6,6],[9,6],[9,7],[14,7],[10,8],[14,8],[2,9],[7,9],[9,9],[12,9],[2,10],[4,12],[8,12],[9,12],[13,12],[3,14],[4,14]]",26,"success","success",15,0,0,0,51,0,0,0
"2026-10-09T04:56:14.898Z","benchmark","benchmark-1791521774532","seeded-low-4207","seeded-low-4207",7,"astar",15,15,3,4207,0.08,0.08,"7,7","W","10,1","[[7,0],[14,0],[1,2],[8,2],[13,2],[2,4],[12,4],[0,5],[1,5],[6,5],[11,5],[1,6],[12,6],[12,7],[1,8],[0,10],[0,12],[2,13]]",18,"success","success",9,1,1,0,38,0.2,0,0.2
"2026-10-09T04:56:14.898Z","benchmark","benchmark-1791521774532","seeded-low-4207","seeded-low-4207",7,"dstar",15,15,3,4207,0.08,0.08,"7,7","W","10,1","[[7,0],[14,0],[1,2],[8,2],[13,2],[2,4],[12,4],[0,5],[1,5],[6,5],[11,5],[1,6],[12,6],[12,7],[1,8],[0,10],[0,12],[2,13]]",18,"success","success",9,1,1,0,28,0.2,0,0.2
"2026-10-09T04:56:14.898Z","benchmark","benchmark-1791521774532","seeded-low-5629","seeded-low-5629",7,"dstar",15,15,3,5629,0.08,0.0667,"1,4","E","1,10","[[3,4],[5,4],[14,4],[2,5],[13,5],[7,6],[9,6],[12,6],[4,7],[11,7],[14,7],[1,11],[2,12],[14,12],[8,13]]",15,"success","success",6,1,2,0,7,0.1,0,0.1
"2026-10-09T04:56:14.898Z","benchmark","benchmark-1791521774532","seeded-low-5629","seeded-low-5629",7,"astar",15,15,3,5629,0.08,0.0667,"1,4","E","1,10","[[3,4],[5,4],[14,4],[2,5],[13,5],[7,6],[9,6],[12,6],[4,7],[11,7],[14,7],[1,11],[2,12],[14,12],[8,13]]",15,"success","success",6,1,2,0,8,0,0,0
"2026-10-09T04:56:14.898Z","benchmark","benchmark-1791521774532","seeded-low-7001","seeded-low-7001",7,"astar",15,15,3,7001,0.08,0.1111,"5,6","E","2,9","[[1,0],[9,0],[3,2],[7,2],[5,3],[3,4],[4,4],[13,4],[14,4],[4,5],[8,5],[2,6],[12,7],[13,8],[3,9],[10,9],[3,10],[2,11],[5,11],[12,11],[5,12],[8,13],[12,13],[10,14],[11,14]]",25,"success","success",8,3,3,0,34,0.1,0,0.1
"2026-10-09T04:56:14.898Z","benchmark","benchmark-1791521774532","seeded-low-7001","seeded-low-7001",7,"dstar",15,15,3,7001,0.08,0.1111,"5,6","E","2,9","[[1,0],[9,0],[3,2],[7,2],[5,3],[3,4],[4,4],[13,4],[14,4],[4,5],[8,5],[2,6],[12,7],[13,8],[3,9],[10,9],[3,10],[2,11],[5,11],[12,11],[5,12],[8,13],[12,13],[10,14],[11,14]]",25,"success","success",8,3,3,0,26,0.2,0.1,0.3
"2026-10-09T04:56:14.899Z","benchmark","benchmark-1791521774532","seeded-medium-1701","seeded-medium-1701",7,"dstar",15,15,3,1701,0.16,0.1689,"0,11","E","12,14","[[4,0],[6,0],[12,0],[1,1],[4,1],[9,1],[4,2],[5,2],[7,2],[9,3],[13,3],[5,4],[7,4],[8,4],[0,5],[3,6],[0,7],[5,7],[6,7],[2,8],[4,9],[8,9],[7,10],[12,10],[3,11],[4,11],[6,11],[7,11],[1,12],[6,12],[12,12],[14,12],[6,13],[7,13],[8,13],[4,14],[10,14],[11,14]]",38,"success","success",17,5,6,0,64,0.5,0.3,0.8
"2026-10-09T04:56:14.899Z","benchmark","benchmark-1791521774532","seeded-medium-1701","seeded-medium-1701",7,"astar",15,15,3,1701,0.16,0.1689,"0,11","E","12,14","[[4,0],[6,0],[12,0],[1,1],[4,1],[9,1],[4,2],[5,2],[7,2],[9,3],[13,3],[5,4],[7,4],[8,4],[0,5],[3,6],[0,7],[5,7],[6,7],[2,8],[4,9],[8,9],[7,10],[12,10],[3,11],[4,11],[6,11],[7,11],[1,12],[6,12],[12,12],[14,12],[6,13],[7,13],[8,13],[4,14],[10,14],[11,14]]",38,"success","success",17,3,4,0,82,0.1,0.1,0.2
"2026-10-09T04:56:14.900Z","benchmark","benchmark-1791521774532","seeded-medium-2718","seeded-medium-2718",7,"astar",15,15,3,2718,0.16,0.1467,"9,8","S","3,8","[[7,0],[9,0],[2,2],[4,2],[2,3],[4,4],[5,4],[7,4],[8,4],[9,4],[12,4],[0,5],[1,5],[5,5],[8,5],[9,5],[0,6],[2,6],[6,6],[8,8],[0,9],[5,9],[7,9],[11,9],[7,12],[8,12],[12,12],[13,12],[13,13],[5,14],[11,14],[12,14],[14,14]]",33,"success","success",8,3,3,0,55,0,0.2,0.2
"2026-10-09T04:56:14.900Z","benchmark","benchmark-1791521774532","seeded-medium-2718","seeded-medium-2718",7,"dstar",15,15,3,2718,0.16,0.1467,"9,8","S","3,8","[[7,0],[9,0],[2,2],[4,2],[2,3],[4,4],[5,4],[7,4],[8,4],[9,4],[12,4],[0,5],[1,5],[5,5],[8,5],[9,5],[0,6],[2,6],[6,6],[8,8],[0,9],[5,9],[7,9],[11,9],[7,12],[8,12],[12,12],[13,12],[13,13],[5,14],[11,14],[12,14],[14,14]]",33,"success","success",8,3,3,0,25,0.2,0.2,0.4
"2026-10-09T04:56:14.901Z","benchmark","benchmark-1791521774532","seeded-medium-3141","seeded-medium-3141",7,"dstar",15,15,3,3141,0.16,0.1956,"0,11","E","12,14","[[4,0],[13,0],[14,0],[4,1],[10,1],[11,1],[12,1],[7,2],[12,2],[8,3],[10,3],[4,4],[5,5],[8,5],[11,5],[13,5],[14,5],[4,6],[5,6],[6,6],[7,6],[9,6],[1,7],[9,7],[14,7],[10,8],[14,8],[2,9],[4,9],[7,9],[9,9],[12,9],[2,10],[9,11],[4,12],[8,12],[9,12],[13,12],[14,12],[11,13],[3,14],[4,14],[7,14],[9,14]]",44,"success","success",17,2,2,0,65,0.4,0.2,0.6
"2026-10-09T04:56:14.901Z","benchmark","benchmark-1791521774532","seeded-medium-3141","seeded-medium-3141",7,"astar",15,15,3,3141,0.16,0.1956,"0,11","E","12,14","[[4,0],[13,0],[14,0],[4,1],[10,1],[11,1],[12,1],[7,2],[12,2],[8,3],[10,3],[4,4],[5,5],[8,5],[11,5],[13,5],[14,5],[4,6],[5,6],[6,6],[7,6],[9,6],[1,7],[9,7],[14,7],[10,8],[14,8],[2,9],[4,9],[7,9],[9,9],[12,9],[2,10],[9,11],[4,12],[8,12],[9,12],[13,12],[14,12],[11,13],[3,14],[4,14],[7,14],[9,14]]",44,"success","success",17,2,2,0,99,0.1,0,0.1
"2026-10-09T04:56:14.901Z","benchmark","benchmark-1791521774532","seeded-medium-4207","seeded-medium-4207",7,"astar",15,15,3,4207,0.16,0.1556,"7,7","W","10,1","[[0,0],[7,0],[14,0],[5,1],[1,2],[8,2],[11,2],[13,2],[12,3],[14,3],[2,4],[7,4],[12,4],[14,4],[0,5],[1,5],[6,5],[11,5],[1,6],[12,6],[12,7],[14,7],[1,8],[6,8],[9,8],[10,8],[12,8],[14,8],[5,9],[0,10],[7,10],[4,11],[5,11],[0,12],[2,13]]",35,"success","success",9,2,2,0,62,0,0.1,0.1
"2026-10-09T04:56:14.902Z","benchmark","benchmark-1791521774532","seeded-medium-4207","seeded-medium-4207",7,"dstar",15,15,3,4207,0.16,0.1556,"7,7","W","10,1","[[0,0],[7,0],[14,0],[5,1],[1,2],[8,2],[11,2],[13,2],[12,3],[14,3],[2,4],[7,4],[12,4],[14,4],[0,5],[1,5],[6,5],[11,5],[1,6],[12,6],[12,7],[14,7],[1,8],[6,8],[9,8],[10,8],[12,8],[14,8],[5,9],[0,10],[7,10],[4,11],[5,11],[0,12],[2,13]]",35,"success","success",9,2,2,0,30,0.2,0.1,0.3
"2026-10-09T04:56:14.902Z","benchmark","benchmark-1791521774532","seeded-medium-5629","seeded-medium-5629",7,"dstar",15,15,3,5629,0.16,0.1644,"1,4","E","1,10","[[12,0],[14,0],[1,1],[9,1],[9,2],[13,2],[0,3],[2,3],[3,3],[2,4],[3,4],[5,4],[12,4],[14,4],[2,5],[13,5],[14,5],[6,6],[7,6],[8,6],[9,6],[11,6],[12,6],[3,7],[4,7],[11,7],[14,7],[10,9],[1,11],[2,12],[12,12],[14,12],[1,13],[3,13],[8,13],[0,14],[14,14]]",37,"success","success",6,1,2,0,7,0,0.1,0.1
"2026-10-09T04:56:14.902Z","benchmark","benchmark-1791521774532","seeded-medium-5629","seeded-medium-5629",7,"astar",15,15,3,5629,0.16,0.1644,"1,4","E","1,10","[[12,0],[14,0],[1,1],[9,1],[9,2],[13,2],[0,3],[2,3],[3,3],[2,4],[3,4],[5,4],[12,4],[14,4],[2,5],[13,5],[14,5],[6,6],[7,6],[8,6],[9,6],[11,6],[12,6],[3,7],[4,7],[11,7],[14,7],[10,9],[1,11],[2,12],[12,12],[14,12],[1,13],[3,13],[8,13],[0,14],[14,14]]",37,"success","success",6,1,2,0,8,0,0,0
"2026-10-09T04:56:14.902Z","benchmark","benchmark-1791521774532","seeded-medium-7001","seeded-medium-7001",7,"astar",15,15,3,7001,0.16,0.1956,"5,6","E","2,9","[[1,0],[9,0],[13,0],[7,1],[12,1],[3,2],[7,2],[5,3],[9,3],[3,4],[4,4],[13,4],[14,4],[4,5],[8,5],[1,6],[2,6],[3,6],[12,6],[2,7],[4,7],[12,7],[4,8],[13,8],[3,9],[10,9],[3,10],[4,10],[11,10],[2,11],[4,11],[5,11],[12,11],[13,11],[5,12],[5,13],[7,13],[8,13],[10,13],[12,13],[2,14],[4,14],[10,14],[11,14]]",44,"success","success",30,15,15,0,260,0,0.3,0.3
"2026-10-09T04:56:14.904Z","benchmark","benchmark-1791521774532","seeded-medium-7001","seeded-medium-7001",7,"dstar",15,15,3,7001,0.16,0.1956,"5,6","E","2,9","[[1,0],[9,0],[13,0],[7,1],[12,1],[3,2],[7,2],[5,3],[9,3],[3,4],[4,4],[13,4],[14,4],[4,5],[8,5],[1,6],[2,6],[3,6],[12,6],[2,7],[4,7],[12,7],[4,8],[13,8],[3,9],[10,9],[3,10],[4,10],[11,10],[2,11],[4,11],[5,11],[12,11],[13,11],[5,12],[5,13],[7,13],[8,13],[10,13],[12,13],[2,14],[4,14],[10,14],[11,14]]",44,"success","success",46,18,18,0,156,0.1,1.7,1.8
"2026-10-09T04:56:14.909Z","benchmark","benchmark-1791521774532","seeded-high-1701","seeded-high-1701",7,"dstar",15,15,3,1701,0.24,0.2578,"0,11","E","12,14","[[4,0],[5,0],[6,0],[12,0],[1,1],[4,1],[6,1],[7,1],[9,1],[0,2],[4,2],[5,2],[7,2],[9,3],[11,3],[13,3],[5,4],[7,4],[8,4],[10,4],[0,5],[4,5],[6,5],[1,6],[3,6],[7,6],[0,7],[3,7],[4,7],[5,7],[6,7],[8,7],[11,7],[13,7],[2,8],[5,8],[8,8],[2,9],[4,9],[6,9],[8,9],[7,10],[12,10],[3,11],[4,11],[6,11],[7,11],[1,12],[6,12],[12,12],[14,12],[6,13],[7,13],[8,13],[4,14],[9,14],[10,14],[11,14]]",58,"success","success",63,24,25,0,308,0.8,3.2,4
"2026-10-09T04:56:14.911Z","benchmark","benchmark-1791521774532","seeded-high-1701","seeded-high-1701",7,"astar",15,15,3,1701,0.24,0.2578,"0,11","E","12,14","[[4,0],[5,0],[6,0],[12,0],[1,1],[4,1],[6,1],[7,1],[9,1],[0,2],[4,2],[5,2],[7,2],[9,3],[11,3],[13,3],[5,4],[7,4],[8,4],[10,4],[0,5],[4,5],[6,5],[1,6],[3,6],[7,6],[0,7],[3,7],[4,7],[5,7],[6,7],[8,7],[11,7],[13,7],[2,8],[5,8],[8,8],[2,9],[4,9],[6,9],[8,9],[7,10],[12,10],[3,11],[4,11],[6,11],[7,11],[1,12],[6,12],[12,12],[14,12],[6,13],[7,13],[8,13],[4,14],[9,14],[10,14],[11,14]]",58,"success","success",65,24,25,0,1410,0.1,2.4,2.5
"2026-10-09T04:56:14.911Z","benchmark","benchmark-1791521774532","seeded-high-2718","seeded-high-2718",7,"astar",15,15,3,2718,0.24,0.2044,"9,8","S","3,8","[[7,0],[8,0],[9,0],[7,1],[2,2],[4,2],[14,2],[2,3],[8,3],[3,4],[4,4],[5,4],[7,4],[8,4],[9,4],[11,4],[12,4],[0,5],[1,5],[5,5],[8,5],[9,5],[0,6],[2,6],[6,6],[7,6],[14,6],[8,8],[0,9],[5,9],[7,9],[11,9],[8,10],[9,10],[11,10],[0,12],[3,12],[7,12],[8,12],[12,12],[13,12],[13,13],[5,14],[11,14],[12,14],[14,14]]",46,"success","success",8,3,4,0,55,0,0.2,0.2
"2026-10-09T04:56:14.912Z","benchmark","benchmark-1791521774532","seeded-high-2718","seeded-high-2718",7,"dstar",15,15,3,2718,0.24,0.2044,"9,8","S","3,8","[[7,0],[8,0],[9,0],[7,1],[2,2],[4,2],[14,2],[2,3],[8,3],[3,4],[4,4],[5,4],[7,4],[8,4],[9,4],[11,4],[12,4],[0,5],[1,5],[5,5],[8,5],[9,5],[0,6],[2,6],[6,6],[7,6],[14,6],[8,8],[0,9],[5,9],[7,9],[11,9],[8,10],[9,10],[11,10],[0,12],[3,12],[7,12],[8,12],[12,12],[13,12],[13,13],[5,14],[11,14],[12,14],[14,14]]",46,"success","success",8,3,4,0,25,0.1,0.2,0.3
"2026-10-09T04:56:14.912Z","benchmark","benchmark-1791521774532","seeded-high-3141","seeded-high-3141",7,"dstar",15,15,3,3141,0.24,0.2667,"0,11","E","12,14","[[4,0],[13,0],[14,0],[4,1],[9,1],[10,1],[11,1],[12,1],[0,2],[7,2],[9,2],[12,2],[13,2],[14,2],[8,3],[10,3],[3,4],[4,4],[1,5],[5,5],[8,5],[11,5],[13,5],[14,5],[4,6],[5,6],[6,6],[7,6],[9,6],[1,7],[9,7],[14,7],[3,8],[10,8],[14,8],[0,9],[1,9],[2,9],[4,9],[6,9],[7,9],[9,9],[12,9],[1,10],[2,10],[5,10],[7,10],[9,11],[11,11],[4,12],[8,12],[9,12],[13,12],[14,12],[1,13],[11,13],[3,14],[4,14],[7,14],[9,14]]",60,"success","success",17,2,2,0,65,0.6,0.1,0.7
"2026-10-09T04:56:14.913Z","benchmark","benchmark-1791521774532","seeded-high-3141","seeded-high-3141",7,"astar",15,15,3,3141,0.24,0.2667,"0,11","E","12,14","[[4,0],[13,0],[14,0],[4,1],[9,1],[10,1],[11,1],[12,1],[0,2],[7,2],[9,2],[12,2],[13,2],[14,2],[8,3],[10,3],[3,4],[4,4],[1,5],[5,5],[8,5],[11,5],[13,5],[14,5],[4,6],[5,6],[6,6],[7,6],[9,6],[1,7],[9,7],[14,7],[3,8],[10,8],[14,8],[0,9],[1,9],[2,9],[4,9],[6,9],[7,9],[9,9],[12,9],[1,10],[2,10],[5,10],[7,10],[9,11],[11,11],[4,12],[8,12],[9,12],[13,12],[14,12],[1,13],[11,13],[3,14],[4,14],[7,14],[9,14]]",60,"success","success",17,2,2,0,99,0,0.2,0.2
"2026-10-09T04:56:14.913Z","benchmark","benchmark-1791521774532","seeded-high-4207","seeded-high-4207",7,"astar",15,15,3,4207,0.24,0.2267,"7,7","W","10,1","[[0,0],[7,0],[10,0],[14,0],[5,1],[11,1],[13,1],[1,2],[8,2],[11,2],[13,2],[0,3],[3,3],[12,3],[14,3],[2,4],[7,4],[12,4],[14,4],[0,5],[1,5],[6,5],[10,5],[11,5],[1,6],[7,6],[12,6],[12,7],[14,7],[1,8],[6,8],[9,8],[10,8],[12,8],[14,8],[1,9],[5,9],[13,9],[0,10],[7,10],[8,10],[4,11],[5,11],[10,11],[0,12],[2,13],[3,14],[6,14],[11,14],[12,14],[14,14]]",51,"success","success",9,3,3,0,61,0.1,0.3,0.4
"2026-10-09T04:56:14.914Z","benchmark","benchmark-1791521774532","seeded-high-4207","seeded-high-4207",7,"dstar",15,15,3,4207,0.24,0.2267,"7,7","W","10,1","[[0,0],[7,0],[10,0],[14,0],[5,1],[11,1],[13,1],[1,2],[8,2],[11,2],[13,2],[0,3],[3,3],[12,3],[14,3],[2,4],[7,4],[12,4],[14,4],[0,5],[1,5],[6,5],[10,5],[11,5],[1,6],[7,6],[12,6],[12,7],[14,7],[1,8],[6,8],[9,8],[10,8],[12,8],[14,8],[1,9],[5,9],[13,9],[0,10],[7,10],[8,10],[4,11],[5,11],[10,11],[0,12],[2,13],[3,14],[6,14],[11,14],[12,14],[14,14]]",51,"success","success",9,3,3,0,30,0.3,0.1,0.4
"2026-10-09T04:56:14.915Z","benchmark","benchmark-1791521774532","seeded-high-5629","seeded-high-5629",7,"dstar",15,15,3,5629,0.24,0.2444,"1,4","E","1,10","[[3,0],[6,0],[12,0],[14,0],[1,1],[9,1],[9,2],[13,2],[0,3],[2,3],[3,3],[2,4],[3,4],[5,4],[12,4],[13,4],[14,4],[0,5],[1,5],[2,5],[7,5],[12,5],[13,5],[14,5],[6,6],[7,6],[8,6],[9,6],[10,6],[11,6],[12,6],[3,7],[4,7],[7,7],[11,7],[14,7],[3,8],[7,8],[9,9],[10,9],[11,9],[1,11],[14,11],[2,12],[12,12],[14,12],[1,13],[3,13],[6,13],[8,13],[12,13],[0,14],[3,14],[6,14],[14,14]]",55,"success","success",18,9,10,0,71,0,0.7,0.7
"2026-10-09T04:56:14.915Z","benchmark","benchmark-1791521774532","seeded-high-5629","seeded-high-5629",7,"astar",15,15,3,5629,0.24,0.2444,"1,4","E","1,10","[[3,0],[6,0],[12,0],[14,0],[1,1],[9,1],[9,2],[13,2],[0,3],[2,3],[3,3],[2,4],[3,4],[5,4],[12,4],[13,4],[14,4],[0,5],[1,5],[2,5],[7,5],[12,5],[13,5],[14,5],[6,6],[7,6],[8,6],[9,6],[10,6],[11,6],[12,6],[3,7],[4,7],[7,7],[11,7],[14,7],[3,8],[7,8],[9,9],[10,9],[11,9],[1,11],[14,11],[2,12],[12,12],[14,12],[1,13],[3,13],[6,13],[8,13],[12,13],[0,14],[3,14],[6,14],[14,14]]",55,"success","success",18,8,9,0,170,0,0.1,0.1
"2026-10-09T04:56:14.915Z","benchmark","benchmark-1791521774532","seeded-high-7001","seeded-high-7001",7,"astar",15,15,3,8010,0.24,0.3022,"3,5","S","9,2","[[0,0],[5,0],[7,0],[12,0],[13,0],[5,1],[0,2],[1,2],[2,2],[3,2],[5,2],[8,2],[0,3],[2,3],[8,3],[10,3],[13,3],[5,4],[6,4],[7,4],[9,4],[12,4],[4,5],[6,5],[8,5],[10,5],[13,5],[14,5],[7,6],[11,6],[14,6],[1,7],[2,7],[3,7],[9,7],[13,7],[1,8],[6,8],[8,8],[9,8],[11,8],[12,8],[4,9],[5,9],[10,9],[3,10],[6,10],[0,11],[12,11],[1,12],[5,12],[6,12],[7,12],[12,12],[14,12],[1,13],[3,13],[4,13],[5,13],[8,13],[9,13],[10,13],[11,13],[0,14],[2,14],[3,14],[8,14],[10,14]]",68,"success","success",15,8,9,0,123,0,0.2,0.2
"2026-10-09T04:56:14.916Z","benchmark","benchmark-1791521774532","seeded-high-7001","seeded-high-7001",7,"dstar",15,15,3,8010,0.24,0.3022,"3,5","S","9,2","[[0,0],[5,0],[7,0],[12,0],[13,0],[5,1],[0,2],[1,2],[2,2],[3,2],[5,2],[8,2],[0,3],[2,3],[8,3],[10,3],[13,3],[5,4],[6,4],[7,4],[9,4],[12,4],[4,5],[6,5],[8,5],[10,5],[13,5],[14,5],[7,6],[11,6],[14,6],[1,7],[2,7],[3,7],[9,7],[13,7],[1,8],[6,8],[8,8],[9,8],[11,8],[12,8],[4,9],[5,9],[10,9],[3,10],[6,10],[0,11],[12,11],[1,12],[5,12],[6,12],[7,12],[12,12],[14,12],[1,13],[3,13],[4,13],[5,13],[8,13],[9,13],[10,13],[11,13],[0,14],[2,14],[3,14],[8,14],[10,14]]",68,"success","success",17,8,9,0,61,0.2,0.5,0.7
"2026-10-09T04:56:14.916Z","benchmark","benchmark-1791521774532","open","open",8,"astar",15,15,3,"","",0,"1,12","E","13,2","[]",0,"success","success",22,0,0,0,142,0.2,0,0.2
"2026-10-09T04:56:14.918Z","benchmark","benchmark-1791521774532","open","open",8,"dstar",15,15,3,"","",0,"1,12","E","13,2","[]",0,"success","success",22,0,0,0,143,1.8,0,1.8
"2026-10-09T04:56:14.918Z","benchmark","benchmark-1791521774532","blocker","blocker",8,"dstar",15,15,3,"","",0.0044,"1,7","E","13,7","[[7,7]]",1,"success","success",14,1,1,0,42,0.2,0.3,0.5
"2026-10-09T04:56:14.918Z","benchmark","benchmark-1791521774532","blocker","blocker",8,"astar",15,15,3,"","",0.0044,"1,7","E","13,7","[[7,7]]",1,"success","success",14,1,1,0,41,0,0,0
"2026-10-09T04:56:14.919Z","benchmark","benchmark-1791521774532","detour","detour",8,"astar",15,15,3,"","",0.0622,"1,7","E","13,7","[[7,0],[7,1],[7,2],[7,4],[7,5],[7,6],[7,7],[7,8],[7,9],[7,10],[7,11],[7,12],[7,13],[7,14]]",14,"success","success",36,11,11,0,453,0.1,0.7,0.8
"2026-10-09T04:56:14.923Z","benchmark","benchmark-1791521774532","detour","detour",8,"dstar",15,15,3,"","",0.0622,"1,7","E","13,7","[[7,0],[7,1],[7,2],[7,4],[7,5],[7,6],[7,7],[7,8],[7,9],[7,10],[7,11],[7,12],[7,13],[7,14]]",14,"success","success",20,4,4,0,96,0.6,2.4,3
"2026-10-09T04:56:14.927Z","benchmark","benchmark-1791521774532","corridor","corridor",8,"dstar",15,15,3,"","",0.1244,"1,12","E","13,3","[[4,0],[10,0],[4,1],[10,1],[4,2],[10,2],[4,3],[4,4],[10,4],[4,5],[10,5],[4,6],[10,6],[4,7],[10,7],[4,8],[10,8],[4,9],[10,9],[4,10],[10,10],[4,11],[10,11],[10,12],[4,13],[10,13],[4,14],[10,14]]",28,"success","success",45,12,12,0,249,2.6,1.9,4.5
"2026-10-09T04:56:14.929Z","benchmark","benchmark-1791521774532","corridor","corridor",8,"astar",15,15,3,"","",0.1244,"1,12","E","13,3","[[4,0],[10,0],[4,1],[10,1],[4,2],[10,2],[4,3],[4,4],[10,4],[4,5],[10,5],[4,6],[10,6],[4,7],[10,7],[4,8],[10,8],[4,9],[10,9],[4,10],[10,10],[4,11],[10,11],[10,12],[4,13],[10,13],[4,14],[10,14]]",28,"success","success",41,10,10,0,782,0.2,2,2.2
"2026-10-09T04:56:14.931Z","benchmark","benchmark-1791521774532","maze","maze",8,"astar",15,15,3,"","",0.1867,"1,13","E","13,1","[[3,0],[7,0],[11,0],[7,1],[3,2],[7,2],[11,2],[3,3],[7,3],[11,3],[3,4],[7,4],[11,4],[3,5],[7,5],[11,5],[3,6],[7,6],[11,6],[3,7],[7,7],[11,7],[3,8],[7,8],[11,8],[3,9],[7,9],[11,9],[3,10],[7,10],[11,10],[3,11],[7,11],[11,11],[3,12],[7,12],[11,12],[3,13],[11,13],[3,14],[7,14],[11,14]]",42,"success","success",50,13,14,0,907,0.4,1.1,1.5
"2026-10-09T04:56:14.935Z","benchmark","benchmark-1791521774532","maze","maze",8,"dstar",15,15,3,"","",0.1867,"1,13","E","13,1","[[3,0],[7,0],[11,0],[7,1],[3,2],[7,2],[11,2],[3,3],[7,3],[11,3],[3,4],[7,4],[11,4],[3,5],[7,5],[11,5],[3,6],[7,6],[11,6],[3,7],[7,7],[11,7],[3,8],[7,8],[11,8],[3,9],[7,9],[11,9],[3,10],[7,10],[11,10],[3,11],[7,11],[11,11],[3,12],[7,12],[11,12],[3,13],[11,13],[3,14],[7,14],[11,14]]",42,"success","success",50,13,14,0,261,2.1,1.6,3.7
"2026-10-09T04:56:14.939Z","benchmark","benchmark-1791521774532","no-route","no-route",8,"dstar",15,15,3,"","",0.0667,"1,7","E","13,7","[[7,0],[7,1],[7,2],[7,3],[7,4],[7,5],[7,6],[7,7],[7,8],[7,9],[7,10],[7,11],[7,12],[7,13],[7,14]]",15,"no_route","no_route",26,15,15,0,267,0.1,3.4,3.5
"2026-10-09T04:56:14.941Z","benchmark","benchmark-1791521774532","no-route","no-route",8,"astar",15,15,3,"","",0.0667,"1,7","E","13,7","[[7,0],[7,1],[7,2],[7,3],[7,4],[7,5],[7,6],[7,7],[7,8],[7,9],[7,10],[7,11],[7,12],[7,13],[7,14]]",15,"no_route","no_route",28,15,15,0,726,0.1,2,2.1
"2026-10-09T04:56:14.941Z","benchmark","benchmark-1791521774532","seeded-low-1701","seeded-low-1701",8,"astar",15,15,3,1701,0.08,0.0711,"0,11","E","12,14","[[1,1],[4,2],[7,2],[7,4],[8,4],[0,7],[4,9],[12,10],[3,11],[7,11],[1,12],[12,12],[14,12],[7,13],[10,14],[11,14]]",16,"success","success",15,2,3,0,54,0,0,0
"2026-10-09T04:56:14.942Z","benchmark","benchmark-1791521774532","seeded-low-1701","seeded-low-1701",8,"dstar",15,15,3,1701,0.08,0.0711,"0,11","E","12,14","[[1,1],[4,2],[7,2],[7,4],[8,4],[0,7],[4,9],[12,10],[3,11],[7,11],[1,12],[12,12],[14,12],[7,13],[10,14],[11,14]]",16,"success","success",15,2,3,0,53,0.5,0,0.5
"2026-10-09T04:56:14.942Z","benchmark","benchmark-1791521774532","seeded-low-2718","seeded-low-2718",8,"dstar",15,15,3,2718,0.08,0.0711,"9,8","S","3,8","[[2,2],[2,3],[5,4],[9,4],[12,4],[0,5],[1,5],[2,6],[6,6],[0,9],[11,9],[8,12],[5,14],[11,14],[12,14],[14,14]]",16,"success","success",6,0,0,0,7,0.1,0,0.1
"2026-10-09T04:56:14.942Z","benchmark","benchmark-1791521774532","seeded-low-2718","seeded-low-2718",8,"astar",15,15,3,2718,0.08,0.0711,"9,8","S","3,8","[[2,2],[2,3],[5,4],[9,4],[12,4],[0,5],[1,5],[2,6],[6,6],[0,9],[11,9],[8,12],[5,14],[11,14],[12,14],[14,14]]",16,"success","success",6,0,0,0,6,0,0,0
"2026-10-09T04:56:14.942Z","benchmark","benchmark-1791521774532","seeded-low-3141","seeded-low-3141",8,"astar",15,15,3,3141,0.08,0.1156,"0,11","E","12,14","[[13,0],[14,0],[4,1],[12,2],[8,3],[4,4],[8,5],[11,5],[4,6],[6,6],[9,6],[9,7],[14,7],[10,8],[14,8],[2,9],[7,9],[9,9],[12,9],[2,10],[4,12],[8,12],[9,12],[13,12],[3,14],[4,14]]",26,"success","success",15,0,0,0,51,0.1,0,0.1
"2026-10-09T04:56:14.943Z","benchmark","benchmark-1791521774532","seeded-low-3141","seeded-low-3141",8,"dstar",15,15,3,3141,0.08,0.1156,"0,11","E","12,14","[[13,0],[14,0],[4,1],[12,2],[8,3],[4,4],[8,5],[11,5],[4,6],[6,6],[9,6],[9,7],[14,7],[10,8],[14,8],[2,9],[7,9],[9,9],[12,9],[2,10],[4,12],[8,12],[9,12],[13,12],[3,14],[4,14]]",26,"success","success",15,0,0,0,52,0.8,0,0.8
"2026-10-09T04:56:14.943Z","benchmark","benchmark-1791521774532","seeded-low-4207","seeded-low-4207",8,"dstar",15,15,3,4207,0.08,0.08,"7,7","W","10,1","[[7,0],[14,0],[1,2],[8,2],[13,2],[2,4],[12,4],[0,5],[1,5],[6,5],[11,5],[1,6],[12,6],[12,7],[1,8],[0,10],[0,12],[2,13]]",18,"success","success",9,1,1,0,28,0.3,0.1,0.4
"2026-10-09T04:56:14.943Z","benchmark","benchmark-1791521774532","seeded-low-4207","seeded-low-4207",8,"astar",15,15,3,4207,0.08,0.08,"7,7","W","10,1","[[7,0],[14,0],[1,2],[8,2],[13,2],[2,4],[12,4],[0,5],[1,5],[6,5],[11,5],[1,6],[12,6],[12,7],[1,8],[0,10],[0,12],[2,13]]",18,"success","success",9,1,1,0,38,0,0.1,0.1
"2026-10-09T04:56:14.943Z","benchmark","benchmark-1791521774532","seeded-low-5629","seeded-low-5629",8,"astar",15,15,3,5629,0.08,0.0667,"1,4","E","1,10","[[3,4],[5,4],[14,4],[2,5],[13,5],[7,6],[9,6],[12,6],[4,7],[11,7],[14,7],[1,11],[2,12],[14,12],[8,13]]",15,"success","success",6,1,2,0,8,0,0,0
"2026-10-09T04:56:14.943Z","benchmark","benchmark-1791521774532","seeded-low-5629","seeded-low-5629",8,"dstar",15,15,3,5629,0.08,0.0667,"1,4","E","1,10","[[3,4],[5,4],[14,4],[2,5],[13,5],[7,6],[9,6],[12,6],[4,7],[11,7],[14,7],[1,11],[2,12],[14,12],[8,13]]",15,"success","success",6,1,2,0,7,0.1,0,0.1
"2026-10-09T04:56:14.943Z","benchmark","benchmark-1791521774532","seeded-low-7001","seeded-low-7001",8,"dstar",15,15,3,7001,0.08,0.1111,"5,6","E","2,9","[[1,0],[9,0],[3,2],[7,2],[5,3],[3,4],[4,4],[13,4],[14,4],[4,5],[8,5],[2,6],[12,7],[13,8],[3,9],[10,9],[3,10],[2,11],[5,11],[12,11],[5,12],[8,13],[12,13],[10,14],[11,14]]",25,"success","success",8,3,3,0,26,0.1,0.1,0.2
"2026-10-09T04:56:14.944Z","benchmark","benchmark-1791521774532","seeded-low-7001","seeded-low-7001",8,"astar",15,15,3,7001,0.08,0.1111,"5,6","E","2,9","[[1,0],[9,0],[3,2],[7,2],[5,3],[3,4],[4,4],[13,4],[14,4],[4,5],[8,5],[2,6],[12,7],[13,8],[3,9],[10,9],[3,10],[2,11],[5,11],[12,11],[5,12],[8,13],[12,13],[10,14],[11,14]]",25,"success","success",8,3,3,0,34,0.1,0,0.1
"2026-10-09T04:56:14.944Z","benchmark","benchmark-1791521774532","seeded-medium-1701","seeded-medium-1701",8,"astar",15,15,3,1701,0.16,0.1689,"0,11","E","12,14","[[4,0],[6,0],[12,0],[1,1],[4,1],[9,1],[4,2],[5,2],[7,2],[9,3],[13,3],[5,4],[7,4],[8,4],[0,5],[3,6],[0,7],[5,7],[6,7],[2,8],[4,9],[8,9],[7,10],[12,10],[3,11],[4,11],[6,11],[7,11],[1,12],[6,12],[12,12],[14,12],[6,13],[7,13],[8,13],[4,14],[10,14],[11,14]]",38,"success","success",17,3,4,0,82,0,0.1,0.1
"2026-10-09T04:56:14.945Z","benchmark","benchmark-1791521774532","seeded-medium-1701","seeded-medium-1701",8,"dstar",15,15,3,1701,0.16,0.1689,"0,11","E","12,14","[[4,0],[6,0],[12,0],[1,1],[4,1],[9,1],[4,2],[5,2],[7,2],[9,3],[13,3],[5,4],[7,4],[8,4],[0,5],[3,6],[0,7],[5,7],[6,7],[2,8],[4,9],[8,9],[7,10],[12,10],[3,11],[4,11],[6,11],[7,11],[1,12],[6,12],[12,12],[14,12],[6,13],[7,13],[8,13],[4,14],[10,14],[11,14]]",38,"success","success",17,5,6,0,64,0.6,0.5,1.1
"2026-10-09T04:56:14.945Z","benchmark","benchmark-1791521774532","seeded-medium-2718","seeded-medium-2718",8,"dstar",15,15,3,2718,0.16,0.1467,"9,8","S","3,8","[[7,0],[9,0],[2,2],[4,2],[2,3],[4,4],[5,4],[7,4],[8,4],[9,4],[12,4],[0,5],[1,5],[5,5],[8,5],[9,5],[0,6],[2,6],[6,6],[8,8],[0,9],[5,9],[7,9],[11,9],[7,12],[8,12],[12,12],[13,12],[13,13],[5,14],[11,14],[12,14],[14,14]]",33,"success","success",8,3,3,0,25,0,0.2,0.2
"2026-10-09T04:56:14.945Z","benchmark","benchmark-1791521774532","seeded-medium-2718","seeded-medium-2718",8,"astar",15,15,3,2718,0.16,0.1467,"9,8","S","3,8","[[7,0],[9,0],[2,2],[4,2],[2,3],[4,4],[5,4],[7,4],[8,4],[9,4],[12,4],[0,5],[1,5],[5,5],[8,5],[9,5],[0,6],[2,6],[6,6],[8,8],[0,9],[5,9],[7,9],[11,9],[7,12],[8,12],[12,12],[13,12],[13,13],[5,14],[11,14],[12,14],[14,14]]",33,"success","success",8,3,3,0,55,0.1,0.1,0.2
"2026-10-09T04:56:14.946Z","benchmark","benchmark-1791521774532","seeded-medium-3141","seeded-medium-3141",8,"astar",15,15,3,3141,0.16,0.1956,"0,11","E","12,14","[[4,0],[13,0],[14,0],[4,1],[10,1],[11,1],[12,1],[7,2],[12,2],[8,3],[10,3],[4,4],[5,5],[8,5],[11,5],[13,5],[14,5],[4,6],[5,6],[6,6],[7,6],[9,6],[1,7],[9,7],[14,7],[10,8],[14,8],[2,9],[4,9],[7,9],[9,9],[12,9],[2,10],[9,11],[4,12],[8,12],[9,12],[13,12],[14,12],[11,13],[3,14],[4,14],[7,14],[9,14]]",44,"success","success",17,2,2,0,99,0,0.2,0.2
"2026-10-09T04:56:14.946Z","benchmark","benchmark-1791521774532","seeded-medium-3141","seeded-medium-3141",8,"dstar",15,15,3,3141,0.16,0.1956,"0,11","E","12,14","[[4,0],[13,0],[14,0],[4,1],[10,1],[11,1],[12,1],[7,2],[12,2],[8,3],[10,3],[4,4],[5,5],[8,5],[11,5],[13,5],[14,5],[4,6],[5,6],[6,6],[7,6],[9,6],[1,7],[9,7],[14,7],[10,8],[14,8],[2,9],[4,9],[7,9],[9,9],[12,9],[2,10],[9,11],[4,12],[8,12],[9,12],[13,12],[14,12],[11,13],[3,14],[4,14],[7,14],[9,14]]",44,"success","success",17,2,2,0,65,0.4,0.2,0.6
"2026-10-09T04:56:14.946Z","benchmark","benchmark-1791521774532","seeded-medium-4207","seeded-medium-4207",8,"dstar",15,15,3,4207,0.16,0.1556,"7,7","W","10,1","[[0,0],[7,0],[14,0],[5,1],[1,2],[8,2],[11,2],[13,2],[12,3],[14,3],[2,4],[7,4],[12,4],[14,4],[0,5],[1,5],[6,5],[11,5],[1,6],[12,6],[12,7],[14,7],[1,8],[6,8],[9,8],[10,8],[12,8],[14,8],[5,9],[0,10],[7,10],[4,11],[5,11],[0,12],[2,13]]",35,"success","success",9,2,2,0,30,0.2,0.1,0.3
"2026-10-09T04:56:14.947Z","benchmark","benchmark-1791521774532","seeded-medium-4207","seeded-medium-4207",8,"astar",15,15,3,4207,0.16,0.1556,"7,7","W","10,1","[[0,0],[7,0],[14,0],[5,1],[1,2],[8,2],[11,2],[13,2],[12,3],[14,3],[2,4],[7,4],[12,4],[14,4],[0,5],[1,5],[6,5],[11,5],[1,6],[12,6],[12,7],[14,7],[1,8],[6,8],[9,8],[10,8],[12,8],[14,8],[5,9],[0,10],[7,10],[4,11],[5,11],[0,12],[2,13]]",35,"success","success",9,2,2,0,62,0,0,0
"2026-10-09T04:56:14.947Z","benchmark","benchmark-1791521774532","seeded-medium-5629","seeded-medium-5629",8,"astar",15,15,3,5629,0.16,0.1644,"1,4","E","1,10","[[12,0],[14,0],[1,1],[9,1],[9,2],[13,2],[0,3],[2,3],[3,3],[2,4],[3,4],[5,4],[12,4],[14,4],[2,5],[13,5],[14,5],[6,6],[7,6],[8,6],[9,6],[11,6],[12,6],[3,7],[4,7],[11,7],[14,7],[10,9],[1,11],[2,12],[12,12],[14,12],[1,13],[3,13],[8,13],[0,14],[14,14]]",37,"success","success",6,1,2,0,8,0,0,0
"2026-10-09T04:56:14.947Z","benchmark","benchmark-1791521774532","seeded-medium-5629","seeded-medium-5629",8,"dstar",15,15,3,5629,0.16,0.1644,"1,4","E","1,10","[[12,0],[14,0],[1,1],[9,1],[9,2],[13,2],[0,3],[2,3],[3,3],[2,4],[3,4],[5,4],[12,4],[14,4],[2,5],[13,5],[14,5],[6,6],[7,6],[8,6],[9,6],[11,6],[12,6],[3,7],[4,7],[11,7],[14,7],[10,9],[1,11],[2,12],[12,12],[14,12],[1,13],[3,13],[8,13],[0,14],[14,14]]",37,"success","success",6,1,2,0,7,0.1,0,0.1
"2026-10-09T04:56:14.950Z","benchmark","benchmark-1791521774532","seeded-medium-7001","seeded-medium-7001",8,"dstar",15,15,3,7001,0.16,0.1956,"5,6","E","2,9","[[1,0],[9,0],[13,0],[7,1],[12,1],[3,2],[7,2],[5,3],[9,3],[3,4],[4,4],[13,4],[14,4],[4,5],[8,5],[1,6],[2,6],[3,6],[12,6],[2,7],[4,7],[12,7],[4,8],[13,8],[3,9],[10,9],[3,10],[4,10],[11,10],[2,11],[4,11],[5,11],[12,11],[13,11],[5,12],[5,13],[7,13],[8,13],[10,13],[12,13],[2,14],[4,14],[10,14],[11,14]]",44,"success","success",46,18,18,0,156,0.2,2.2,2.4
"2026-10-09T04:56:14.950Z","benchmark","benchmark-1791521774532","seeded-medium-7001","seeded-medium-7001",8,"astar",15,15,3,7001,0.16,0.1956,"5,6","E","2,9","[[1,0],[9,0],[13,0],[7,1],[12,1],[3,2],[7,2],[5,3],[9,3],[3,4],[4,4],[13,4],[14,4],[4,5],[8,5],[1,6],[2,6],[3,6],[12,6],[2,7],[4,7],[12,7],[4,8],[13,8],[3,9],[10,9],[3,10],[4,10],[11,10],[2,11],[4,11],[5,11],[12,11],[13,11],[5,12],[5,13],[7,13],[8,13],[10,13],[12,13],[2,14],[4,14],[10,14],[11,14]]",44,"success","success",30,15,15,0,260,0,0.4,0.4
"2026-10-09T04:56:14.952Z","benchmark","benchmark-1791521774532","seeded-high-1701","seeded-high-1701",8,"astar",15,15,3,1701,0.24,0.2578,"0,11","E","12,14","[[4,0],[5,0],[6,0],[12,0],[1,1],[4,1],[6,1],[7,1],[9,1],[0,2],[4,2],[5,2],[7,2],[9,3],[11,3],[13,3],[5,4],[7,4],[8,4],[10,4],[0,5],[4,5],[6,5],[1,6],[3,6],[7,6],[0,7],[3,7],[4,7],[5,7],[6,7],[8,7],[11,7],[13,7],[2,8],[5,8],[8,8],[2,9],[4,9],[6,9],[8,9],[7,10],[12,10],[3,11],[4,11],[6,11],[7,11],[1,12],[6,12],[12,12],[14,12],[6,13],[7,13],[8,13],[4,14],[9,14],[10,14],[11,14]]",58,"success","success",65,24,25,0,1410,0,2,2
"2026-10-09T04:56:14.956Z","benchmark","benchmark-1791521774532","seeded-high-1701","seeded-high-1701",8,"dstar",15,15,3,1701,0.24,0.2578,"0,11","E","12,14","[[4,0],[5,0],[6,0],[12,0],[1,1],[4,1],[6,1],[7,1],[9,1],[0,2],[4,2],[5,2],[7,2],[9,3],[11,3],[13,3],[5,4],[7,4],[8,4],[10,4],[0,5],[4,5],[6,5],[1,6],[3,6],[7,6],[0,7],[3,7],[4,7],[5,7],[6,7],[8,7],[11,7],[13,7],[2,8],[5,8],[8,8],[2,9],[4,9],[6,9],[8,9],[7,10],[12,10],[3,11],[4,11],[6,11],[7,11],[1,12],[6,12],[12,12],[14,12],[6,13],[7,13],[8,13],[4,14],[9,14],[10,14],[11,14]]",58,"success","success",63,24,25,0,308,0.5,3.5,4
"2026-10-09T04:56:14.957Z","benchmark","benchmark-1791521774532","seeded-high-2718","seeded-high-2718",8,"dstar",15,15,3,2718,0.24,0.2044,"9,8","S","3,8","[[7,0],[8,0],[9,0],[7,1],[2,2],[4,2],[14,2],[2,3],[8,3],[3,4],[4,4],[5,4],[7,4],[8,4],[9,4],[11,4],[12,4],[0,5],[1,5],[5,5],[8,5],[9,5],[0,6],[2,6],[6,6],[7,6],[14,6],[8,8],[0,9],[5,9],[7,9],[11,9],[8,10],[9,10],[11,10],[0,12],[3,12],[7,12],[8,12],[12,12],[13,12],[13,13],[5,14],[11,14],[12,14],[14,14]]",46,"success","success",8,3,4,0,25,0.1,0.2,0.3
"2026-10-09T04:56:14.957Z","benchmark","benchmark-1791521774532","seeded-high-2718","seeded-high-2718",8,"astar",15,15,3,2718,0.24,0.2044,"9,8","S","3,8","[[7,0],[8,0],[9,0],[7,1],[2,2],[4,2],[14,2],[2,3],[8,3],[3,4],[4,4],[5,4],[7,4],[8,4],[9,4],[11,4],[12,4],[0,5],[1,5],[5,5],[8,5],[9,5],[0,6],[2,6],[6,6],[7,6],[14,6],[8,8],[0,9],[5,9],[7,9],[11,9],[8,10],[9,10],[11,10],[0,12],[3,12],[7,12],[8,12],[12,12],[13,12],[13,13],[5,14],[11,14],[12,14],[14,14]]",46,"success","success",8,3,4,0,55,0,0.1,0.1
"2026-10-09T04:56:14.957Z","benchmark","benchmark-1791521774532","seeded-high-3141","seeded-high-3141",8,"astar",15,15,3,3141,0.24,0.2667,"0,11","E","12,14","[[4,0],[13,0],[14,0],[4,1],[9,1],[10,1],[11,1],[12,1],[0,2],[7,2],[9,2],[12,2],[13,2],[14,2],[8,3],[10,3],[3,4],[4,4],[1,5],[5,5],[8,5],[11,5],[13,5],[14,5],[4,6],[5,6],[6,6],[7,6],[9,6],[1,7],[9,7],[14,7],[3,8],[10,8],[14,8],[0,9],[1,9],[2,9],[4,9],[6,9],[7,9],[9,9],[12,9],[1,10],[2,10],[5,10],[7,10],[9,11],[11,11],[4,12],[8,12],[9,12],[13,12],[14,12],[1,13],[11,13],[3,14],[4,14],[7,14],[9,14]]",60,"success","success",17,2,2,0,99,0.1,0,0.1
"2026-10-09T04:56:14.958Z","benchmark","benchmark-1791521774532","seeded-high-3141","seeded-high-3141",8,"dstar",15,15,3,3141,0.24,0.2667,"0,11","E","12,14","[[4,0],[13,0],[14,0],[4,1],[9,1],[10,1],[11,1],[12,1],[0,2],[7,2],[9,2],[12,2],[13,2],[14,2],[8,3],[10,3],[3,4],[4,4],[1,5],[5,5],[8,5],[11,5],[13,5],[14,5],[4,6],[5,6],[6,6],[7,6],[9,6],[1,7],[9,7],[14,7],[3,8],[10,8],[14,8],[0,9],[1,9],[2,9],[4,9],[6,9],[7,9],[9,9],[12,9],[1,10],[2,10],[5,10],[7,10],[9,11],[11,11],[4,12],[8,12],[9,12],[13,12],[14,12],[1,13],[11,13],[3,14],[4,14],[7,14],[9,14]]",60,"success","success",17,2,2,0,65,0.7,0.2,0.9
"2026-10-09T04:56:14.959Z","benchmark","benchmark-1791521774532","seeded-high-4207","seeded-high-4207",8,"dstar",15,15,3,4207,0.24,0.2267,"7,7","W","10,1","[[0,0],[7,0],[10,0],[14,0],[5,1],[11,1],[13,1],[1,2],[8,2],[11,2],[13,2],[0,3],[3,3],[12,3],[14,3],[2,4],[7,4],[12,4],[14,4],[0,5],[1,5],[6,5],[10,5],[11,5],[1,6],[7,6],[12,6],[12,7],[14,7],[1,8],[6,8],[9,8],[10,8],[12,8],[14,8],[1,9],[5,9],[13,9],[0,10],[7,10],[8,10],[4,11],[5,11],[10,11],[0,12],[2,13],[3,14],[6,14],[11,14],[12,14],[14,14]]",51,"success","success",9,3,3,0,30,0.4,0.1,0.5
"2026-10-09T04:56:14.959Z","benchmark","benchmark-1791521774532","seeded-high-4207","seeded-high-4207",8,"astar",15,15,3,4207,0.24,0.2267,"7,7","W","10,1","[[0,0],[7,0],[10,0],[14,0],[5,1],[11,1],[13,1],[1,2],[8,2],[11,2],[13,2],[0,3],[3,3],[12,3],[14,3],[2,4],[7,4],[12,4],[14,4],[0,5],[1,5],[6,5],[10,5],[11,5],[1,6],[7,6],[12,6],[12,7],[14,7],[1,8],[6,8],[9,8],[10,8],[12,8],[14,8],[1,9],[5,9],[13,9],[0,10],[7,10],[8,10],[4,11],[5,11],[10,11],[0,12],[2,13],[3,14],[6,14],[11,14],[12,14],[14,14]]",51,"success","success",9,3,3,0,61,0,0.1,0.1
"2026-10-09T04:56:14.959Z","benchmark","benchmark-1791521774532","seeded-high-5629","seeded-high-5629",8,"astar",15,15,3,5629,0.24,0.2444,"1,4","E","1,10","[[3,0],[6,0],[12,0],[14,0],[1,1],[9,1],[9,2],[13,2],[0,3],[2,3],[3,3],[2,4],[3,4],[5,4],[12,4],[13,4],[14,4],[0,5],[1,5],[2,5],[7,5],[12,5],[13,5],[14,5],[6,6],[7,6],[8,6],[9,6],[10,6],[11,6],[12,6],[3,7],[4,7],[7,7],[11,7],[14,7],[3,8],[7,8],[9,9],[10,9],[11,9],[1,11],[14,11],[2,12],[12,12],[14,12],[1,13],[3,13],[6,13],[8,13],[12,13],[0,14],[3,14],[6,14],[14,14]]",55,"success","success",18,8,9,0,170,0,0.3,0.3
"2026-10-09T04:56:14.960Z","benchmark","benchmark-1791521774532","seeded-high-5629","seeded-high-5629",8,"dstar",15,15,3,5629,0.24,0.2444,"1,4","E","1,10","[[3,0],[6,0],[12,0],[14,0],[1,1],[9,1],[9,2],[13,2],[0,3],[2,3],[3,3],[2,4],[3,4],[5,4],[12,4],[13,4],[14,4],[0,5],[1,5],[2,5],[7,5],[12,5],[13,5],[14,5],[6,6],[7,6],[8,6],[9,6],[10,6],[11,6],[12,6],[3,7],[4,7],[7,7],[11,7],[14,7],[3,8],[7,8],[9,9],[10,9],[11,9],[1,11],[14,11],[2,12],[12,12],[14,12],[1,13],[3,13],[6,13],[8,13],[12,13],[0,14],[3,14],[6,14],[14,14]]",55,"success","success",18,9,10,0,71,0.2,0.7,0.9
"2026-10-09T04:56:14.961Z","benchmark","benchmark-1791521774532","seeded-high-7001","seeded-high-7001",8,"dstar",15,15,3,8010,0.24,0.3022,"3,5","S","9,2","[[0,0],[5,0],[7,0],[12,0],[13,0],[5,1],[0,2],[1,2],[2,2],[3,2],[5,2],[8,2],[0,3],[2,3],[8,3],[10,3],[13,3],[5,4],[6,4],[7,4],[9,4],[12,4],[4,5],[6,5],[8,5],[10,5],[13,5],[14,5],[7,6],[11,6],[14,6],[1,7],[2,7],[3,7],[9,7],[13,7],[1,8],[6,8],[8,8],[9,8],[11,8],[12,8],[4,9],[5,9],[10,9],[3,10],[6,10],[0,11],[12,11],[1,12],[5,12],[6,12],[7,12],[12,12],[14,12],[1,13],[3,13],[4,13],[5,13],[8,13],[9,13],[10,13],[11,13],[0,14],[2,14],[3,14],[8,14],[10,14]]",68,"success","success",17,8,9,0,61,0.4,0.4,0.8
"2026-10-09T04:56:14.962Z","benchmark","benchmark-1791521774532","seeded-high-7001","seeded-high-7001",8,"astar",15,15,3,8010,0.24,0.3022,"3,5","S","9,2","[[0,0],[5,0],[7,0],[12,0],[13,0],[5,1],[0,2],[1,2],[2,2],[3,2],[5,2],[8,2],[0,3],[2,3],[8,3],[10,3],[13,3],[5,4],[6,4],[7,4],[9,4],[12,4],[4,5],[6,5],[8,5],[10,5],[13,5],[14,5],[7,6],[11,6],[14,6],[1,7],[2,7],[3,7],[9,7],[13,7],[1,8],[6,8],[8,8],[9,8],[11,8],[12,8],[4,9],[5,9],[10,9],[3,10],[6,10],[0,11],[12,11],[1,12],[5,12],[6,12],[7,12],[12,12],[14,12],[1,13],[3,13],[4,13],[5,13],[8,13],[9,13],[10,13],[11,13],[0,14],[2,14],[3,14],[8,14],[10,14]]",68,"success","success",15,8,9,0,123,0.6,0.2,0.8
"2026-10-09T04:56:14.964Z","benchmark","benchmark-1791521774532","open","open",9,"dstar",15,15,3,"","",0,"1,12","E","13,2","[]",0,"success","success",22,0,0,0,143,2.1,0,2.1
"2026-10-09T04:56:14.965Z","benchmark","benchmark-1791521774532","open","open",9,"astar",15,15,3,"","",0,"1,12","E","13,2","[]",0,"success","success",22,0,0,0,142,0.4,0,0.4
"2026-10-09T04:56:14.965Z","benchmark","benchmark-1791521774532","blocker","blocker",9,"astar",15,15,3,"","",0.0044,"1,7","E","13,7","[[7,7]]",1,"success","success",14,1,1,0,41,0.1,0,0.1
"2026-10-09T04:56:14.965Z","benchmark","benchmark-1791521774532","blocker","blocker",9,"dstar",15,15,3,"","",0.0044,"1,7","E","13,7","[[7,7]]",1,"success","success",14,1,1,0,42,0.2,0.3,0.5
"2026-10-09T04:56:14.967Z","benchmark","benchmark-1791521774532","detour","detour",9,"dstar",15,15,3,"","",0.0622,"1,7","E","13,7","[[7,0],[7,1],[7,2],[7,4],[7,5],[7,6],[7,7],[7,8],[7,9],[7,10],[7,11],[7,12],[7,13],[7,14]]",14,"success","success",20,4,4,0,96,0.1,1.6,1.7
"2026-10-09T04:56:14.968Z","benchmark","benchmark-1791521774532","detour","detour",9,"astar",15,15,3,"","",0.0622,"1,7","E","13,7","[[7,0],[7,1],[7,2],[7,4],[7,5],[7,6],[7,7],[7,8],[7,9],[7,10],[7,11],[7,12],[7,13],[7,14]]",14,"success","success",36,11,11,0,453,0,0.7,0.7
"2026-10-09T04:56:14.970Z","benchmark","benchmark-1791521774532","corridor","corridor",9,"astar",15,15,3,"","",0.1244,"1,12","E","13,3","[[4,0],[10,0],[4,1],[10,1],[4,2],[10,2],[4,3],[4,4],[10,4],[4,5],[10,5],[4,6],[10,6],[4,7],[10,7],[4,8],[10,8],[4,9],[10,9],[4,10],[10,10],[4,11],[10,11],[10,12],[4,13],[10,13],[4,14],[10,14]]",28,"success","success",41,10,10,0,782,0.2,1.7,1.9
"2026-10-09T04:56:14.972Z","benchmark","benchmark-1791521774532","corridor","corridor",9,"dstar",15,15,3,"","",0.1244,"1,12","E","13,3","[[4,0],[10,0],[4,1],[10,1],[4,2],[10,2],[4,3],[4,4],[10,4],[4,5],[10,5],[4,6],[10,6],[4,7],[10,7],[4,8],[10,8],[4,9],[10,9],[4,10],[10,10],[4,11],[10,11],[10,12],[4,13],[10,13],[4,14],[10,14]]",28,"success","success",45,12,12,0,249,1.1,1.5,2.6
"2026-10-09T04:56:14.976Z","benchmark","benchmark-1791521774532","maze","maze",9,"dstar",15,15,3,"","",0.1867,"1,13","E","13,1","[[3,0],[7,0],[11,0],[7,1],[3,2],[7,2],[11,2],[3,3],[7,3],[11,3],[3,4],[7,4],[11,4],[3,5],[7,5],[11,5],[3,6],[7,6],[11,6],[3,7],[7,7],[11,7],[3,8],[7,8],[11,8],[3,9],[7,9],[11,9],[3,10],[7,10],[11,10],[3,11],[7,11],[11,11],[3,12],[7,12],[11,12],[3,13],[11,13],[3,14],[7,14],[11,14]]",42,"success","success",50,13,14,0,261,1.6,1.8,3.4
"2026-10-09T04:56:14.978Z","benchmark","benchmark-1791521774532","maze","maze",9,"astar",15,15,3,"","",0.1867,"1,13","E","13,1","[[3,0],[7,0],[11,0],[7,1],[3,2],[7,2],[11,2],[3,3],[7,3],[11,3],[3,4],[7,4],[11,4],[3,5],[7,5],[11,5],[3,6],[7,6],[11,6],[3,7],[7,7],[11,7],[3,8],[7,8],[11,8],[3,9],[7,9],[11,9],[3,10],[7,10],[11,10],[3,11],[7,11],[11,11],[3,12],[7,12],[11,12],[3,13],[11,13],[3,14],[7,14],[11,14]]",42,"success","success",50,13,14,0,907,0.3,1.9,2.2
"2026-10-09T04:56:14.979Z","benchmark","benchmark-1791521774532","no-route","no-route",9,"astar",15,15,3,"","",0.0667,"1,7","E","13,7","[[7,0],[7,1],[7,2],[7,3],[7,4],[7,5],[7,6],[7,7],[7,8],[7,9],[7,10],[7,11],[7,12],[7,13],[7,14]]",15,"no_route","no_route",28,15,15,0,726,0,1,1
"2026-10-09T04:56:14.984Z","benchmark","benchmark-1791521774532","no-route","no-route",9,"dstar",15,15,3,"","",0.0667,"1,7","E","13,7","[[7,0],[7,1],[7,2],[7,3],[7,4],[7,5],[7,6],[7,7],[7,8],[7,9],[7,10],[7,11],[7,12],[7,13],[7,14]]",15,"no_route","no_route",26,15,15,0,267,0.1,4.2,4.3
"2026-10-09T04:56:14.984Z","benchmark","benchmark-1791521774532","seeded-low-1701","seeded-low-1701",9,"dstar",15,15,3,1701,0.08,0.0711,"0,11","E","12,14","[[1,1],[4,2],[7,2],[7,4],[8,4],[0,7],[4,9],[12,10],[3,11],[7,11],[1,12],[12,12],[14,12],[7,13],[10,14],[11,14]]",16,"success","success",15,2,3,0,53,0.5,0.1,0.6
"2026-10-09T04:56:14.984Z","benchmark","benchmark-1791521774532","seeded-low-1701","seeded-low-1701",9,"astar",15,15,3,1701,0.08,0.0711,"0,11","E","12,14","[[1,1],[4,2],[7,2],[7,4],[8,4],[0,7],[4,9],[12,10],[3,11],[7,11],[1,12],[12,12],[14,12],[7,13],[10,14],[11,14]]",16,"success","success",15,2,3,0,54,0.1,0,0.1
"2026-10-09T04:56:14.984Z","benchmark","benchmark-1791521774532","seeded-low-2718","seeded-low-2718",9,"astar",15,15,3,2718,0.08,0.0711,"9,8","S","3,8","[[2,2],[2,3],[5,4],[9,4],[12,4],[0,5],[1,5],[2,6],[6,6],[0,9],[11,9],[8,12],[5,14],[11,14],[12,14],[14,14]]",16,"success","success",6,0,0,0,6,0,0,0
"2026-10-09T04:56:14.985Z","benchmark","benchmark-1791521774532","seeded-low-2718","seeded-low-2718",9,"dstar",15,15,3,2718,0.08,0.0711,"9,8","S","3,8","[[2,2],[2,3],[5,4],[9,4],[12,4],[0,5],[1,5],[2,6],[6,6],[0,9],[11,9],[8,12],[5,14],[11,14],[12,14],[14,14]]",16,"success","success",6,0,0,0,7,0.1,0,0.1
"2026-10-09T04:56:14.985Z","benchmark","benchmark-1791521774532","seeded-low-3141","seeded-low-3141",9,"dstar",15,15,3,3141,0.08,0.1156,"0,11","E","12,14","[[13,0],[14,0],[4,1],[12,2],[8,3],[4,4],[8,5],[11,5],[4,6],[6,6],[9,6],[9,7],[14,7],[10,8],[14,8],[2,9],[7,9],[9,9],[12,9],[2,10],[4,12],[8,12],[9,12],[13,12],[3,14],[4,14]]",26,"success","success",15,0,0,0,52,0.6,0,0.6
"2026-10-09T04:56:14.985Z","benchmark","benchmark-1791521774532","seeded-low-3141","seeded-low-3141",9,"astar",15,15,3,3141,0.08,0.1156,"0,11","E","12,14","[[13,0],[14,0],[4,1],[12,2],[8,3],[4,4],[8,5],[11,5],[4,6],[6,6],[9,6],[9,7],[14,7],[10,8],[14,8],[2,9],[7,9],[9,9],[12,9],[2,10],[4,12],[8,12],[9,12],[13,12],[3,14],[4,14]]",26,"success","success",15,0,0,0,51,0.1,0,0.1
"2026-10-09T04:56:14.985Z","benchmark","benchmark-1791521774532","seeded-low-4207","seeded-low-4207",9,"astar",15,15,3,4207,0.08,0.08,"7,7","W","10,1","[[7,0],[14,0],[1,2],[8,2],[13,2],[2,4],[12,4],[0,5],[1,5],[6,5],[11,5],[1,6],[12,6],[12,7],[1,8],[0,10],[0,12],[2,13]]",18,"success","success",9,1,1,0,38,0.1,0,0.1
"2026-10-09T04:56:14.986Z","benchmark","benchmark-1791521774532","seeded-low-4207","seeded-low-4207",9,"dstar",15,15,3,4207,0.08,0.08,"7,7","W","10,1","[[7,0],[14,0],[1,2],[8,2],[13,2],[2,4],[12,4],[0,5],[1,5],[6,5],[11,5],[1,6],[12,6],[12,7],[1,8],[0,10],[0,12],[2,13]]",18,"success","success",9,1,1,0,28,0.3,0.1,0.4
"2026-10-09T04:56:14.986Z","benchmark","benchmark-1791521774532","seeded-low-5629","seeded-low-5629",9,"dstar",15,15,3,5629,0.08,0.0667,"1,4","E","1,10","[[3,4],[5,4],[14,4],[2,5],[13,5],[7,6],[9,6],[12,6],[4,7],[11,7],[14,7],[1,11],[2,12],[14,12],[8,13]]",15,"success","success",6,1,2,0,7,0,0,0
"2026-10-09T04:56:14.986Z","benchmark","benchmark-1791521774532","seeded-low-5629","seeded-low-5629",9,"astar",15,15,3,5629,0.08,0.0667,"1,4","E","1,10","[[3,4],[5,4],[14,4],[2,5],[13,5],[7,6],[9,6],[12,6],[4,7],[11,7],[14,7],[1,11],[2,12],[14,12],[8,13]]",15,"success","success",6,1,2,0,8,0,0.1,0.1
"2026-10-09T04:56:14.986Z","benchmark","benchmark-1791521774532","seeded-low-7001","seeded-low-7001",9,"astar",15,15,3,7001,0.08,0.1111,"5,6","E","2,9","[[1,0],[9,0],[3,2],[7,2],[5,3],[3,4],[4,4],[13,4],[14,4],[4,5],[8,5],[2,6],[12,7],[13,8],[3,9],[10,9],[3,10],[2,11],[5,11],[12,11],[5,12],[8,13],[12,13],[10,14],[11,14]]",25,"success","success",8,3,3,0,34,0,0.2,0.2
"2026-10-09T04:56:14.987Z","benchmark","benchmark-1791521774532","seeded-low-7001","seeded-low-7001",9,"dstar",15,15,3,7001,0.08,0.1111,"5,6","E","2,9","[[1,0],[9,0],[3,2],[7,2],[5,3],[3,4],[4,4],[13,4],[14,4],[4,5],[8,5],[2,6],[12,7],[13,8],[3,9],[10,9],[3,10],[2,11],[5,11],[12,11],[5,12],[8,13],[12,13],[10,14],[11,14]]",25,"success","success",8,3,3,0,26,0,0.3,0.3
"2026-10-09T04:56:14.987Z","benchmark","benchmark-1791521774532","seeded-medium-1701","seeded-medium-1701",9,"dstar",15,15,3,1701,0.16,0.1689,"0,11","E","12,14","[[4,0],[6,0],[12,0],[1,1],[4,1],[9,1],[4,2],[5,2],[7,2],[9,3],[13,3],[5,4],[7,4],[8,4],[0,5],[3,6],[0,7],[5,7],[6,7],[2,8],[4,9],[8,9],[7,10],[12,10],[3,11],[4,11],[6,11],[7,11],[1,12],[6,12],[12,12],[14,12],[6,13],[7,13],[8,13],[4,14],[10,14],[11,14]]",38,"success","success",17,5,6,0,64,0.4,0.1,0.5
"2026-10-09T04:56:14.987Z","benchmark","benchmark-1791521774532","seeded-medium-1701","seeded-medium-1701",9,"astar",15,15,3,1701,0.16,0.1689,"0,11","E","12,14","[[4,0],[6,0],[12,0],[1,1],[4,1],[9,1],[4,2],[5,2],[7,2],[9,3],[13,3],[5,4],[7,4],[8,4],[0,5],[3,6],[0,7],[5,7],[6,7],[2,8],[4,9],[8,9],[7,10],[12,10],[3,11],[4,11],[6,11],[7,11],[1,12],[6,12],[12,12],[14,12],[6,13],[7,13],[8,13],[4,14],[10,14],[11,14]]",38,"success","success",17,3,4,0,82,0,0.1,0.1
"2026-10-09T04:56:14.988Z","benchmark","benchmark-1791521774532","seeded-medium-2718","seeded-medium-2718",9,"astar",15,15,3,2718,0.16,0.1467,"9,8","S","3,8","[[7,0],[9,0],[2,2],[4,2],[2,3],[4,4],[5,4],[7,4],[8,4],[9,4],[12,4],[0,5],[1,5],[5,5],[8,5],[9,5],[0,6],[2,6],[6,6],[8,8],[0,9],[5,9],[7,9],[11,9],[7,12],[8,12],[12,12],[13,12],[13,13],[5,14],[11,14],[12,14],[14,14]]",33,"success","success",8,3,3,0,55,0,0,0
"2026-10-09T04:56:14.988Z","benchmark","benchmark-1791521774532","seeded-medium-2718","seeded-medium-2718",9,"dstar",15,15,3,2718,0.16,0.1467,"9,8","S","3,8","[[7,0],[9,0],[2,2],[4,2],[2,3],[4,4],[5,4],[7,4],[8,4],[9,4],[12,4],[0,5],[1,5],[5,5],[8,5],[9,5],[0,6],[2,6],[6,6],[8,8],[0,9],[5,9],[7,9],[11,9],[7,12],[8,12],[12,12],[13,12],[13,13],[5,14],[11,14],[12,14],[14,14]]",33,"success","success",8,3,3,0,25,0.1,0.2,0.3
"2026-10-09T04:56:14.988Z","benchmark","benchmark-1791521774532","seeded-medium-3141","seeded-medium-3141",9,"dstar",15,15,3,3141,0.16,0.1956,"0,11","E","12,14","[[4,0],[13,0],[14,0],[4,1],[10,1],[11,1],[12,1],[7,2],[12,2],[8,3],[10,3],[4,4],[5,5],[8,5],[11,5],[13,5],[14,5],[4,6],[5,6],[6,6],[7,6],[9,6],[1,7],[9,7],[14,7],[10,8],[14,8],[2,9],[4,9],[7,9],[9,9],[12,9],[2,10],[9,11],[4,12],[8,12],[9,12],[13,12],[14,12],[11,13],[3,14],[4,14],[7,14],[9,14]]",44,"success","success",17,2,2,0,65,0.4,0.2,0.6
"2026-10-09T04:56:14.989Z","benchmark","benchmark-1791521774532","seeded-medium-3141","seeded-medium-3141",9,"astar",15,15,3,3141,0.16,0.1956,"0,11","E","12,14","[[4,0],[13,0],[14,0],[4,1],[10,1],[11,1],[12,1],[7,2],[12,2],[8,3],[10,3],[4,4],[5,5],[8,5],[11,5],[13,5],[14,5],[4,6],[5,6],[6,6],[7,6],[9,6],[1,7],[9,7],[14,7],[10,8],[14,8],[2,9],[4,9],[7,9],[9,9],[12,9],[2,10],[9,11],[4,12],[8,12],[9,12],[13,12],[14,12],[11,13],[3,14],[4,14],[7,14],[9,14]]",44,"success","success",17,2,2,0,99,0,0.1,0.1
"2026-10-09T04:56:14.989Z","benchmark","benchmark-1791521774532","seeded-medium-4207","seeded-medium-4207",9,"astar",15,15,3,4207,0.16,0.1556,"7,7","W","10,1","[[0,0],[7,0],[14,0],[5,1],[1,2],[8,2],[11,2],[13,2],[12,3],[14,3],[2,4],[7,4],[12,4],[14,4],[0,5],[1,5],[6,5],[11,5],[1,6],[12,6],[12,7],[14,7],[1,8],[6,8],[9,8],[10,8],[12,8],[14,8],[5,9],[0,10],[7,10],[4,11],[5,11],[0,12],[2,13]]",35,"success","success",9,2,2,0,62,0.1,0,0.1
"2026-10-09T04:56:14.989Z","benchmark","benchmark-1791521774532","seeded-medium-4207","seeded-medium-4207",9,"dstar",15,15,3,4207,0.16,0.1556,"7,7","W","10,1","[[0,0],[7,0],[14,0],[5,1],[1,2],[8,2],[11,2],[13,2],[12,3],[14,3],[2,4],[7,4],[12,4],[14,4],[0,5],[1,5],[6,5],[11,5],[1,6],[12,6],[12,7],[14,7],[1,8],[6,8],[9,8],[10,8],[12,8],[14,8],[5,9],[0,10],[7,10],[4,11],[5,11],[0,12],[2,13]]",35,"success","success",9,2,2,0,30,0.2,0.2,0.4
"2026-10-09T04:56:14.989Z","benchmark","benchmark-1791521774532","seeded-medium-5629","seeded-medium-5629",9,"dstar",15,15,3,5629,0.16,0.1644,"1,4","E","1,10","[[12,0],[14,0],[1,1],[9,1],[9,2],[13,2],[0,3],[2,3],[3,3],[2,4],[3,4],[5,4],[12,4],[14,4],[2,5],[13,5],[14,5],[6,6],[7,6],[8,6],[9,6],[11,6],[12,6],[3,7],[4,7],[11,7],[14,7],[10,9],[1,11],[2,12],[12,12],[14,12],[1,13],[3,13],[8,13],[0,14],[14,14]]",37,"success","success",6,1,2,0,7,0.1,0,0.1
"2026-10-09T04:56:14.989Z","benchmark","benchmark-1791521774532","seeded-medium-5629","seeded-medium-5629",9,"astar",15,15,3,5629,0.16,0.1644,"1,4","E","1,10","[[12,0],[14,0],[1,1],[9,1],[9,2],[13,2],[0,3],[2,3],[3,3],[2,4],[3,4],[5,4],[12,4],[14,4],[2,5],[13,5],[14,5],[6,6],[7,6],[8,6],[9,6],[11,6],[12,6],[3,7],[4,7],[11,7],[14,7],[10,9],[1,11],[2,12],[12,12],[14,12],[1,13],[3,13],[8,13],[0,14],[14,14]]",37,"success","success",6,1,2,0,8,0,0,0
"2026-10-09T04:56:14.990Z","benchmark","benchmark-1791521774532","seeded-medium-7001","seeded-medium-7001",9,"astar",15,15,3,7001,0.16,0.1956,"5,6","E","2,9","[[1,0],[9,0],[13,0],[7,1],[12,1],[3,2],[7,2],[5,3],[9,3],[3,4],[4,4],[13,4],[14,4],[4,5],[8,5],[1,6],[2,6],[3,6],[12,6],[2,7],[4,7],[12,7],[4,8],[13,8],[3,9],[10,9],[3,10],[4,10],[11,10],[2,11],[4,11],[5,11],[12,11],[13,11],[5,12],[5,13],[7,13],[8,13],[10,13],[12,13],[2,14],[4,14],[10,14],[11,14]]",44,"success","success",30,15,15,0,260,0,0.5,0.5
"2026-10-09T04:56:14.992Z","benchmark","benchmark-1791521774532","seeded-medium-7001","seeded-medium-7001",9,"dstar",15,15,3,7001,0.16,0.1956,"5,6","E","2,9","[[1,0],[9,0],[13,0],[7,1],[12,1],[3,2],[7,2],[5,3],[9,3],[3,4],[4,4],[13,4],[14,4],[4,5],[8,5],[1,6],[2,6],[3,6],[12,6],[2,7],[4,7],[12,7],[4,8],[13,8],[3,9],[10,9],[3,10],[4,10],[11,10],[2,11],[4,11],[5,11],[12,11],[13,11],[5,12],[5,13],[7,13],[8,13],[10,13],[12,13],[2,14],[4,14],[10,14],[11,14]]",44,"success","success",46,18,18,0,156,0.2,2,2.2
"2026-10-09T04:56:14.997Z","benchmark","benchmark-1791521774532","seeded-high-1701","seeded-high-1701",9,"dstar",15,15,3,1701,0.24,0.2578,"0,11","E","12,14","[[4,0],[5,0],[6,0],[12,0],[1,1],[4,1],[6,1],[7,1],[9,1],[0,2],[4,2],[5,2],[7,2],[9,3],[11,3],[13,3],[5,4],[7,4],[8,4],[10,4],[0,5],[4,5],[6,5],[1,6],[3,6],[7,6],[0,7],[3,7],[4,7],[5,7],[6,7],[8,7],[11,7],[13,7],[2,8],[5,8],[8,8],[2,9],[4,9],[6,9],[8,9],[7,10],[12,10],[3,11],[4,11],[6,11],[7,11],[1,12],[6,12],[12,12],[14,12],[6,13],[7,13],[8,13],[4,14],[9,14],[10,14],[11,14]]",58,"success","success",63,24,25,0,308,0.8,4.2,5
"2026-10-09T04:56:15.000Z","benchmark","benchmark-1791521774532","seeded-high-1701","seeded-high-1701",9,"astar",15,15,3,1701,0.24,0.2578,"0,11","E","12,14","[[4,0],[5,0],[6,0],[12,0],[1,1],[4,1],[6,1],[7,1],[9,1],[0,2],[4,2],[5,2],[7,2],[9,3],[11,3],[13,3],[5,4],[7,4],[8,4],[10,4],[0,5],[4,5],[6,5],[1,6],[3,6],[7,6],[0,7],[3,7],[4,7],[5,7],[6,7],[8,7],[11,7],[13,7],[2,8],[5,8],[8,8],[2,9],[4,9],[6,9],[8,9],[7,10],[12,10],[3,11],[4,11],[6,11],[7,11],[1,12],[6,12],[12,12],[14,12],[6,13],[7,13],[8,13],[4,14],[9,14],[10,14],[11,14]]",58,"success","success",65,24,25,0,1410,0,2,2
"2026-10-09T04:56:15.000Z","benchmark","benchmark-1791521774532","seeded-high-2718","seeded-high-2718",9,"astar",15,15,3,2718,0.24,0.2044,"9,8","S","3,8","[[7,0],[8,0],[9,0],[7,1],[2,2],[4,2],[14,2],[2,3],[8,3],[3,4],[4,4],[5,4],[7,4],[8,4],[9,4],[11,4],[12,4],[0,5],[1,5],[5,5],[8,5],[9,5],[0,6],[2,6],[6,6],[7,6],[14,6],[8,8],[0,9],[5,9],[7,9],[11,9],[8,10],[9,10],[11,10],[0,12],[3,12],[7,12],[8,12],[12,12],[13,12],[13,13],[5,14],[11,14],[12,14],[14,14]]",46,"success","success",8,3,4,0,55,0,0,0
"2026-10-09T04:56:15.000Z","benchmark","benchmark-1791521774532","seeded-high-2718","seeded-high-2718",9,"dstar",15,15,3,2718,0.24,0.2044,"9,8","S","3,8","[[7,0],[8,0],[9,0],[7,1],[2,2],[4,2],[14,2],[2,3],[8,3],[3,4],[4,4],[5,4],[7,4],[8,4],[9,4],[11,4],[12,4],[0,5],[1,5],[5,5],[8,5],[9,5],[0,6],[2,6],[6,6],[7,6],[14,6],[8,8],[0,9],[5,9],[7,9],[11,9],[8,10],[9,10],[11,10],[0,12],[3,12],[7,12],[8,12],[12,12],[13,12],[13,13],[5,14],[11,14],[12,14],[14,14]]",46,"success","success",8,3,4,0,25,0.1,0.2,0.3
"2026-10-09T04:56:15.001Z","benchmark","benchmark-1791521774532","seeded-high-3141","seeded-high-3141",9,"dstar",15,15,3,3141,0.24,0.2667,"0,11","E","12,14","[[4,0],[13,0],[14,0],[4,1],[9,1],[10,1],[11,1],[12,1],[0,2],[7,2],[9,2],[12,2],[13,2],[14,2],[8,3],[10,3],[3,4],[4,4],[1,5],[5,5],[8,5],[11,5],[13,5],[14,5],[4,6],[5,6],[6,6],[7,6],[9,6],[1,7],[9,7],[14,7],[3,8],[10,8],[14,8],[0,9],[1,9],[2,9],[4,9],[6,9],[7,9],[9,9],[12,9],[1,10],[2,10],[5,10],[7,10],[9,11],[11,11],[4,12],[8,12],[9,12],[13,12],[14,12],[1,13],[11,13],[3,14],[4,14],[7,14],[9,14]]",60,"success","success",17,2,2,0,65,0.4,0.1,0.5
"2026-10-09T04:56:15.001Z","benchmark","benchmark-1791521774532","seeded-high-3141","seeded-high-3141",9,"astar",15,15,3,3141,0.24,0.2667,"0,11","E","12,14","[[4,0],[13,0],[14,0],[4,1],[9,1],[10,1],[11,1],[12,1],[0,2],[7,2],[9,2],[12,2],[13,2],[14,2],[8,3],[10,3],[3,4],[4,4],[1,5],[5,5],[8,5],[11,5],[13,5],[14,5],[4,6],[5,6],[6,6],[7,6],[9,6],[1,7],[9,7],[14,7],[3,8],[10,8],[14,8],[0,9],[1,9],[2,9],[4,9],[6,9],[7,9],[9,9],[12,9],[1,10],[2,10],[5,10],[7,10],[9,11],[11,11],[4,12],[8,12],[9,12],[13,12],[14,12],[1,13],[11,13],[3,14],[4,14],[7,14],[9,14]]",60,"success","success",17,2,2,0,99,0.1,0.1,0.2
"2026-10-09T04:56:15.001Z","benchmark","benchmark-1791521774532","seeded-high-4207","seeded-high-4207",9,"astar",15,15,3,4207,0.24,0.2267,"7,7","W","10,1","[[0,0],[7,0],[10,0],[14,0],[5,1],[11,1],[13,1],[1,2],[8,2],[11,2],[13,2],[0,3],[3,3],[12,3],[14,3],[2,4],[7,4],[12,4],[14,4],[0,5],[1,5],[6,5],[10,5],[11,5],[1,6],[7,6],[12,6],[12,7],[14,7],[1,8],[6,8],[9,8],[10,8],[12,8],[14,8],[1,9],[5,9],[13,9],[0,10],[7,10],[8,10],[4,11],[5,11],[10,11],[0,12],[2,13],[3,14],[6,14],[11,14],[12,14],[14,14]]",51,"success","success",9,3,3,0,61,0.1,0,0.1
"2026-10-09T04:56:15.001Z","benchmark","benchmark-1791521774532","seeded-high-4207","seeded-high-4207",9,"dstar",15,15,3,4207,0.24,0.2267,"7,7","W","10,1","[[0,0],[7,0],[10,0],[14,0],[5,1],[11,1],[13,1],[1,2],[8,2],[11,2],[13,2],[0,3],[3,3],[12,3],[14,3],[2,4],[7,4],[12,4],[14,4],[0,5],[1,5],[6,5],[10,5],[11,5],[1,6],[7,6],[12,6],[12,7],[14,7],[1,8],[6,8],[9,8],[10,8],[12,8],[14,8],[1,9],[5,9],[13,9],[0,10],[7,10],[8,10],[4,11],[5,11],[10,11],[0,12],[2,13],[3,14],[6,14],[11,14],[12,14],[14,14]]",51,"success","success",9,3,3,0,30,0.3,0,0.3
"2026-10-09T04:56:15.002Z","benchmark","benchmark-1791521774532","seeded-high-5629","seeded-high-5629",9,"dstar",15,15,3,5629,0.24,0.2444,"1,4","E","1,10","[[3,0],[6,0],[12,0],[14,0],[1,1],[9,1],[9,2],[13,2],[0,3],[2,3],[3,3],[2,4],[3,4],[5,4],[12,4],[13,4],[14,4],[0,5],[1,5],[2,5],[7,5],[12,5],[13,5],[14,5],[6,6],[7,6],[8,6],[9,6],[10,6],[11,6],[12,6],[3,7],[4,7],[7,7],[11,7],[14,7],[3,8],[7,8],[9,9],[10,9],[11,9],[1,11],[14,11],[2,12],[12,12],[14,12],[1,13],[3,13],[6,13],[8,13],[12,13],[0,14],[3,14],[6,14],[14,14]]",55,"success","success",18,9,10,0,71,0.1,0.9,1
"2026-10-09T04:56:15.003Z","benchmark","benchmark-1791521774532","seeded-high-5629","seeded-high-5629",9,"astar",15,15,3,5629,0.24,0.2444,"1,4","E","1,10","[[3,0],[6,0],[12,0],[14,0],[1,1],[9,1],[9,2],[13,2],[0,3],[2,3],[3,3],[2,4],[3,4],[5,4],[12,4],[13,4],[14,4],[0,5],[1,5],[2,5],[7,5],[12,5],[13,5],[14,5],[6,6],[7,6],[8,6],[9,6],[10,6],[11,6],[12,6],[3,7],[4,7],[7,7],[11,7],[14,7],[3,8],[7,8],[9,9],[10,9],[11,9],[1,11],[14,11],[2,12],[12,12],[14,12],[1,13],[3,13],[6,13],[8,13],[12,13],[0,14],[3,14],[6,14],[14,14]]",55,"success","success",18,8,9,0,170,0,0.1,0.1
"2026-10-09T04:56:15.003Z","benchmark","benchmark-1791521774532","seeded-high-7001","seeded-high-7001",9,"astar",15,15,3,8010,0.24,0.3022,"3,5","S","9,2","[[0,0],[5,0],[7,0],[12,0],[13,0],[5,1],[0,2],[1,2],[2,2],[3,2],[5,2],[8,2],[0,3],[2,3],[8,3],[10,3],[13,3],[5,4],[6,4],[7,4],[9,4],[12,4],[4,5],[6,5],[8,5],[10,5],[13,5],[14,5],[7,6],[11,6],[14,6],[1,7],[2,7],[3,7],[9,7],[13,7],[1,8],[6,8],[8,8],[9,8],[11,8],[12,8],[4,9],[5,9],[10,9],[3,10],[6,10],[0,11],[12,11],[1,12],[5,12],[6,12],[7,12],[12,12],[14,12],[1,13],[3,13],[4,13],[5,13],[8,13],[9,13],[10,13],[11,13],[0,14],[2,14],[3,14],[8,14],[10,14]]",68,"success","success",15,8,9,0,123,0,0.2,0.2
"2026-10-09T04:56:15.004Z","benchmark","benchmark-1791521774532","seeded-high-7001","seeded-high-7001",9,"dstar",15,15,3,8010,0.24,0.3022,"3,5","S","9,2","[[0,0],[5,0],[7,0],[12,0],[13,0],[5,1],[0,2],[1,2],[2,2],[3,2],[5,2],[8,2],[0,3],[2,3],[8,3],[10,3],[13,3],[5,4],[6,4],[7,4],[9,4],[12,4],[4,5],[6,5],[8,5],[10,5],[13,5],[14,5],[7,6],[11,6],[14,6],[1,7],[2,7],[3,7],[9,7],[13,7],[1,8],[6,8],[8,8],[9,8],[11,8],[12,8],[4,9],[5,9],[10,9],[3,10],[6,10],[0,11],[12,11],[1,12],[5,12],[6,12],[7,12],[12,12],[14,12],[1,13],[3,13],[4,13],[5,13],[8,13],[9,13],[10,13],[11,13],[0,14],[2,14],[3,14],[8,14],[10,14]]",68,"success","success",17,8,9,0,61,0.2,0.8,1
"2026-10-09T04:56:15.004Z","benchmark","benchmark-1791521774532","open","open",10,"astar",15,15,3,"","",0,"1,12","E","13,2","[]",0,"success","success",22,0,0,0,142,0.5,0,0.5
"2026-10-09T04:56:15.006Z","benchmark","benchmark-1791521774532","open","open",10,"dstar",15,15,3,"","",0,"1,12","E","13,2","[]",0,"success","success",22,0,0,0,143,1.5,0,1.5
"2026-10-09T04:56:15.007Z","benchmark","benchmark-1791521774532","blocker","blocker",10,"dstar",15,15,3,"","",0.0044,"1,7","E","13,7","[[7,7]]",1,"success","success",14,1,1,0,42,0.6,0.4,1
"2026-10-09T04:56:15.007Z","benchmark","benchmark-1791521774532","blocker","blocker",10,"astar",15,15,3,"","",0.0044,"1,7","E","13,7","[[7,7]]",1,"success","success",14,1,1,0,41,0,0.1,0.1
"2026-10-09T04:56:15.008Z","benchmark","benchmark-1791521774532","detour","detour",10,"astar",15,15,3,"","",0.0622,"1,7","E","13,7","[[7,0],[7,1],[7,2],[7,4],[7,5],[7,6],[7,7],[7,8],[7,9],[7,10],[7,11],[7,12],[7,13],[7,14]]",14,"success","success",36,11,11,0,453,0,0.7,0.7
"2026-10-09T04:56:15.009Z","benchmark","benchmark-1791521774532","detour","detour",10,"dstar",15,15,3,"","",0.0622,"1,7","E","13,7","[[7,0],[7,1],[7,2],[7,4],[7,5],[7,6],[7,7],[7,8],[7,9],[7,10],[7,11],[7,12],[7,13],[7,14]]",14,"success","success",20,4,4,0,96,0.1,0.9,1
"2026-10-09T04:56:15.012Z","benchmark","benchmark-1791521774532","corridor","corridor",10,"dstar",15,15,3,"","",0.1244,"1,12","E","13,3","[[4,0],[10,0],[4,1],[10,1],[4,2],[10,2],[4,3],[4,4],[10,4],[4,5],[10,5],[4,6],[10,6],[4,7],[10,7],[4,8],[10,8],[4,9],[10,9],[4,10],[10,10],[4,11],[10,11],[10,12],[4,13],[10,13],[4,14],[10,14]]",28,"success","success",45,12,12,0,249,1.5,2,3.5
"2026-10-09T04:56:15.014Z","benchmark","benchmark-1791521774532","corridor","corridor",10,"astar",15,15,3,"","",0.1244,"1,12","E","13,3","[[4,0],[10,0],[4,1],[10,1],[4,2],[10,2],[4,3],[4,4],[10,4],[4,5],[10,5],[4,6],[10,6],[4,7],[10,7],[4,8],[10,8],[4,9],[10,9],[4,10],[10,10],[4,11],[10,11],[10,12],[4,13],[10,13],[4,14],[10,14]]",28,"success","success",41,10,10,0,782,0.1,1.3,1.4
"2026-10-09T04:56:15.015Z","benchmark","benchmark-1791521774532","maze","maze",10,"astar",15,15,3,"","",0.1867,"1,13","E","13,1","[[3,0],[7,0],[11,0],[7,1],[3,2],[7,2],[11,2],[3,3],[7,3],[11,3],[3,4],[7,4],[11,4],[3,5],[7,5],[11,5],[3,6],[7,6],[11,6],[3,7],[7,7],[11,7],[3,8],[7,8],[11,8],[3,9],[7,9],[11,9],[3,10],[7,10],[11,10],[3,11],[7,11],[11,11],[3,12],[7,12],[11,12],[3,13],[11,13],[3,14],[7,14],[11,14]]",42,"success","success",50,13,14,0,907,0.3,1.1,1.4
"2026-10-09T04:56:15.018Z","benchmark","benchmark-1791521774532","maze","maze",10,"dstar",15,15,3,"","",0.1867,"1,13","E","13,1","[[3,0],[7,0],[11,0],[7,1],[3,2],[7,2],[11,2],[3,3],[7,3],[11,3],[3,4],[7,4],[11,4],[3,5],[7,5],[11,5],[3,6],[7,6],[11,6],[3,7],[7,7],[11,7],[3,8],[7,8],[11,8],[3,9],[7,9],[11,9],[3,10],[7,10],[11,10],[3,11],[7,11],[11,11],[3,12],[7,12],[11,12],[3,13],[11,13],[3,14],[7,14],[11,14]]",42,"success","success",50,13,14,0,261,1.5,1.3,2.8
"2026-10-09T04:56:15.021Z","benchmark","benchmark-1791521774532","no-route","no-route",10,"dstar",15,15,3,"","",0.0667,"1,7","E","13,7","[[7,0],[7,1],[7,2],[7,3],[7,4],[7,5],[7,6],[7,7],[7,8],[7,9],[7,10],[7,11],[7,12],[7,13],[7,14]]",15,"no_route","no_route",26,15,15,0,267,0.2,2.8,3
"2026-10-09T04:56:15.022Z","benchmark","benchmark-1791521774532","no-route","no-route",10,"astar",15,15,3,"","",0.0667,"1,7","E","13,7","[[7,0],[7,1],[7,2],[7,3],[7,4],[7,5],[7,6],[7,7],[7,8],[7,9],[7,10],[7,11],[7,12],[7,13],[7,14]]",15,"no_route","no_route",28,15,15,0,726,0.1,1,1.1
"2026-10-09T04:56:15.022Z","benchmark","benchmark-1791521774532","seeded-low-1701","seeded-low-1701",10,"astar",15,15,3,1701,0.08,0.0711,"0,11","E","12,14","[[1,1],[4,2],[7,2],[7,4],[8,4],[0,7],[4,9],[12,10],[3,11],[7,11],[1,12],[12,12],[14,12],[7,13],[10,14],[11,14]]",16,"success","success",15,2,3,0,54,0,0,0
"2026-10-09T04:56:15.023Z","benchmark","benchmark-1791521774532","seeded-low-1701","seeded-low-1701",10,"dstar",15,15,3,1701,0.08,0.0711,"0,11","E","12,14","[[1,1],[4,2],[7,2],[7,4],[8,4],[0,7],[4,9],[12,10],[3,11],[7,11],[1,12],[12,12],[14,12],[7,13],[10,14],[11,14]]",16,"success","success",15,2,3,0,53,0.4,0.1,0.5
"2026-10-09T04:56:15.023Z","benchmark","benchmark-1791521774532","seeded-low-2718","seeded-low-2718",10,"dstar",15,15,3,2718,0.08,0.0711,"9,8","S","3,8","[[2,2],[2,3],[5,4],[9,4],[12,4],[0,5],[1,5],[2,6],[6,6],[0,9],[11,9],[8,12],[5,14],[11,14],[12,14],[14,14]]",16,"success","success",6,0,0,0,7,0,0,0
"2026-10-09T04:56:15.023Z","benchmark","benchmark-1791521774532","seeded-low-2718","seeded-low-2718",10,"astar",15,15,3,2718,0.08,0.0711,"9,8","S","3,8","[[2,2],[2,3],[5,4],[9,4],[12,4],[0,5],[1,5],[2,6],[6,6],[0,9],[11,9],[8,12],[5,14],[11,14],[12,14],[14,14]]",16,"success","success",6,0,0,0,6,0,0,0
"2026-10-09T04:56:15.023Z","benchmark","benchmark-1791521774532","seeded-low-3141","seeded-low-3141",10,"astar",15,15,3,3141,0.08,0.1156,"0,11","E","12,14","[[13,0],[14,0],[4,1],[12,2],[8,3],[4,4],[8,5],[11,5],[4,6],[6,6],[9,6],[9,7],[14,7],[10,8],[14,8],[2,9],[7,9],[9,9],[12,9],[2,10],[4,12],[8,12],[9,12],[13,12],[3,14],[4,14]]",26,"success","success",15,0,0,0,51,0.1,0,0.1
"2026-10-09T04:56:15.024Z","benchmark","benchmark-1791521774532","seeded-low-3141","seeded-low-3141",10,"dstar",15,15,3,3141,0.08,0.1156,"0,11","E","12,14","[[13,0],[14,0],[4,1],[12,2],[8,3],[4,4],[8,5],[11,5],[4,6],[6,6],[9,6],[9,7],[14,7],[10,8],[14,8],[2,9],[7,9],[9,9],[12,9],[2,10],[4,12],[8,12],[9,12],[13,12],[3,14],[4,14]]",26,"success","success",15,0,0,0,52,0.5,0,0.5
"2026-10-09T04:56:15.024Z","benchmark","benchmark-1791521774532","seeded-low-4207","seeded-low-4207",10,"dstar",15,15,3,4207,0.08,0.08,"7,7","W","10,1","[[7,0],[14,0],[1,2],[8,2],[13,2],[2,4],[12,4],[0,5],[1,5],[6,5],[11,5],[1,6],[12,6],[12,7],[1,8],[0,10],[0,12],[2,13]]",18,"success","success",9,1,1,0,28,0.4,0.1,0.5
"2026-10-09T04:56:15.024Z","benchmark","benchmark-1791521774532","seeded-low-4207","seeded-low-4207",10,"astar",15,15,3,4207,0.08,0.08,"7,7","W","10,1","[[7,0],[14,0],[1,2],[8,2],[13,2],[2,4],[12,4],[0,5],[1,5],[6,5],[11,5],[1,6],[12,6],[12,7],[1,8],[0,10],[0,12],[2,13]]",18,"success","success",9,1,1,0,38,0.1,0,0.1
"2026-10-09T04:56:15.024Z","benchmark","benchmark-1791521774532","seeded-low-5629","seeded-low-5629",10,"astar",15,15,3,5629,0.08,0.0667,"1,4","E","1,10","[[3,4],[5,4],[14,4],[2,5],[13,5],[7,6],[9,6],[12,6],[4,7],[11,7],[14,7],[1,11],[2,12],[14,12],[8,13]]",15,"success","success",6,1,2,0,8,0,0,0
"2026-10-09T04:56:15.025Z","benchmark","benchmark-1791521774532","seeded-low-5629","seeded-low-5629",10,"dstar",15,15,3,5629,0.08,0.0667,"1,4","E","1,10","[[3,4],[5,4],[14,4],[2,5],[13,5],[7,6],[9,6],[12,6],[4,7],[11,7],[14,7],[1,11],[2,12],[14,12],[8,13]]",15,"success","success",6,1,2,0,7,0.2,0,0.2
"2026-10-09T04:56:15.025Z","benchmark","benchmark-1791521774532","seeded-low-7001","seeded-low-7001",10,"dstar",15,15,3,7001,0.08,0.1111,"5,6","E","2,9","[[1,0],[9,0],[3,2],[7,2],[5,3],[3,4],[4,4],[13,4],[14,4],[4,5],[8,5],[2,6],[12,7],[13,8],[3,9],[10,9],[3,10],[2,11],[5,11],[12,11],[5,12],[8,13],[12,13],[10,14],[11,14]]",25,"success","success",8,3,3,0,26,0.1,0.2,0.3
"2026-10-09T04:56:15.025Z","benchmark","benchmark-1791521774532","seeded-low-7001","seeded-low-7001",10,"astar",15,15,3,7001,0.08,0.1111,"5,6","E","2,9","[[1,0],[9,0],[3,2],[7,2],[5,3],[3,4],[4,4],[13,4],[14,4],[4,5],[8,5],[2,6],[12,7],[13,8],[3,9],[10,9],[3,10],[2,11],[5,11],[12,11],[5,12],[8,13],[12,13],[10,14],[11,14]]",25,"success","success",8,3,3,0,34,0.1,0,0.1
"2026-10-09T04:56:15.025Z","benchmark","benchmark-1791521774532","seeded-medium-1701","seeded-medium-1701",10,"astar",15,15,3,1701,0.16,0.1689,"0,11","E","12,14","[[4,0],[6,0],[12,0],[1,1],[4,1],[9,1],[4,2],[5,2],[7,2],[9,3],[13,3],[5,4],[7,4],[8,4],[0,5],[3,6],[0,7],[5,7],[6,7],[2,8],[4,9],[8,9],[7,10],[12,10],[3,11],[4,11],[6,11],[7,11],[1,12],[6,12],[12,12],[14,12],[6,13],[7,13],[8,13],[4,14],[10,14],[11,14]]",38,"success","success",17,3,4,0,82,0.1,0,0.1
"2026-10-09T04:56:15.026Z","benchmark","benchmark-1791521774532","seeded-medium-1701","seeded-medium-1701",10,"dstar",15,15,3,1701,0.16,0.1689,"0,11","E","12,14","[[4,0],[6,0],[12,0],[1,1],[4,1],[9,1],[4,2],[5,2],[7,2],[9,3],[13,3],[5,4],[7,4],[8,4],[0,5],[3,6],[0,7],[5,7],[6,7],[2,8],[4,9],[8,9],[7,10],[12,10],[3,11],[4,11],[6,11],[7,11],[1,12],[6,12],[12,12],[14,12],[6,13],[7,13],[8,13],[4,14],[10,14],[11,14]]",38,"success","success",17,5,6,0,64,0.5,0.2,0.7
"2026-10-09T04:56:15.026Z","benchmark","benchmark-1791521774532","seeded-medium-2718","seeded-medium-2718",10,"dstar",15,15,3,2718,0.16,0.1467,"9,8","S","3,8","[[7,0],[9,0],[2,2],[4,2],[2,3],[4,4],[5,4],[7,4],[8,4],[9,4],[12,4],[0,5],[1,5],[5,5],[8,5],[9,5],[0,6],[2,6],[6,6],[8,8],[0,9],[5,9],[7,9],[11,9],[7,12],[8,12],[12,12],[13,12],[13,13],[5,14],[11,14],[12,14],[14,14]]",33,"success","success",8,3,3,0,25,0,0.3,0.3
"2026-10-09T04:56:15.026Z","benchmark","benchmark-1791521774532","seeded-medium-2718","seeded-medium-2718",10,"astar",15,15,3,2718,0.16,0.1467,"9,8","S","3,8","[[7,0],[9,0],[2,2],[4,2],[2,3],[4,4],[5,4],[7,4],[8,4],[9,4],[12,4],[0,5],[1,5],[5,5],[8,5],[9,5],[0,6],[2,6],[6,6],[8,8],[0,9],[5,9],[7,9],[11,9],[7,12],[8,12],[12,12],[13,12],[13,13],[5,14],[11,14],[12,14],[14,14]]",33,"success","success",8,3,3,0,55,0,0.1,0.1
"2026-10-09T04:56:15.026Z","benchmark","benchmark-1791521774532","seeded-medium-3141","seeded-medium-3141",10,"astar",15,15,3,3141,0.16,0.1956,"0,11","E","12,14","[[4,0],[13,0],[14,0],[4,1],[10,1],[11,1],[12,1],[7,2],[12,2],[8,3],[10,3],[4,4],[5,5],[8,5],[11,5],[13,5],[14,5],[4,6],[5,6],[6,6],[7,6],[9,6],[1,7],[9,7],[14,7],[10,8],[14,8],[2,9],[4,9],[7,9],[9,9],[12,9],[2,10],[9,11],[4,12],[8,12],[9,12],[13,12],[14,12],[11,13],[3,14],[4,14],[7,14],[9,14]]",44,"success","success",17,2,2,0,99,0,0.1,0.1
"2026-10-09T04:56:15.027Z","benchmark","benchmark-1791521774532","seeded-medium-3141","seeded-medium-3141",10,"dstar",15,15,3,3141,0.16,0.1956,"0,11","E","12,14","[[4,0],[13,0],[14,0],[4,1],[10,1],[11,1],[12,1],[7,2],[12,2],[8,3],[10,3],[4,4],[5,5],[8,5],[11,5],[13,5],[14,5],[4,6],[5,6],[6,6],[7,6],[9,6],[1,7],[9,7],[14,7],[10,8],[14,8],[2,9],[4,9],[7,9],[9,9],[12,9],[2,10],[9,11],[4,12],[8,12],[9,12],[13,12],[14,12],[11,13],[3,14],[4,14],[7,14],[9,14]]",44,"success","success",17,2,2,0,65,0.7,0.1,0.8
"2026-10-09T04:56:15.028Z","benchmark","benchmark-1791521774532","seeded-medium-4207","seeded-medium-4207",10,"dstar",15,15,3,4207,0.16,0.1556,"7,7","W","10,1","[[0,0],[7,0],[14,0],[5,1],[1,2],[8,2],[11,2],[13,2],[12,3],[14,3],[2,4],[7,4],[12,4],[14,4],[0,5],[1,5],[6,5],[11,5],[1,6],[12,6],[12,7],[14,7],[1,8],[6,8],[9,8],[10,8],[12,8],[14,8],[5,9],[0,10],[7,10],[4,11],[5,11],[0,12],[2,13]]",35,"success","success",9,2,2,0,30,0.5,0,0.5
"2026-10-09T04:56:15.028Z","benchmark","benchmark-1791521774532","seeded-medium-4207","seeded-medium-4207",10,"astar",15,15,3,4207,0.16,0.1556,"7,7","W","10,1","[[0,0],[7,0],[14,0],[5,1],[1,2],[8,2],[11,2],[13,2],[12,3],[14,3],[2,4],[7,4],[12,4],[14,4],[0,5],[1,5],[6,5],[11,5],[1,6],[12,6],[12,7],[14,7],[1,8],[6,8],[9,8],[10,8],[12,8],[14,8],[5,9],[0,10],[7,10],[4,11],[5,11],[0,12],[2,13]]",35,"success","success",9,2,2,0,62,0.1,0.1,0.2
"2026-10-09T04:56:15.028Z","benchmark","benchmark-1791521774532","seeded-medium-5629","seeded-medium-5629",10,"astar",15,15,3,5629,0.16,0.1644,"1,4","E","1,10","[[12,0],[14,0],[1,1],[9,1],[9,2],[13,2],[0,3],[2,3],[3,3],[2,4],[3,4],[5,4],[12,4],[14,4],[2,5],[13,5],[14,5],[6,6],[7,6],[8,6],[9,6],[11,6],[12,6],[3,7],[4,7],[11,7],[14,7],[10,9],[1,11],[2,12],[12,12],[14,12],[1,13],[3,13],[8,13],[0,14],[14,14]]",37,"success","success",6,1,2,0,8,0,0,0
"2026-10-09T04:56:15.028Z","benchmark","benchmark-1791521774532","seeded-medium-5629","seeded-medium-5629",10,"dstar",15,15,3,5629,0.16,0.1644,"1,4","E","1,10","[[12,0],[14,0],[1,1],[9,1],[9,2],[13,2],[0,3],[2,3],[3,3],[2,4],[3,4],[5,4],[12,4],[14,4],[2,5],[13,5],[14,5],[6,6],[7,6],[8,6],[9,6],[11,6],[12,6],[3,7],[4,7],[11,7],[14,7],[10,9],[1,11],[2,12],[12,12],[14,12],[1,13],[3,13],[8,13],[0,14],[14,14]]",37,"success","success",6,1,2,0,7,0,0.1,0.1
"2026-10-09T04:56:15.030Z","benchmark","benchmark-1791521774532","seeded-medium-7001","seeded-medium-7001",10,"dstar",15,15,3,7001,0.16,0.1956,"5,6","E","2,9","[[1,0],[9,0],[13,0],[7,1],[12,1],[3,2],[7,2],[5,3],[9,3],[3,4],[4,4],[13,4],[14,4],[4,5],[8,5],[1,6],[2,6],[3,6],[12,6],[2,7],[4,7],[12,7],[4,8],[13,8],[3,9],[10,9],[3,10],[4,10],[11,10],[2,11],[4,11],[5,11],[12,11],[13,11],[5,12],[5,13],[7,13],[8,13],[10,13],[12,13],[2,14],[4,14],[10,14],[11,14]]",44,"success","success",46,18,18,0,156,0.2,1.5,1.7
"2026-10-09T04:56:15.030Z","benchmark","benchmark-1791521774532","seeded-medium-7001","seeded-medium-7001",10,"astar",15,15,3,7001,0.16,0.1956,"5,6","E","2,9","[[1,0],[9,0],[13,0],[7,1],[12,1],[3,2],[7,2],[5,3],[9,3],[3,4],[4,4],[13,4],[14,4],[4,5],[8,5],[1,6],[2,6],[3,6],[12,6],[2,7],[4,7],[12,7],[4,8],[13,8],[3,9],[10,9],[3,10],[4,10],[11,10],[2,11],[4,11],[5,11],[12,11],[13,11],[5,12],[5,13],[7,13],[8,13],[10,13],[12,13],[2,14],[4,14],[10,14],[11,14]]",44,"success","success",30,15,15,0,260,0.1,0.2,0.3
"2026-10-09T04:56:15.033Z","benchmark","benchmark-1791521774532","seeded-high-1701","seeded-high-1701",10,"astar",15,15,3,1701,0.24,0.2578,"0,11","E","12,14","[[4,0],[5,0],[6,0],[12,0],[1,1],[4,1],[6,1],[7,1],[9,1],[0,2],[4,2],[5,2],[7,2],[9,3],[11,3],[13,3],[5,4],[7,4],[8,4],[10,4],[0,5],[4,5],[6,5],[1,6],[3,6],[7,6],[0,7],[3,7],[4,7],[5,7],[6,7],[8,7],[11,7],[13,7],[2,8],[5,8],[8,8],[2,9],[4,9],[6,9],[8,9],[7,10],[12,10],[3,11],[4,11],[6,11],[7,11],[1,12],[6,12],[12,12],[14,12],[6,13],[7,13],[8,13],[4,14],[9,14],[10,14],[11,14]]",58,"success","success",65,24,25,0,1410,0.1,2.5,2.6
"2026-10-09T04:56:15.037Z","benchmark","benchmark-1791521774532","seeded-high-1701","seeded-high-1701",10,"dstar",15,15,3,1701,0.24,0.2578,"0,11","E","12,14","[[4,0],[5,0],[6,0],[12,0],[1,1],[4,1],[6,1],[7,1],[9,1],[0,2],[4,2],[5,2],[7,2],[9,3],[11,3],[13,3],[5,4],[7,4],[8,4],[10,4],[0,5],[4,5],[6,5],[1,6],[3,6],[7,6],[0,7],[3,7],[4,7],[5,7],[6,7],[8,7],[11,7],[13,7],[2,8],[5,8],[8,8],[2,9],[4,9],[6,9],[8,9],[7,10],[12,10],[3,11],[4,11],[6,11],[7,11],[1,12],[6,12],[12,12],[14,12],[6,13],[7,13],[8,13],[4,14],[9,14],[10,14],[11,14]]",58,"success","success",63,24,25,0,308,0.4,3.3,3.7
"2026-10-09T04:56:15.038Z","benchmark","benchmark-1791521774532","seeded-high-2718","seeded-high-2718",10,"dstar",15,15,3,2718,0.24,0.2044,"9,8","S","3,8","[[7,0],[8,0],[9,0],[7,1],[2,2],[4,2],[14,2],[2,3],[8,3],[3,4],[4,4],[5,4],[7,4],[8,4],[9,4],[11,4],[12,4],[0,5],[1,5],[5,5],[8,5],[9,5],[0,6],[2,6],[6,6],[7,6],[14,6],[8,8],[0,9],[5,9],[7,9],[11,9],[8,10],[9,10],[11,10],[0,12],[3,12],[7,12],[8,12],[12,12],[13,12],[13,13],[5,14],[11,14],[12,14],[14,14]]",46,"success","success",8,3,4,0,25,0,0.2,0.2
"2026-10-09T04:56:15.038Z","benchmark","benchmark-1791521774532","seeded-high-2718","seeded-high-2718",10,"astar",15,15,3,2718,0.24,0.2044,"9,8","S","3,8","[[7,0],[8,0],[9,0],[7,1],[2,2],[4,2],[14,2],[2,3],[8,3],[3,4],[4,4],[5,4],[7,4],[8,4],[9,4],[11,4],[12,4],[0,5],[1,5],[5,5],[8,5],[9,5],[0,6],[2,6],[6,6],[7,6],[14,6],[8,8],[0,9],[5,9],[7,9],[11,9],[8,10],[9,10],[11,10],[0,12],[3,12],[7,12],[8,12],[12,12],[13,12],[13,13],[5,14],[11,14],[12,14],[14,14]]",46,"success","success",8,3,4,0,55,0.1,0.1,0.2
"2026-10-09T04:56:15.038Z","benchmark","benchmark-1791521774532","seeded-high-3141","seeded-high-3141",10,"astar",15,15,3,3141,0.24,0.2667,"0,11","E","12,14","[[4,0],[13,0],[14,0],[4,1],[9,1],[10,1],[11,1],[12,1],[0,2],[7,2],[9,2],[12,2],[13,2],[14,2],[8,3],[10,3],[3,4],[4,4],[1,5],[5,5],[8,5],[11,5],[13,5],[14,5],[4,6],[5,6],[6,6],[7,6],[9,6],[1,7],[9,7],[14,7],[3,8],[10,8],[14,8],[0,9],[1,9],[2,9],[4,9],[6,9],[7,9],[9,9],[12,9],[1,10],[2,10],[5,10],[7,10],[9,11],[11,11],[4,12],[8,12],[9,12],[13,12],[14,12],[1,13],[11,13],[3,14],[4,14],[7,14],[9,14]]",60,"success","success",17,2,2,0,99,0.1,0.1,0.2
"2026-10-09T04:56:15.039Z","benchmark","benchmark-1791521774532","seeded-high-3141","seeded-high-3141",10,"dstar",15,15,3,3141,0.24,0.2667,"0,11","E","12,14","[[4,0],[13,0],[14,0],[4,1],[9,1],[10,1],[11,1],[12,1],[0,2],[7,2],[9,2],[12,2],[13,2],[14,2],[8,3],[10,3],[3,4],[4,4],[1,5],[5,5],[8,5],[11,5],[13,5],[14,5],[4,6],[5,6],[6,6],[7,6],[9,6],[1,7],[9,7],[14,7],[3,8],[10,8],[14,8],[0,9],[1,9],[2,9],[4,9],[6,9],[7,9],[9,9],[12,9],[1,10],[2,10],[5,10],[7,10],[9,11],[11,11],[4,12],[8,12],[9,12],[13,12],[14,12],[1,13],[11,13],[3,14],[4,14],[7,14],[9,14]]",60,"success","success",17,2,2,0,65,0.9,0.4,1.3
"2026-10-09T04:56:15.040Z","benchmark","benchmark-1791521774532","seeded-high-4207","seeded-high-4207",10,"dstar",15,15,3,4207,0.24,0.2267,"7,7","W","10,1","[[0,0],[7,0],[10,0],[14,0],[5,1],[11,1],[13,1],[1,2],[8,2],[11,2],[13,2],[0,3],[3,3],[12,3],[14,3],[2,4],[7,4],[12,4],[14,4],[0,5],[1,5],[6,5],[10,5],[11,5],[1,6],[7,6],[12,6],[12,7],[14,7],[1,8],[6,8],[9,8],[10,8],[12,8],[14,8],[1,9],[5,9],[13,9],[0,10],[7,10],[8,10],[4,11],[5,11],[10,11],[0,12],[2,13],[3,14],[6,14],[11,14],[12,14],[14,14]]",51,"success","success",9,3,3,0,30,0.3,0,0.3
"2026-10-09T04:56:15.040Z","benchmark","benchmark-1791521774532","seeded-high-4207","seeded-high-4207",10,"astar",15,15,3,4207,0.24,0.2267,"7,7","W","10,1","[[0,0],[7,0],[10,0],[14,0],[5,1],[11,1],[13,1],[1,2],[8,2],[11,2],[13,2],[0,3],[3,3],[12,3],[14,3],[2,4],[7,4],[12,4],[14,4],[0,5],[1,5],[6,5],[10,5],[11,5],[1,6],[7,6],[12,6],[12,7],[14,7],[1,8],[6,8],[9,8],[10,8],[12,8],[14,8],[1,9],[5,9],[13,9],[0,10],[7,10],[8,10],[4,11],[5,11],[10,11],[0,12],[2,13],[3,14],[6,14],[11,14],[12,14],[14,14]]",51,"success","success",9,3,3,0,61,0.1,0,0.1
"2026-10-09T04:56:15.040Z","benchmark","benchmark-1791521774532","seeded-high-5629","seeded-high-5629",10,"astar",15,15,3,5629,0.24,0.2444,"1,4","E","1,10","[[3,0],[6,0],[12,0],[14,0],[1,1],[9,1],[9,2],[13,2],[0,3],[2,3],[3,3],[2,4],[3,4],[5,4],[12,4],[13,4],[14,4],[0,5],[1,5],[2,5],[7,5],[12,5],[13,5],[14,5],[6,6],[7,6],[8,6],[9,6],[10,6],[11,6],[12,6],[3,7],[4,7],[7,7],[11,7],[14,7],[3,8],[7,8],[9,9],[10,9],[11,9],[1,11],[14,11],[2,12],[12,12],[14,12],[1,13],[3,13],[6,13],[8,13],[12,13],[0,14],[3,14],[6,14],[14,14]]",55,"success","success",18,8,9,0,170,0,0.1,0.1
"2026-10-09T04:56:15.041Z","benchmark","benchmark-1791521774532","seeded-high-5629","seeded-high-5629",10,"dstar",15,15,3,5629,0.24,0.2444,"1,4","E","1,10","[[3,0],[6,0],[12,0],[14,0],[1,1],[9,1],[9,2],[13,2],[0,3],[2,3],[3,3],[2,4],[3,4],[5,4],[12,4],[13,4],[14,4],[0,5],[1,5],[2,5],[7,5],[12,5],[13,5],[14,5],[6,6],[7,6],[8,6],[9,6],[10,6],[11,6],[12,6],[3,7],[4,7],[7,7],[11,7],[14,7],[3,8],[7,8],[9,9],[10,9],[11,9],[1,11],[14,11],[2,12],[12,12],[14,12],[1,13],[3,13],[6,13],[8,13],[12,13],[0,14],[3,14],[6,14],[14,14]]",55,"success","success",18,9,10,0,71,0.1,0.7,0.8
"2026-10-09T04:56:15.042Z","benchmark","benchmark-1791521774532","seeded-high-7001","seeded-high-7001",10,"dstar",15,15,3,8010,0.24,0.3022,"3,5","S","9,2","[[0,0],[5,0],[7,0],[12,0],[13,0],[5,1],[0,2],[1,2],[2,2],[3,2],[5,2],[8,2],[0,3],[2,3],[8,3],[10,3],[13,3],[5,4],[6,4],[7,4],[9,4],[12,4],[4,5],[6,5],[8,5],[10,5],[13,5],[14,5],[7,6],[11,6],[14,6],[1,7],[2,7],[3,7],[9,7],[13,7],[1,8],[6,8],[8,8],[9,8],[11,8],[12,8],[4,9],[5,9],[10,9],[3,10],[6,10],[0,11],[12,11],[1,12],[5,12],[6,12],[7,12],[12,12],[14,12],[1,13],[3,13],[4,13],[5,13],[8,13],[9,13],[10,13],[11,13],[0,14],[2,14],[3,14],[8,14],[10,14]]",68,"success","success",17,8,9,0,61,0.2,0.4,0.6
"2026-10-09T04:56:15.042Z","benchmark","benchmark-1791521774532","seeded-high-7001","seeded-high-7001",10,"astar",15,15,3,8010,0.24,0.3022,"3,5","S","9,2","[[0,0],[5,0],[7,0],[12,0],[13,0],[5,1],[0,2],[1,2],[2,2],[3,2],[5,2],[8,2],[0,3],[2,3],[8,3],[10,3],[13,3],[5,4],[6,4],[7,4],[9,4],[12,4],[4,5],[6,5],[8,5],[10,5],[13,5],[14,5],[7,6],[11,6],[14,6],[1,7],[2,7],[3,7],[9,7],[13,7],[1,8],[6,8],[8,8],[9,8],[11,8],[12,8],[4,9],[5,9],[10,9],[3,10],[6,10],[0,11],[12,11],[1,12],[5,12],[6,12],[7,12],[12,12],[14,12],[1,13],[3,13],[4,13],[5,13],[8,13],[9,13],[10,13],[11,13],[0,14],[2,14],[3,14],[8,14],[10,14]]",68,"success","success",15,8,9,0,123,0,0.1,0.1