timestamp,batch,batchId,scenario,mapId,repeat,planner,mapWidth,mapHeight,sensorRange,seed,requestedDensity,actualDensity,start,heading,goal,obstacleCells,obstacles,expectedOutcome,outcome,moves,replans,found,blockedAttempts,expanded,initialPlanningMs,replanPlanningMs,planningMs
"2026-10-09T04:57:39.675Z","benchmark","benchmark-1791521859669","open","open",1,"dstar",25,25,3,"","",0,"1,22","E","23,2","[]",0,"success","success",42,0,0,0,483,5.9,0,5.9
"2026-10-09T04:57:39.677Z","benchmark","benchmark-1791521859669","open","open",1,"astar",25,25,3,"","",0,"1,22","E","23,2","[]",0,"success","success",42,0,0,0,482,1.4,0,1.4
"2026-10-09T04:57:39.677Z","benchmark","benchmark-1791521859669","blocker","blocker",1,"astar",25,25,3,"","",0.0016,"1,12","E","23,12","[[12,12]]",1,"success","success",24,1,1,0,66,0.1,0,0.1
"2026-10-09T04:57:39.678Z","benchmark","benchmark-1791521859669","blocker","blocker",1,"dstar",25,25,3,"","",0.0016,"1,12","E","23,12","[[12,12]]",1,"success","success",24,1,1,0,62,0.4,0.5,0.9
"2026-10-09T04:57:39.682Z","benchmark","benchmark-1791521859669","detour","detour",1,"dstar",25,25,3,"","",0.0384,"1,12","E","23,12","[[12,0],[12,1],[12,2],[12,3],[12,4],[12,6],[12,7],[12,8],[12,9],[12,10],[12,11],[12,12],[12,13],[12,14],[12,15],[12,16],[12,17],[12,18],[12,19],[12,20],[12,21],[12,22],[12,23],[12,24]]",24,"success","success",36,7,7,0,200,0.3,3.4,3.7
"2026-10-09T04:57:39.688Z","benchmark","benchmark-1791521859669","detour","detour",1,"astar",25,25,3,"","",0.0384,"1,12","E","23,12","[[12,0],[12,1],[12,2],[12,3],[12,4],[12,6],[12,7],[12,8],[12,9],[12,10],[12,11],[12,12],[12,13],[12,14],[12,15],[12,16],[12,17],[12,18],[12,19],[12,20],[12,21],[12,22],[12,23],[12,24]]",24,"success","success",62,19,19,0,1726,0.1,5.7,5.8
"2026-10-09T04:57:39.698Z","benchmark","benchmark-1791521859669","corridor","corridor",1,"astar",25,25,3,"","",0.0768,"1,20","E","23,5","[[8,0],[17,0],[8,1],[17,1],[8,2],[17,2],[8,3],[17,3],[8,4],[17,4],[8,5],[8,6],[17,6],[8,7],[17,7],[8,8],[17,8],[8,9],[17,9],[8,10],[17,10],[8,11],[17,11],[8,12],[17,12],[8,13],[17,13],[8,14],[17,14],[8,15],[17,15],[8,16],[17,16],[8,17],[17,17],[8,18],[17,18],[8,19],[17,19],[17,20],[8,21],[17,21],[8,22],[17,22],[8,23],[17,23],[8,24],[17,24]]",48,"success","success",69,16,16,0,2751,1.5,8.3,9.8
"2026-10-09T04:57:39.707Z","benchmark","benchmark-1791521859669","corridor","corridor",1,"dstar",25,25,3,"","",0.0768,"1,20","E","23,5","[[8,0],[17,0],[8,1],[17,1],[8,2],[17,2],[8,3],[17,3],[8,4],[17,4],[8,5],[8,6],[17,6],[8,7],[17,7],[8,8],[17,8],[8,9],[17,9],[8,10],[17,10],[8,11],[17,11],[8,12],[17,12],[8,13],[17,13],[8,14],[17,14],[8,15],[17,15],[8,16],[17,16],[8,17],[17,17],[8,18],[17,18],[8,19],[17,19],[17,20],[8,21],[17,21],[8,22],[17,22],[8,23],[17,23],[8,24],[17,24]]",48,"success","success",77,20,20,0,596,5,4.1,9.1
"2026-10-09T04:57:39.721Z","benchmark","benchmark-1791521859669","maze","maze",1,"dstar",25,25,3,"","",0.192,"1,23","E","23,1","[[3,0],[7,0],[11,0],[15,0],[19,0],[7,1],[15,1],[3,2],[7,2],[11,2],[15,2],[19,2],[3,3],[7,3],[11,3],[15,3],[19,3],[3,4],[7,4],[11,4],[15,4],[19,4],[3,5],[7,5],[11,5],[15,5],[19,5],[3,6],[7,6],[11,6],[15,6],[19,6],[3,7],[7,7],[11,7],[15,7],[19,7],[3,8],[7,8],[11,8],[15,8],[19,8],[3,9],[7,9],[11,9],[15,9],[19,9],[3,10],[7,10],[11,10],[15,10],[19,10],[3,11],[7,11],[11,11],[15,11],[19,11],[3,12],[7,12],[11,12],[15,12],[19,12],[3,13],[7,13],[11,13],[15,13],[19,13],[3,14],[7,14],[11,14],[15,14],[19,14],[3,15],[7,15],[11,15],[15,15],[19,15],[3,16],[7,16],[11,16],[15,16],[19,16],[3,17],[7,17],[11,17],[15,17],[19,17],[3,18],[7,18],[11,18],[15,18],[19,18],[3,19],[7,19],[11,19],[15,19],[19,19],[3,20],[7,20],[11,20],[15,20],[19,20],[3,21],[7,21],[11,21],[15,21],[19,21],[3,22],[7,22],[11,22],[15,22],[19,22],[3,23],[11,23],[19,23],[3,24],[7,24],[11,24],[15,24],[19,24]]",120,"success","success",136,46,47,0,812,6.3,7.2,13.5
"2026-10-09T04:57:39.745Z","benchmark","benchmark-1791521859669","maze","maze",1,"astar",25,25,3,"","",0.192,"1,23","E","23,1","[[3,0],[7,0],[11,0],[15,0],[19,0],[7,1],[15,1],[3,2],[7,2],[11,2],[15,2],[19,2],[3,3],[7,3],[11,3],[15,3],[19,3],[3,4],[7,4],[11,4],[15,4],[19,4],[3,5],[7,5],[11,5],[15,5],[19,5],[3,6],[7,6],[11,6],[15,6],[19,6],[3,7],[7,7],[11,7],[15,7],[19,7],[3,8],[7,8],[11,8],[15,8],[19,8],[3,9],[7,9],[11,9],[15,9],[19,9],[3,10],[7,10],[11,10],[15,10],[19,10],[3,11],[7,11],[11,11],[15,11],[19,11],[3,12],[7,12],[11,12],[15,12],[19,12],[3,13],[7,13],[11,13],[15,13],[19,13],[3,14],[7,14],[11,14],[15,14],[19,14],[3,15],[7,15],[11,15],[15,15],[19,15],[3,16],[7,16],[11,16],[15,16],[19,16],[3,17],[7,17],[11,17],[15,17],[19,17],[3,18],[7,18],[11,18],[15,18],[19,18],[3,19],[7,19],[11,19],[15,19],[19,19],[3,20],[7,20],[11,20],[15,20],[19,20],[3,21],[7,21],[11,21],[15,21],[19,21],[3,22],[7,22],[11,22],[15,22],[19,22],[3,23],[11,23],[19,23],[3,24],[7,24],[11,24],[15,24],[19,24]]",120,"success","success",136,46,47,0,8303,1.5,21.7,23.2
"2026-10-09T04:57:39.753Z","benchmark","benchmark-1791521859669","no-route","no-route",1,"astar",25,25,3,"","",0.04,"1,12","E","23,12","[[12,0],[12,1],[12,2],[12,3],[12,4],[12,5],[12,6],[12,7],[12,8],[12,9],[12,10],[12,11],[12,12],[12,13],[12,14],[12,15],[12,16],[12,17],[12,18],[12,19],[12,20],[12,21],[12,22],[12,23],[12,24]]",25,"no_route","no_route",48,25,25,0,2741,0.1,7.8,7.9
"2026-10-09T04:57:39.761Z","benchmark","benchmark-1791521859669","no-route","no-route",1,"dstar",25,25,3,"","",0.04,"1,12","E","23,12","[[12,0],[12,1],[12,2],[12,3],[12,4],[12,5],[12,6],[12,7],[12,8],[12,9],[12,10],[12,11],[12,12],[12,13],[12,14],[12,15],[12,16],[12,17],[12,18],[12,19],[12,20],[12,21],[12,22],[12,23],[12,24]]",25,"no_route","no_route",46,25,25,0,572,0.3,7.6,7.9
"2026-10-09T04:57:39.762Z","benchmark","benchmark-1791521859669","seeded-low-1701","seeded-low-1701",1,"dstar",25,25,3,1701,0.08,0.0832,"10,16","E","22,19","[[16,0],[9,1],[12,1],[17,2],[18,2],[5,4],[14,5],[12,6],[17,6],[21,6],[5,7],[16,7],[18,7],[1,8],[19,8],[20,8],[0,9],[0,12],[9,12],[13,12],[15,12],[17,13],[23,13],[5,14],[10,14],[20,14],[17,15],[18,15],[22,15],[2,16],[7,16],[8,16],[13,16],[4,17],[7,17],[14,17],[15,17],[8,19],[11,21],[12,21],[16,21],[20,21],[6,22],[12,22],[19,22],[3,23],[6,23],[15,23],[0,24],[9,24],[14,24],[19,24]]",52,"success","success",15,1,2,0,52,0.8,0,0.8
"2026-10-09T04:57:39.762Z","benchmark","benchmark-1791521859669","seeded-low-1701","seeded-low-1701",1,"astar",25,25,3,1701,0.08,0.0832,"10,16","E","22,19","[[16,0],[9,1],[12,1],[17,2],[18,2],[5,4],[14,5],[12,6],[17,6],[21,6],[5,7],[16,7],[18,7],[1,8],[19,8],[20,8],[0,9],[0,12],[9,12],[13,12],[15,12],[17,13],[23,13],[5,14],[10,14],[20,14],[17,15],[18,15],[22,15],[2,16],[7,16],[8,16],[13,16],[4,17],[7,17],[14,17],[15,17],[8,19],[11,21],[12,21],[16,21],[20,21],[6,22],[12,22],[19,22],[3,23],[6,23],[15,23],[0,24],[9,24],[14,24],[19,24]]",52,"success","success",15,1,2,0,64,0.1,0,0.1
"2026-10-09T04:57:39.763Z","benchmark","benchmark-1791521859669","seeded-low-2718","seeded-low-2718",1,"astar",25,25,3,2718,0.08,0.0736,"4,3","S","18,8","[[7,1],[22,1],[15,2],[19,2],[22,2],[0,3],[1,3],[18,3],[22,3],[9,5],[20,5],[12,7],[14,8],[21,8],[22,8],[24,8],[12,9],[22,9],[7,10],[21,10],[8,11],[20,11],[5,12],[6,12],[12,12],[13,13],[23,13],[18,14],[23,14],[8,15],[12,15],[9,16],[16,17],[17,17],[20,17],[1,18],[1,19],[10,19],[1,20],[2,20],[8,20],[7,21],[21,21],[0,24],[3,24],[6,24]]",46,"success","success",19,1,1,0,111,0.4,0.1,0.5
"2026-10-09T04:57:39.764Z","benchmark","benchmark-1791521859669","seeded-low-2718","seeded-low-2718",1,"dstar",25,25,3,2718,0.08,0.0736,"4,3","S","18,8","[[7,1],[22,1],[15,2],[19,2],[22,2],[0,3],[1,3],[18,3],[22,3],[9,5],[20,5],[12,7],[14,8],[21,8],[22,8],[24,8],[12,9],[22,9],[7,10],[21,10],[8,11],[20,11],[5,12],[6,12],[12,12],[13,13],[23,13],[18,14],[23,14],[8,15],[12,15],[9,16],[16,17],[17,17],[20,17],[1,18],[1,19],[10,19],[1,20],[2,20],[8,20],[7,21],[21,21],[0,24],[3,24],[6,24]]",46,"success","success",19,1,1,0,91,1.5,0,1.5
"2026-10-09T04:57:39.765Z","benchmark","benchmark-1791521859669","seeded-low-3141","seeded-low-3141",1,"dstar",25,25,3,3141,0.08,0.088,"15,6","E","17,24","[[13,0],[14,0],[19,0],[17,1],[3,2],[14,2],[8,3],[11,3],[19,3],[21,3],[24,3],[14,4],[19,4],[5,5],[9,5],[12,5],[17,5],[19,5],[22,5],[2,6],[9,7],[13,7],[14,7],[18,7],[13,8],[14,8],[3,9],[6,9],[8,11],[21,11],[22,11],[3,12],[24,12],[14,13],[19,14],[20,14],[4,15],[15,16],[18,16],[7,18],[16,18],[20,18],[22,18],[0,19],[3,19],[10,20],[12,20],[24,20],[13,21],[12,22],[23,22],[10,23],[19,23],[22,23],[2,24]]",55,"success","success",20,0,0,0,57,0.8,0,0.8
"2026-10-09T04:57:39.765Z","benchmark","benchmark-1791521859669","seeded-low-3141","seeded-low-3141",1,"astar",25,25,3,3141,0.08,0.088,"15,6","E","17,24","[[13,0],[14,0],[19,0],[17,1],[3,2],[14,2],[8,3],[11,3],[19,3],[21,3],[24,3],[14,4],[19,4],[5,5],[9,5],[12,5],[17,5],[19,5],[22,5],[2,6],[9,7],[13,7],[14,7],[18,7],[13,8],[14,8],[3,9],[6,9],[8,11],[21,11],[22,11],[3,12],[24,12],[14,13],[19,14],[20,14],[4,15],[15,16],[18,16],[7,18],[16,18],[20,18],[22,18],[0,19],[3,19],[10,20],[12,20],[24,20],[13,21],[12,22],[23,22],[10,23],[19,23],[22,23],[2,24]]",55,"success","success",20,0,0,0,56,0.2,0,0.2
"2026-10-09T04:57:39.766Z","benchmark","benchmark-1791521859669","seeded-low-4207","seeded-low-4207",1,"astar",25,25,3,4207,0.08,0.0768,"2,7","W","0,21","[[7,0],[14,0],[5,1],[12,1],[17,1],[11,2],[21,2],[24,2],[0,3],[5,3],[10,3],[15,3],[1,4],[15,4],[19,4],[23,5],[4,7],[21,7],[4,9],[9,9],[12,9],[21,9],[12,10],[7,11],[22,11],[10,12],[18,12],[17,14],[8,15],[11,15],[11,16],[4,17],[12,17],[14,17],[0,18],[2,18],[4,18],[5,18],[18,18],[20,18],[24,18],[13,20],[8,21],[11,21],[14,21],[5,22],[7,23],[11,24]]",48,"success","success",16,1,1,0,60,0,0.1,0.1
"2026-10-09T04:57:39.767Z","benchmark","benchmark-1791521859669","seeded-low-4207","seeded-low-4207",1,"dstar",25,25,3,4207,0.08,0.0768,"2,7","W","0,21","[[7,0],[14,0],[5,1],[12,1],[17,1],[11,2],[21,2],[24,2],[0,3],[5,3],[10,3],[15,3],[1,4],[15,4],[19,4],[23,5],[4,7],[21,7],[4,9],[9,9],[12,9],[21,9],[12,10],[7,11],[22,11],[10,12],[18,12],[17,14],[8,15],[11,15],[11,16],[4,17],[12,17],[14,17],[0,18],[2,18],[4,18],[5,18],[18,18],[20,18],[24,18],[13,20],[8,21],[11,21],[14,21],[5,22],[7,23],[11,24]]",48,"success","success",16,1,1,0,46,0.7,0.3,1
"2026-10-09T04:57:39.767Z","benchmark","benchmark-1791521859669","seeded-low-5629","seeded-low-5629",1,"dstar",25,25,3,5629,0.08,0.0864,"6,24","E","11,20","[[12,2],[14,2],[23,2],[1,3],[12,3],[21,3],[23,3],[1,4],[8,4],[15,4],[18,4],[14,6],[5,7],[17,7],[1,8],[0,9],[5,9],[10,9],[11,9],[12,9],[20,9],[2,10],[4,10],[21,10],[0,11],[7,11],[16,11],[20,11],[6,12],[11,12],[13,13],[7,14],[9,14],[11,14],[21,14],[23,15],[1,16],[15,16],[14,17],[17,17],[12,18],[17,18],[20,18],[6,20],[15,21],[16,21],[10,22],[17,22],[19,22],[3,23],[12,23],[7,24],[11,24],[14,24]]",54,"success","success",9,1,2,0,30,0.5,0,0.5
"2026-10-09T04:57:39.768Z","benchmark","benchmark-1791521859669","seeded-low-5629","seeded-low-5629",1,"astar",25,25,3,5629,0.08,0.0864,"6,24","E","11,20","[[12,2],[14,2],[23,2],[1,3],[12,3],[21,3],[23,3],[1,4],[8,4],[15,4],[18,4],[14,6],[5,7],[17,7],[1,8],[0,9],[5,9],[10,9],[11,9],[12,9],[20,9],[2,10],[4,10],[21,10],[0,11],[7,11],[16,11],[20,11],[6,12],[11,12],[13,13],[7,14],[9,14],[11,14],[21,14],[23,15],[1,16],[15,16],[14,17],[17,17],[12,18],[17,18],[20,18],[6,20],[15,21],[16,21],[10,22],[17,22],[19,22],[3,23],[12,23],[7,24],[11,24],[14,24]]",54,"success","success",9,1,2,0,46,0,0.1,0.1
"2026-10-09T04:57:39.768Z","benchmark","benchmark-1791521859669","seeded-low-7001","seeded-low-7001",1,"astar",25,25,3,7001,0.08,0.1008,"10,16","E","22,19","[[1,0],[9,0],[8,1],[12,1],[0,2],[13,2],[14,2],[23,2],[24,2],[4,3],[8,3],[17,3],[16,4],[7,5],[11,5],[18,5],[1,6],[15,6],[18,6],[0,7],[8,7],[1,8],[5,8],[18,8],[19,8],[23,8],[4,9],[11,9],[0,10],[5,10],[11,10],[6,11],[13,11],[4,12],[16,12],[1,13],[18,13],[20,13],[4,14],[9,14],[13,14],[10,15],[5,16],[7,16],[15,16],[16,16],[24,17],[16,18],[18,18],[20,18],[7,20],[11,20],[23,20],[24,20],[1,21],[15,21],[9,22],[14,22],[18,22],[8,23],[19,23],[5,24],[11,24]]",63,"success","success",15,2,2,0,91,0.2,0.2,0.4
"2026-10-09T04:57:39.769Z","benchmark","benchmark-1791521859669","seeded-low-7001","seeded-low-7001",1,"dstar",25,25,3,7001,0.08,0.1008,"10,16","E","22,19","[[1,0],[9,0],[8,1],[12,1],[0,2],[13,2],[14,2],[23,2],[24,2],[4,3],[8,3],[17,3],[16,4],[7,5],[11,5],[18,5],[1,6],[15,6],[18,6],[0,7],[8,7],[1,8],[5,8],[18,8],[19,8],[23,8],[4,9],[11,9],[0,10],[5,10],[11,10],[6,11],[13,11],[4,12],[16,12],[1,13],[18,13],[20,13],[4,14],[9,14],[13,14],[10,15],[5,16],[7,16],[15,16],[16,16],[24,17],[16,18],[18,18],[20,18],[7,20],[11,20],[23,20],[24,20],[1,21],[15,21],[9,22],[14,22],[18,22],[8,23],[19,23],[5,24],[11,24]]",63,"success","success",15,2,2,0,53,0.9,0,0.9
"2026-10-09T04:57:39.771Z","benchmark","benchmark-1791521859669","seeded-medium-1701","seeded-medium-1701",1,"dstar",25,25,3,1701,0.16,0.1856,"10,16","E","22,19","[[4,0],[6,0],[12,0],[16,0],[19,0],[24,0],[9,1],[10,1],[12,1],[4,2],[8,2],[15,2],[17,2],[18,2],[0,3],[18,3],[5,4],[10,4],[11,4],[22,4],[14,5],[18,5],[7,6],[12,6],[17,6],[18,6],[20,6],[21,6],[5,7],[10,7],[16,7],[18,7],[0,8],[1,8],[2,8],[13,8],[19,8],[20,8],[0,9],[5,9],[8,9],[13,9],[17,9],[7,10],[8,10],[10,10],[20,10],[3,11],[16,11],[22,11],[0,12],[6,12],[9,12],[13,12],[15,12],[16,12],[7,13],[12,13],[17,13],[19,13],[23,13],[0,14],[5,14],[10,14],[20,14],[1,15],[2,15],[17,15],[18,15],[22,15],[23,15],[2,16],[3,16],[7,16],[8,16],[13,16],[0,17],[4,17],[7,17],[14,17],[15,17],[9,18],[10,18],[14,18],[21,18],[22,18],[8,19],[11,19],[20,19],[12,20],[0,21],[3,21],[9,21],[11,21],[12,21],[16,21],[20,21],[22,21],[6,22],[12,22],[15,22],[16,22],[19,22],[21,22],[3,23],[6,23],[7,23],[8,23],[9,23],[12,23],[15,23],[19,23],[0,24],[9,24],[14,24],[19,24]]",116,"success","success",21,6,7,0,83,0.6,0.7,1.3
"2026-10-09T04:57:39.771Z","benchmark","benchmark-1791521859669","seeded-medium-1701","seeded-medium-1701",1,"astar",25,25,3,1701,0.16,0.1856,"10,16","E","22,19","[[4,0],[6,0],[12,0],[16,0],[19,0],[24,0],[9,1],[10,1],[12,1],[4,2],[8,2],[15,2],[17,2],[18,2],[0,3],[18,3],[5,4],[10,4],[11,4],[22,4],[14,5],[18,5],[7,6],[12,6],[17,6],[18,6],[20,6],[21,6],[5,7],[10,7],[16,7],[18,7],[0,8],[1,8],[2,8],[13,8],[19,8],[20,8],[0,9],[5,9],[8,9],[13,9],[17,9],[7,10],[8,10],[10,10],[20,10],[3,11],[16,11],[22,11],[0,12],[6,12],[9,12],[13,12],[15,12],[16,12],[7,13],[12,13],[17,13],[19,13],[23,13],[0,14],[5,14],[10,14],[20,14],[1,15],[2,15],[17,15],[18,15],[22,15],[23,15],[2,16],[3,16],[7,16],[8,16],[13,16],[0,17],[4,17],[7,17],[14,17],[15,17],[9,18],[10,18],[14,18],[21,18],[22,18],[8,19],[11,19],[20,19],[12,20],[0,21],[3,21],[9,21],[11,21],[12,21],[16,21],[20,21],[22,21],[6,22],[12,22],[15,22],[16,22],[19,22],[21,22],[3,23],[6,23],[7,23],[8,23],[9,23],[12,23],[15,23],[19,23],[0,24],[9,24],[14,24],[19,24]]",116,"success","success",21,5,6,0,112,0.3,0.1,0.4
"2026-10-09T04:57:39.772Z","benchmark","benchmark-1791521859669","seeded-medium-2718","seeded-medium-2718",1,"astar",25,25,3,2718,0.16,0.1504,"4,3","S","18,8","[[7,0],[9,0],[7,1],[9,1],[22,1],[14,2],[15,2],[17,2],[18,2],[19,2],[22,2],[0,3],[1,3],[6,3],[9,3],[10,3],[16,3],[18,3],[22,3],[3,5],[9,5],[14,5],[16,5],[20,5],[11,7],[12,7],[16,7],[17,7],[7,8],[14,8],[21,8],[22,8],[24,8],[12,9],[14,9],[15,9],[22,9],[7,10],[20,10],[21,10],[5,11],[8,11],[15,11],[20,11],[5,12],[6,12],[11,12],[12,12],[4,13],[13,13],[23,13],[18,14],[23,14],[6,15],[8,15],[9,15],[12,15],[21,15],[8,16],[9,16],[16,17],[17,17],[20,17],[1,18],[10,18],[1,19],[7,19],[8,19],[10,19],[19,19],[1,20],[2,20],[8,20],[11,20],[18,20],[21,20],[7,21],[11,21],[14,21],[21,21],[0,22],[4,22],[12,22],[17,22],[0,23],[4,23],[7,23],[22,23],[0,24],[3,24],[6,24],[10,24],[11,24],[22,24]]",94,"success","success",19,1,1,0,165,0.3,0.3,0.6
"2026-10-09T04:57:39.773Z","benchmark","benchmark-1791521859669","seeded-medium-2718","seeded-medium-2718",1,"dstar",25,25,3,2718,0.16,0.1504,"4,3","S","18,8","[[7,0],[9,0],[7,1],[9,1],[22,1],[14,2],[15,2],[17,2],[18,2],[19,2],[22,2],[0,3],[1,3],[6,3],[9,3],[10,3],[16,3],[18,3],[22,3],[3,5],[9,5],[14,5],[16,5],[20,5],[11,7],[12,7],[16,7],[17,7],[7,8],[14,8],[21,8],[22,8],[24,8],[12,9],[14,9],[15,9],[22,9],[7,10],[20,10],[21,10],[5,11],[8,11],[15,11],[20,11],[5,12],[6,12],[11,12],[12,12],[4,13],[13,13],[23,13],[18,14],[23,14],[6,15],[8,15],[9,15],[12,15],[21,15],[8,16],[9,16],[16,17],[17,17],[20,17],[1,18],[10,18],[1,19],[7,19],[8,19],[10,19],[19,19],[1,20],[2,20],[8,20],[11,20],[18,20],[21,20],[7,21],[11,21],[14,21],[21,21],[0,22],[4,22],[12,22],[17,22],[0,23],[4,23],[7,23],[22,23],[0,24],[3,24],[6,24],[10,24],[11,24],[22,24]]",94,"success","success",19,1,1,0,91,1.2,0.1,1.3
"2026-10-09T04:57:39.775Z","benchmark","benchmark-1791521859669","seeded-medium-3141","seeded-medium-3141",1,"dstar",25,25,3,3141,0.16,0.1552,"15,6","E","17,24","[[4,0],[13,0],[14,0],[19,0],[0,1],[1,1],[2,1],[12,1],[17,1],[3,2],[5,2],[14,2],[5,3],[8,3],[11,3],[13,3],[14,3],[19,3],[20,3],[21,3],[22,3],[24,3],[6,4],[14,4],[19,4],[5,5],[9,5],[12,5],[14,5],[17,5],[19,5],[22,5],[2,6],[24,6],[9,7],[13,7],[14,7],[18,7],[19,7],[6,8],[13,8],[14,8],[17,8],[19,8],[3,9],[5,9],[6,9],[17,9],[19,9],[23,9],[10,10],[12,10],[13,10],[0,11],[8,11],[14,11],[21,11],[22,11],[3,12],[6,12],[24,12],[14,13],[0,14],[18,14],[19,14],[20,14],[4,15],[6,15],[15,16],[18,16],[12,17],[14,17],[7,18],[16,18],[17,18],[20,18],[22,18],[0,19],[3,19],[4,19],[10,20],[11,20],[12,20],[15,20],[24,20],[0,21],[8,21],[13,21],[12,22],[19,22],[23,22],[10,23],[19,23],[22,23],[2,24],[13,24],[19,24]]",97,"success","success",30,9,9,0,140,0.6,1.6,2.2
"2026-10-09T04:57:39.776Z","benchmark","benchmark-1791521859669","seeded-medium-3141","seeded-medium-3141",1,"astar",25,25,3,3141,0.16,0.1552,"15,6","E","17,24","[[4,0],[13,0],[14,0],[19,0],[0,1],[1,1],[2,1],[12,1],[17,1],[3,2],[5,2],[14,2],[5,3],[8,3],[11,3],[13,3],[14,3],[19,3],[20,3],[21,3],[22,3],[24,3],[6,4],[14,4],[19,4],[5,5],[9,5],[12,5],[14,5],[17,5],[19,5],[22,5],[2,6],[24,6],[9,7],[13,7],[14,7],[18,7],[19,7],[6,8],[13,8],[14,8],[17,8],[19,8],[3,9],[5,9],[6,9],[17,9],[19,9],[23,9],[10,10],[12,10],[13,10],[0,11],[8,11],[14,11],[21,11],[22,11],[3,12],[6,12],[24,12],[14,13],[0,14],[18,14],[19,14],[20,14],[4,15],[6,15],[15,16],[18,16],[12,17],[14,17],[7,18],[16,18],[17,18],[20,18],[22,18],[0,19],[3,19],[4,19],[10,20],[11,20],[12,20],[15,20],[24,20],[0,21],[8,21],[13,21],[12,22],[19,22],[23,22],[10,23],[19,23],[22,23],[2,24],[13,24],[19,24]]",97,"success","success",24,5,5,0,241,0.1,0.5,0.6
"2026-10-09T04:57:39.777Z","benchmark","benchmark-1791521859669","seeded-medium-4207","seeded-medium-4207",1,"astar",25,25,3,4207,0.16,0.1584,"2,7","W","0,21","[[0,0],[7,0],[14,0],[20,0],[5,1],[12,1],[15,1],[17,1],[6,2],[8,2],[11,2],[16,2],[21,2],[23,2],[24,2],[0,3],[5,3],[10,3],[15,3],[1,4],[15,4],[17,4],[19,4],[24,4],[2,5],[3,5],[5,5],[7,5],[13,5],[23,5],[5,6],[17,6],[18,6],[4,7],[21,7],[24,8],[4,9],[9,9],[11,9],[12,9],[14,9],[21,9],[2,10],[3,10],[4,10],[12,10],[16,10],[2,11],[7,11],[13,11],[22,11],[6,12],[10,12],[12,12],[13,12],[18,12],[22,12],[23,13],[1,14],[17,14],[18,14],[8,15],[11,15],[24,15],[8,16],[11,16],[13,16],[14,16],[4,17],[6,17],[12,17],[14,17],[24,17],[0,18],[2,18],[4,18],[5,18],[12,18],[18,18],[20,18],[24,18],[4,20],[9,20],[13,20],[18,20],[2,21],[8,21],[11,21],[14,21],[23,21],[0,22],[5,22],[7,22],[22,22],[23,22],[7,23],[16,23],[11,24],[16,24]]",99,"success","success",18,3,3,0,102,0.3,0.3,0.6
"2026-10-09T04:57:39.777Z","benchmark","benchmark-1791521859669","seeded-medium-4207","seeded-medium-4207",1,"dstar",25,25,3,4207,0.16,0.1584,"2,7","W","0,21","[[0,0],[7,0],[14,0],[20,0],[5,1],[12,1],[15,1],[17,1],[6,2],[8,2],[11,2],[16,2],[21,2],[23,2],[24,2],[0,3],[5,3],[10,3],[15,3],[1,4],[15,4],[17,4],[19,4],[24,4],[2,5],[3,5],[5,5],[7,5],[13,5],[23,5],[5,6],[17,6],[18,6],[4,7],[21,7],[24,8],[4,9],[9,9],[11,9],[12,9],[14,9],[21,9],[2,10],[3,10],[4,10],[12,10],[16,10],[2,11],[7,11],[13,11],[22,11],[6,12],[10,12],[12,12],[13,12],[18,12],[22,12],[23,13],[1,14],[17,14],[18,14],[8,15],[11,15],[24,15],[8,16],[11,16],[13,16],[14,16],[4,17],[6,17],[12,17],[14,17],[24,17],[0,18],[2,18],[4,18],[5,18],[12,18],[18,18],[20,18],[24,18],[4,20],[9,20],[13,20],[18,20],[2,21],[8,21],[11,21],[14,21],[23,21],[0,22],[5,22],[7,22],[22,22],[23,22],[7,23],[16,23],[11,24],[16,24]]",99,"success","success",18,3,3,0,56,0.4,0.2,0.6
"2026-10-09T04:57:39.778Z","benchmark","benchmark-1791521859669","seeded-medium-5629","seeded-medium-5629",1,"dstar",25,25,3,5629,0.16,0.1568,"6,24","E","11,20","[[12,0],[14,0],[16,0],[24,0],[14,1],[18,1],[20,1],[22,1],[23,1],[11,2],[12,2],[14,2],[21,2],[23,2],[1,3],[12,3],[13,3],[20,3],[21,3],[22,3],[23,3],[0,4],[1,4],[7,4],[8,4],[15,4],[18,4],[19,5],[14,6],[5,7],[15,7],[17,7],[19,7],[21,7],[1,8],[8,8],[22,8],[0,9],[5,9],[10,9],[11,9],[12,9],[20,9],[22,9],[2,10],[3,10],[4,10],[17,10],[21,10],[24,10],[0,11],[5,11],[6,11],[7,11],[16,11],[20,11],[6,12],[11,12],[13,13],[4,14],[7,14],[9,14],[11,14],[21,14],[14,15],[15,15],[23,15],[1,16],[15,16],[2,17],[4,17],[9,17],[14,17],[17,17],[22,17],[23,17],[12,18],[17,18],[20,18],[4,20],[6,20],[7,20],[15,21],[16,21],[17,21],[10,22],[14,22],[17,22],[19,22],[3,23],[4,23],[11,23],[12,23],[7,24],[9,24],[11,24],[14,24],[15,24]]",98,"success","success",9,2,3,0,31,0.4,0,0.4
"2026-10-09T04:57:39.778Z","benchmark","benchmark-1791521859669","seeded-medium-5629","seeded-medium-5629",1,"astar",25,25,3,5629,0.16,0.1568,"6,24","E","11,20","[[12,0],[14,0],[16,0],[24,0],[14,1],[18,1],[20,1],[22,1],[23,1],[11,2],[12,2],[14,2],[21,2],[23,2],[1,3],[12,3],[13,3],[20,3],[21,3],[22,3],[23,3],[0,4],[1,4],[7,4],[8,4],[15,4],[18,4],[19,5],[14,6],[5,7],[15,7],[17,7],[19,7],[21,7],[1,8],[8,8],[22,8],[0,9],[5,9],[10,9],[11,9],[12,9],[20,9],[22,9],[2,10],[3,10],[4,10],[17,10],[21,10],[24,10],[0,11],[5,11],[6,11],[7,11],[16,11],[20,11],[6,12],[11,12],[13,13],[4,14],[7,14],[9,14],[11,14],[21,14],[14,15],[15,15],[23,15],[1,16],[15,16],[2,17],[4,17],[9,17],[14,17],[17,17],[22,17],[23,17],[12,18],[17,18],[20,18],[4,20],[6,20],[7,20],[15,21],[16,21],[17,21],[10,22],[14,22],[17,22],[19,22],[3,23],[4,23],[11,23],[12,23],[7,24],[9,24],[11,24],[14,24],[15,24]]",98,"success","success",9,2,3,0,54,0,0.1,0.1
"2026-10-09T04:57:39.778Z","benchmark","benchmark-1791521859669","seeded-medium-7001","seeded-medium-7001",1,"astar",25,25,3,7001,0.16,0.1856,"10,16","E","22,19","[[1,0],[9,0],[13,0],[22,0],[2,1],[8,1],[12,1],[0,2],[4,2],[13,2],[14,2],[23,2],[24,2],[4,3],[8,3],[16,3],[17,3],[18,3],[1,4],[6,4],[8,4],[16,4],[23,4],[7,5],[11,5],[18,5],[1,6],[2,6],[9,6],[15,6],[17,6],[18,6],[0,7],[1,7],[8,7],[23,7],[0,8],[1,8],[3,8],[5,8],[10,8],[12,8],[18,8],[19,8],[23,8],[4,9],[6,9],[11,9],[12,9],[13,9],[18,9],[21,9],[24,9],[0,10],[4,10],[5,10],[11,10],[1,11],[2,11],[6,11],[13,11],[18,11],[20,11],[4,12],[16,12],[1,13],[10,13],[16,13],[18,13],[20,13],[4,14],[8,14],[9,14],[13,14],[15,14],[16,14],[17,14],[20,14],[10,15],[15,15],[5,16],[7,16],[15,16],[16,16],[17,16],[21,16],[22,16],[23,17],[24,17],[10,18],[16,18],[18,18],[20,18],[3,19],[24,19],[3,20],[7,20],[11,20],[23,20],[24,20],[1,21],[6,21],[15,21],[9,22],[10,22],[14,22],[18,22],[21,22],[8,23],[19,23],[5,24],[11,24],[13,24],[15,24],[22,24],[24,24]]",116,"success","success",15,2,2,0,94,0.2,0.1,0.3
"2026-10-09T04:57:39.779Z","benchmark","benchmark-1791521859669","seeded-medium-7001","seeded-medium-7001",1,"dstar",25,25,3,7001,0.16,0.1856,"10,16","E","22,19","[[1,0],[9,0],[13,0],[22,0],[2,1],[8,1],[12,1],[0,2],[4,2],[13,2],[14,2],[23,2],[24,2],[4,3],[8,3],[16,3],[17,3],[18,3],[1,4],[6,4],[8,4],[16,4],[23,4],[7,5],[11,5],[18,5],[1,6],[2,6],[9,6],[15,6],[17,6],[18,6],[0,7],[1,7],[8,7],[23,7],[0,8],[1,8],[3,8],[5,8],[10,8],[12,8],[18,8],[19,8],[23,8],[4,9],[6,9],[11,9],[12,9],[13,9],[18,9],[21,9],[24,9],[0,10],[4,10],[5,10],[11,10],[1,11],[2,11],[6,11],[13,11],[18,11],[20,11],[4,12],[16,12],[1,13],[10,13],[16,13],[18,13],[20,13],[4,14],[8,14],[9,14],[13,14],[15,14],[16,14],[17,14],[20,14],[10,15],[15,15],[5,16],[7,16],[15,16],[16,16],[17,16],[21,16],[22,16],[23,17],[24,17],[10,18],[16,18],[18,18],[20,18],[3,19],[24,19],[3,20],[7,20],[11,20],[23,20],[24,20],[1,21],[6,21],[15,21],[9,22],[10,22],[14,22],[18,22],[21,22],[8,23],[19,23],[5,24],[11,24],[13,24],[15,24],[22,24],[24,24]]",116,"success","success",15,2,2,0,53,0.5,0,0.5
"2026-10-09T04:57:39.780Z","benchmark","benchmark-1791521859669","seeded-high-1701","seeded-high-1701",1,"dstar",25,25,3,1701,0.24,0.2464,"10,16","E","22,19","[[4,0],[5,0],[6,0],[12,0],[16,0],[19,0],[21,0],[22,0],[24,0],[5,1],[9,1],[10,1],[12,1],[4,2],[6,2],[8,2],[15,2],[17,2],[18,2],[20,2],[0,3],[4,3],[6,3],[16,3],[18,3],[22,3],[5,4],[8,4],[9,4],[10,4],[11,4],[13,4],[16,4],[18,4],[22,4],[0,5],[3,5],[12,5],[14,5],[16,5],[18,5],[7,6],[12,6],[17,6],[18,6],[20,6],[21,6],[5,7],[10,7],[16,7],[18,7],[0,8],[1,8],[2,8],[13,8],[18,8],[19,8],[20,8],[23,8],[0,9],[3,9],[5,9],[8,9],[13,9],[17,9],[7,10],[8,10],[9,10],[10,10],[20,10],[3,11],[7,11],[12,11],[16,11],[22,11],[0,12],[6,12],[9,12],[13,12],[15,12],[16,12],[7,13],[12,13],[17,13],[19,13],[23,13],[0,14],[2,14],[5,14],[10,14],[20,14],[1,15],[2,15],[17,15],[18,15],[22,15],[23,15],[2,16],[3,16],[7,16],[8,16],[13,16],[0,17],[4,17],[7,17],[14,17],[15,17],[16,17],[0,18],[8,18],[9,18],[10,18],[14,18],[21,18],[22,18],[8,19],[11,19],[20,19],[12,20],[23,20],[0,21],[3,21],[4,21],[9,21],[10,21],[11,21],[12,21],[16,21],[20,21],[22,21],[2,22],[6,22],[12,22],[15,22],[16,22],[18,22],[19,22],[21,22],[3,23],[6,23],[7,23],[8,23],[9,23],[11,23],[12,23],[15,23],[19,23],[20,23],[23,23],[0,24],[9,24],[10,24],[14,24],[19,24]]",154,"success","success",21,7,8,0,83,0.7,0.7,1.4
"2026-10-09T04:57:39.781Z","benchmark","benchmark-1791521859669","seeded-high-1701","seeded-high-1701",1,"astar",25,25,3,1701,0.24,0.2464,"10,16","E","22,19","[[4,0],[5,0],[6,0],[12,0],[16,0],[19,0],[21,0],[22,0],[24,0],[5,1],[9,1],[10,1],[12,1],[4,2],[6,2],[8,2],[15,2],[17,2],[18,2],[20,2],[0,3],[4,3],[6,3],[16,3],[18,3],[22,3],[5,4],[8,4],[9,4],[10,4],[11,4],[13,4],[16,4],[18,4],[22,4],[0,5],[3,5],[12,5],[14,5],[16,5],[18,5],[7,6],[12,6],[17,6],[18,6],[20,6],[21,6],[5,7],[10,7],[16,7],[18,7],[0,8],[1,8],[2,8],[13,8],[18,8],[19,8],[20,8],[23,8],[0,9],[3,9],[5,9],[8,9],[13,9],[17,9],[7,10],[8,10],[9,10],[10,10],[20,10],[3,11],[7,11],[12,11],[16,11],[22,11],[0,12],[6,12],[9,12],[13,12],[15,12],[16,12],[7,13],[12,13],[17,13],[19,13],[23,13],[0,14],[2,14],[5,14],[10,14],[20,14],[1,15],[2,15],[17,15],[18,15],[22,15],[23,15],[2,16],[3,16],[7,16],[8,16],[13,16],[0,17],[4,17],[7,17],[14,17],[15,17],[16,17],[0,18],[8,18],[9,18],[10,18],[14,18],[21,18],[22,18],[8,19],[11,19],[20,19],[12,20],[23,20],[0,21],[3,21],[4,21],[9,21],[10,21],[11,21],[12,21],[16,21],[20,21],[22,21],[2,22],[6,22],[12,22],[15,22],[16,22],[18,22],[19,22],[21,22],[3,23],[6,23],[7,23],[8,23],[9,23],[11,23],[12,23],[15,23],[19,23],[20,23],[23,23],[0,24],[9,24],[10,24],[14,24],[19,24]]",154,"success","success",21,6,7,0,116,0.4,0.4,0.8
"2026-10-09T04:57:39.783Z","benchmark","benchmark-1791521859669","seeded-high-2718","seeded-high-2718",1,"astar",25,25,3,2718,0.24,0.224,"4,3","S","18,8","[[7,0],[8,0],[9,0],[22,0],[7,1],[9,1],[19,1],[22,1],[3,2],[13,2],[14,2],[15,2],[17,2],[18,2],[19,2],[21,2],[22,2],[0,3],[1,3],[6,3],[9,3],[10,3],[16,3],[18,3],[22,3],[23,3],[5,4],[3,5],[9,5],[14,5],[16,5],[20,5],[7,6],[8,6],[10,6],[4,7],[7,7],[11,7],[12,7],[16,7],[17,7],[7,8],[14,8],[21,8],[22,8],[24,8],[6,9],[12,9],[14,9],[15,9],[22,9],[7,10],[11,10],[17,10],[20,10],[21,10],[23,10],[0,11],[2,11],[3,11],[5,11],[6,11],[8,11],[15,11],[20,11],[5,12],[6,12],[7,12],[11,12],[12,12],[3,13],[4,13],[7,13],[13,13],[23,13],[2,14],[11,14],[17,14],[18,14],[23,14],[4,15],[6,15],[7,15],[8,15],[9,15],[12,15],[21,15],[7,16],[8,16],[9,16],[18,16],[16,17],[17,17],[20,17],[1,18],[2,18],[5,18],[10,18],[14,18],[17,18],[22,18],[1,19],[7,19],[8,19],[10,19],[19,19],[1,20],[2,20],[5,20],[6,20],[8,20],[11,20],[18,20],[21,20],[2,21],[3,21],[7,21],[11,21],[14,21],[21,21],[0,22],[4,22],[8,22],[12,22],[17,22],[0,23],[4,23],[5,23],[7,23],[15,23],[21,23],[22,23],[0,24],[3,24],[6,24],[10,24],[11,24],[12,24],[16,24],[22,24]]",140,"success","success",21,4,4,0,353,0.5,0.9,1.4
"2026-10-09T04:57:39.785Z","benchmark","benchmark-1791521859669","seeded-high-2718","seeded-high-2718",1,"dstar",25,25,3,2718,0.24,0.224,"4,3","S","18,8","[[7,0],[8,0],[9,0],[22,0],[7,1],[9,1],[19,1],[22,1],[3,2],[13,2],[14,2],[15,2],[17,2],[18,2],[19,2],[21,2],[22,2],[0,3],[1,3],[6,3],[9,3],[10,3],[16,3],[18,3],[22,3],[23,3],[5,4],[3,5],[9,5],[14,5],[16,5],[20,5],[7,6],[8,6],[10,6],[4,7],[7,7],[11,7],[12,7],[16,7],[17,7],[7,8],[14,8],[21,8],[22,8],[24,8],[6,9],[12,9],[14,9],[15,9],[22,9],[7,10],[11,10],[17,10],[20,10],[21,10],[23,10],[0,11],[2,11],[3,11],[5,11],[6,11],[8,11],[15,11],[20,11],[5,12],[6,12],[7,12],[11,12],[12,12],[3,13],[4,13],[7,13],[13,13],[23,13],[2,14],[11,14],[17,14],[18,14],[23,14],[4,15],[6,15],[7,15],[8,15],[9,15],[12,15],[21,15],[7,16],[8,16],[9,16],[18,16],[16,17],[17,17],[20,17],[1,18],[2,18],[5,18],[10,18],[14,18],[17,18],[22,18],[1,19],[7,19],[8,19],[10,19],[19,19],[1,20],[2,20],[5,20],[6,20],[8,20],[11,20],[18,20],[21,20],[2,21],[3,21],[7,21],[11,21],[14,21],[21,21],[0,22],[4,22],[8,22],[12,22],[17,22],[0,23],[4,23],[5,23],[7,23],[15,23],[21,23],[22,23],[0,24],[3,24],[6,24],[10,24],[11,24],[12,24],[16,24],[22,24]]",140,"success","success",21,4,4,0,130,0.8,0.5,1.3
"2026-10-09T04:57:39.788Z","benchmark","benchmark-1791521859669","seeded-high-3141","seeded-high-3141",1,"dstar",25,25,3,3141,0.24,0.2336,"15,6","E","17,24","[[4,0],[13,0],[14,0],[19,0],[24,0],[0,1],[1,1],[2,1],[5,1],[12,1],[14,1],[17,1],[18,1],[19,1],[3,2],[5,2],[13,2],[14,2],[1,3],[5,3],[8,3],[11,3],[13,3],[14,3],[19,3],[20,3],[21,3],[22,3],[24,3],[6,4],[14,4],[19,4],[23,4],[5,5],[9,5],[10,5],[11,5],[12,5],[14,5],[16,5],[17,5],[19,5],[22,5],[1,6],[2,6],[5,6],[7,6],[24,6],[1,7],[9,7],[13,7],[14,7],[18,7],[19,7],[21,7],[6,8],[13,8],[14,8],[17,8],[19,8],[3,9],[5,9],[6,9],[17,9],[19,9],[23,9],[0,10],[10,10],[12,10],[13,10],[0,11],[8,11],[14,11],[16,11],[21,11],[22,11],[3,12],[6,12],[15,12],[24,12],[4,13],[14,13],[19,13],[0,14],[14,14],[17,14],[18,14],[19,14],[20,14],[4,15],[6,15],[8,15],[9,15],[15,16],[17,16],[18,16],[3,17],[7,17],[12,17],[14,17],[16,17],[3,18],[7,18],[10,18],[12,18],[14,18],[16,18],[17,18],[20,18],[22,18],[24,18],[0,19],[1,19],[3,19],[4,19],[13,19],[18,19],[19,19],[5,20],[9,20],[10,20],[11,20],[12,20],[15,20],[17,20],[24,20],[0,21],[8,21],[13,21],[23,21],[3,22],[4,22],[9,22],[11,22],[12,22],[19,22],[21,22],[23,22],[10,23],[19,23],[22,23],[23,23],[2,24],[13,24],[15,24],[19,24]]",146,"success","success",48,20,20,0,217,0.8,2.4,3.2
"2026-10-09T04:57:39.789Z","benchmark","benchmark-1791521859669","seeded-high-3141","seeded-high-3141",1,"astar",25,25,3,3141,0.24,0.2336,"15,6","E","17,24","[[4,0],[13,0],[14,0],[19,0],[24,0],[0,1],[1,1],[2,1],[5,1],[12,1],[14,1],[17,1],[18,1],[19,1],[3,2],[5,2],[13,2],[14,2],[1,3],[5,3],[8,3],[11,3],[13,3],[14,3],[19,3],[20,3],[21,3],[22,3],[24,3],[6,4],[14,4],[19,4],[23,4],[5,5],[9,5],[10,5],[11,5],[12,5],[14,5],[16,5],[17,5],[19,5],[22,5],[1,6],[2,6],[5,6],[7,6],[24,6],[1,7],[9,7],[13,7],[14,7],[18,7],[19,7],[21,7],[6,8],[13,8],[14,8],[17,8],[19,8],[3,9],[5,9],[6,9],[17,9],[19,9],[23,9],[0,10],[10,10],[12,10],[13,10],[0,11],[8,11],[14,11],[16,11],[21,11],[22,11],[3,12],[6,12],[15,12],[24,12],[4,13],[14,13],[19,13],[0,14],[14,14],[17,14],[18,14],[19,14],[20,14],[4,15],[6,15],[8,15],[9,15],[15,16],[17,16],[18,16],[3,17],[7,17],[12,17],[14,17],[16,17],[3,18],[7,18],[10,18],[12,18],[14,18],[16,18],[17,18],[20,18],[22,18],[24,18],[0,19],[1,19],[3,19],[4,19],[13,19],[18,19],[19,19],[5,20],[9,20],[10,20],[11,20],[12,20],[15,20],[17,20],[24,20],[0,21],[8,21],[13,21],[23,21],[3,22],[4,22],[9,22],[11,22],[12,22],[19,22],[21,22],[23,22],[10,23],[19,23],[22,23],[23,23],[2,24],[13,24],[15,24],[19,24]]",146,"success","success",44,21,21,0,553,0.2,1.2,1.4
"2026-10-09T04:57:39.790Z","benchmark","benchmark-1791521859669","seeded-high-4207","seeded-high-4207",1,"astar",25,25,3,4207,0.24,0.2256,"2,7","W","0,21","[[0,0],[7,0],[10,0],[14,0],[20,0],[0,1],[2,1],[5,1],[12,1],[15,1],[17,1],[19,1],[22,1],[6,2],[8,2],[11,2],[16,2],[21,2],[23,2],[24,2],[0,3],[5,3],[9,3],[10,3],[15,3],[21,3],[1,4],[15,4],[17,4],[19,4],[24,4],[2,5],[3,5],[5,5],[7,5],[9,5],[13,5],[21,5],[23,5],[5,6],[6,6],[17,6],[18,6],[23,6],[4,7],[21,7],[12,8],[15,8],[20,8],[21,8],[23,8],[24,8],[4,9],[6,9],[9,9],[11,9],[12,9],[13,9],[14,9],[21,9],[1,10],[2,10],[3,10],[4,10],[12,10],[16,10],[2,11],[4,11],[7,11],[9,11],[11,11],[13,11],[22,11],[0,12],[3,12],[6,12],[10,12],[12,12],[13,12],[18,12],[21,12],[22,12],[23,13],[1,14],[4,14],[12,14],[17,14],[18,14],[20,14],[8,15],[11,15],[24,15],[5,16],[8,16],[11,16],[13,16],[14,16],[4,17],[5,17],[6,17],[12,17],[13,17],[14,17],[24,17],[0,18],[2,18],[4,18],[5,18],[12,18],[16,18],[18,18],[20,18],[24,18],[12,19],[16,19],[4,20],[9,20],[13,20],[18,20],[23,20],[2,21],[8,21],[11,21],[12,21],[14,21],[23,21],[0,22],[5,22],[6,22],[7,22],[9,22],[22,22],[23,22],[4,23],[7,23],[14,23],[16,23],[1,24],[11,24],[14,24],[16,24]]",141,"success","success",20,6,6,0,159,0.1,0.2,0.3
"2026-10-09T04:57:39.791Z","benchmark","benchmark-1791521859669","seeded-high-4207","seeded-high-4207",1,"dstar",25,25,3,4207,0.24,0.2256,"2,7","W","0,21","[[0,0],[7,0],[10,0],[14,0],[20,0],[0,1],[2,1],[5,1],[12,1],[15,1],[17,1],[19,1],[22,1],[6,2],[8,2],[11,2],[16,2],[21,2],[23,2],[24,2],[0,3],[5,3],[9,3],[10,3],[15,3],[21,3],[1,4],[15,4],[17,4],[19,4],[24,4],[2,5],[3,5],[5,5],[7,5],[9,5],[13,5],[21,5],[23,5],[5,6],[6,6],[17,6],[18,6],[23,6],[4,7],[21,7],[12,8],[15,8],[20,8],[21,8],[23,8],[24,8],[4,9],[6,9],[9,9],[11,9],[12,9],[13,9],[14,9],[21,9],[1,10],[2,10],[3,10],[4,10],[12,10],[16,10],[2,11],[4,11],[7,11],[9,11],[11,11],[13,11],[22,11],[0,12],[3,12],[6,12],[10,12],[12,12],[13,12],[18,12],[21,12],[22,12],[23,13],[1,14],[4,14],[12,14],[17,14],[18,14],[20,14],[8,15],[11,15],[24,15],[5,16],[8,16],[11,16],[13,16],[14,16],[4,17],[5,17],[6,17],[12,17],[13,17],[14,17],[24,17],[0,18],[2,18],[4,18],[5,18],[12,18],[16,18],[18,18],[20,18],[24,18],[12,19],[16,19],[4,20],[9,20],[13,20],[18,20],[23,20],[2,21],[8,21],[11,21],[12,21],[14,21],[23,21],[0,22],[5,22],[6,22],[7,22],[9,22],[22,22],[23,22],[4,23],[7,23],[14,23],[16,23],[1,24],[11,24],[14,24],[16,24]]",141,"success","success",20,6,6,0,66,0.5,0.3,0.8
"2026-10-09T04:57:39.791Z","benchmark","benchmark-1791521859669","seeded-high-5629","seeded-high-5629",1,"dstar",25,25,3,5629,0.24,0.232,"6,24","E","11,20","[[3,0],[6,0],[12,0],[14,0],[16,0],[24,0],[14,1],[18,1],[20,1],[22,1],[23,1],[11,2],[12,2],[14,2],[21,2],[22,2],[23,2],[24,2],[0,3],[1,3],[6,3],[11,3],[12,3],[13,3],[20,3],[21,3],[22,3],[23,3],[24,3],[0,4],[1,4],[7,4],[8,4],[11,4],[15,4],[18,4],[22,4],[1,5],[18,5],[19,5],[20,5],[14,6],[2,7],[5,7],[15,7],[17,7],[19,7],[21,7],[24,7],[1,8],[5,8],[8,8],[11,8],[14,8],[22,8],[23,8],[0,9],[5,9],[10,9],[11,9],[12,9],[20,9],[22,9],[2,10],[3,10],[4,10],[17,10],[21,10],[22,10],[24,10],[0,11],[5,11],[6,11],[7,11],[12,11],[14,11],[16,11],[20,11],[2,12],[3,12],[6,12],[11,12],[13,13],[18,13],[3,14],[4,14],[7,14],[9,14],[11,14],[15,14],[21,14],[3,15],[11,15],[14,15],[15,15],[18,15],[19,15],[23,15],[1,16],[13,16],[15,16],[2,17],[3,17],[4,17],[9,17],[13,17],[14,17],[17,17],[22,17],[23,17],[5,18],[12,18],[17,18],[20,18],[6,19],[19,19],[4,20],[6,20],[7,20],[19,20],[22,20],[23,20],[8,21],[14,21],[15,21],[16,21],[17,21],[10,22],[14,22],[17,22],[19,22],[3,23],[4,23],[11,23],[12,23],[17,23],[24,23],[7,24],[9,24],[11,24],[12,24],[14,24],[15,24],[22,24],[24,24]]",145,"success","success",11,4,5,0,43,0.3,0.2,0.5
"2026-10-09T04:57:39.792Z","benchmark","benchmark-1791521859669","seeded-high-5629","seeded-high-5629",1,"astar",25,25,3,5629,0.24,0.232,"6,24","E","11,20","[[3,0],[6,0],[12,0],[14,0],[16,0],[24,0],[14,1],[18,1],[20,1],[22,1],[23,1],[11,2],[12,2],[14,2],[21,2],[22,2],[23,2],[24,2],[0,3],[1,3],[6,3],[11,3],[12,3],[13,3],[20,3],[21,3],[22,3],[23,3],[24,3],[0,4],[1,4],[7,4],[8,4],[11,4],[15,4],[18,4],[22,4],[1,5],[18,5],[19,5],[20,5],[14,6],[2,7],[5,7],[15,7],[17,7],[19,7],[21,7],[24,7],[1,8],[5,8],[8,8],[11,8],[14,8],[22,8],[23,8],[0,9],[5,9],[10,9],[11,9],[12,9],[20,9],[22,9],[2,10],[3,10],[4,10],[17,10],[21,10],[22,10],[24,10],[0,11],[5,11],[6,11],[7,11],[12,11],[14,11],[16,11],[20,11],[2,12],[3,12],[6,12],[11,12],[13,13],[18,13],[3,14],[4,14],[7,14],[9,14],[11,14],[15,14],[21,14],[3,15],[11,15],[14,15],[15,15],[18,15],[19,15],[23,15],[1,16],[13,16],[15,16],[2,17],[3,17],[4,17],[9,17],[13,17],[14,17],[17,17],[22,17],[23,17],[5,18],[12,18],[17,18],[20,18],[6,19],[19,19],[4,20],[6,20],[7,20],[19,20],[22,20],[23,20],[8,21],[14,21],[15,21],[16,21],[17,21],[10,22],[14,22],[17,22],[19,22],[3,23],[4,23],[11,23],[12,23],[17,23],[24,23],[7,24],[9,24],[11,24],[12,24],[14,24],[15,24],[22,24],[24,24]]",145,"success","success",11,4,5,0,73,0,0.1,0.1
"2026-10-09T04:57:39.792Z","benchmark","benchmark-1791521859669","seeded-high-7001","seeded-high-7001",1,"astar",25,25,3,7001,0.24,0.2752,"10,16","E","22,19","[[1,0],[9,0],[13,0],[14,0],[20,0],[22,0],[2,1],[8,1],[12,1],[15,1],[0,2],[4,2],[13,2],[14,2],[18,2],[23,2],[24,2],[2,3],[4,3],[6,3],[8,3],[12,3],[14,3],[16,3],[17,3],[18,3],[1,4],[4,4],[6,4],[7,4],[8,4],[10,4],[16,4],[20,4],[23,4],[7,5],[11,5],[13,5],[15,5],[18,5],[20,5],[1,6],[2,6],[9,6],[15,6],[16,6],[17,6],[18,6],[0,7],[1,7],[2,7],[4,7],[8,7],[18,7],[23,7],[0,8],[1,8],[2,8],[3,8],[5,8],[10,8],[12,8],[18,8],[19,8],[23,8],[4,9],[6,9],[11,9],[12,9],[13,9],[18,9],[21,9],[24,9],[0,10],[4,10],[5,10],[11,10],[14,10],[18,10],[1,11],[2,11],[6,11],[7,11],[13,11],[18,11],[20,11],[21,11],[23,11],[4,12],[5,12],[9,12],[16,12],[1,13],[3,13],[10,13],[15,13],[16,13],[17,13],[18,13],[20,13],[0,14],[4,14],[8,14],[9,14],[13,14],[15,14],[16,14],[17,14],[20,14],[5,15],[10,15],[15,15],[19,15],[21,15],[4,16],[5,16],[7,16],[13,16],[15,16],[16,16],[17,16],[21,16],[22,16],[23,16],[23,17],[24,17],[2,18],[10,18],[13,18],[15,18],[16,18],[18,18],[20,18],[3,19],[5,19],[7,19],[10,19],[24,19],[3,20],[7,20],[9,20],[10,20],[11,20],[23,20],[24,20],[1,21],[6,21],[7,21],[10,21],[15,21],[19,21],[23,21],[2,22],[8,22],[9,22],[10,22],[11,22],[12,22],[14,22],[18,22],[21,22],[8,23],[11,23],[12,23],[19,23],[5,24],[11,24],[12,24],[13,24],[15,24],[22,24],[24,24]]",172,"success","success",15,1,2,0,49,0.1,0.1,0.2
"2026-10-09T04:57:39.792Z","benchmark","benchmark-1791521859669","seeded-high-7001","seeded-high-7001",1,"dstar",25,25,3,7001,0.24,0.2752,"10,16","E","22,19","[[1,0],[9,0],[13,0],[14,0],[20,0],[22,0],[2,1],[8,1],[12,1],[15,1],[0,2],[4,2],[13,2],[14,2],[18,2],[23,2],[24,2],[2,3],[4,3],[6,3],[8,3],[12,3],[14,3],[16,3],[17,3],[18,3],[1,4],[4,4],[6,4],[7,4],[8,4],[10,4],[16,4],[20,4],[23,4],[7,5],[11,5],[13,5],[15,5],[18,5],[20,5],[1,6],[2,6],[9,6],[15,6],[16,6],[17,6],[18,6],[0,7],[1,7],[2,7],[4,7],[8,7],[18,7],[23,7],[0,8],[1,8],[2,8],[3,8],[5,8],[10,8],[12,8],[18,8],[19,8],[23,8],[4,9],[6,9],[11,9],[12,9],[13,9],[18,9],[21,9],[24,9],[0,10],[4,10],[5,10],[11,10],[14,10],[18,10],[1,11],[2,11],[6,11],[7,11],[13,11],[18,11],[20,11],[21,11],[23,11],[4,12],[5,12],[9,12],[16,12],[1,13],[3,13],[10,13],[15,13],[16,13],[17,13],[18,13],[20,13],[0,14],[4,14],[8,14],[9,14],[13,14],[15,14],[16,14],[17,14],[20,14],[5,15],[10,15],[15,15],[19,15],[21,15],[4,16],[5,16],[7,16],[13,16],[15,16],[16,16],[17,16],[21,16],[22,16],[23,16],[23,17],[24,17],[2,18],[10,18],[13,18],[15,18],[16,18],[18,18],[20,18],[3,19],[5,19],[7,19],[10,19],[24,19],[3,20],[7,20],[9,20],[10,20],[11,20],[23,20],[24,20],[1,21],[6,21],[7,21],[10,21],[15,21],[19,21],[23,21],[2,22],[8,22],[9,22],[10,22],[11,22],[12,22],[14,22],[18,22],[21,22],[8,23],[11,23],[12,23],[19,23],[5,24],[11,24],[12,24],[13,24],[15,24],[22,24],[24,24]]",172,"success","success",15,1,2,0,51,0.5,0,0.5
"2026-10-09T04:57:39.794Z","benchmark","benchmark-1791521859669","open","open",2,"astar",25,25,3,"","",0,"1,22","E","23,2","[]",0,"success","success",42,0,0,0,482,1.6,0,1.6
"2026-10-09T04:57:39.799Z","benchmark","benchmark-1791521859669","open","open",2,"dstar",25,25,3,"","",0,"1,22","E","23,2","[]",0,"success","success",42,0,0,0,483,4.8,0,4.8
"2026-10-09T04:57:39.800Z","benchmark","benchmark-1791521859669","blocker","blocker",2,"dstar",25,25,3,"","",0.0016,"1,12","E","23,12","[[12,12]]",1,"success","success",24,1,1,0,62,0.2,0.5,0.7
"2026-10-09T04:57:39.800Z","benchmark","benchmark-1791521859669","blocker","blocker",2,"astar",25,25,3,"","",0.0016,"1,12","E","23,12","[[12,12]]",1,"success","success",24,1,1,0,66,0,0.1,0.1
"2026-10-09T04:57:39.804Z","benchmark","benchmark-1791521859669","detour","detour",2,"astar",25,25,3,"","",0.0384,"1,12","E","23,12","[[12,0],[12,1],[12,2],[12,3],[12,4],[12,6],[12,7],[12,8],[12,9],[12,10],[12,11],[12,12],[12,13],[12,14],[12,15],[12,16],[12,17],[12,18],[12,19],[12,20],[12,21],[12,22],[12,23],[12,24]]",24,"success","success",62,19,19,0,1726,0,4.3,4.3
"2026-10-09T04:57:39.807Z","benchmark","benchmark-1791521859669","detour","detour",2,"dstar",25,25,3,"","",0.0384,"1,12","E","23,12","[[12,0],[12,1],[12,2],[12,3],[12,4],[12,6],[12,7],[12,8],[12,9],[12,10],[12,11],[12,12],[12,13],[12,14],[12,15],[12,16],[12,17],[12,18],[12,19],[12,20],[12,21],[12,22],[12,23],[12,24]]",24,"success","success",36,7,7,0,200,0.2,2.4,2.6
"2026-10-09T04:57:39.815Z","benchmark","benchmark-1791521859669","corridor","corridor",2,"dstar",25,25,3,"","",0.0768,"1,20","E","23,5","[[8,0],[17,0],[8,1],[17,1],[8,2],[17,2],[8,3],[17,3],[8,4],[17,4],[8,5],[8,6],[17,6],[8,7],[17,7],[8,8],[17,8],[8,9],[17,9],[8,10],[17,10],[8,11],[17,11],[8,12],[17,12],[8,13],[17,13],[8,14],[17,14],[8,15],[17,15],[8,16],[17,16],[8,17],[17,17],[8,18],[17,18],[8,19],[17,19],[17,20],[8,21],[17,21],[8,22],[17,22],[8,23],[17,23],[8,24],[17,24]]",48,"success","success",77,20,20,0,596,3.5,4.9,8.4
"2026-10-09T04:57:39.823Z","benchmark","benchmark-1791521859669","corridor","corridor",2,"astar",25,25,3,"","",0.0768,"1,20","E","23,5","[[8,0],[17,0],[8,1],[17,1],[8,2],[17,2],[8,3],[17,3],[8,4],[17,4],[8,5],[8,6],[17,6],[8,7],[17,7],[8,8],[17,8],[8,9],[17,9],[8,10],[17,10],[8,11],[17,11],[8,12],[17,12],[8,13],[17,13],[8,14],[17,14],[8,15],[17,15],[8,16],[17,16],[8,17],[17,17],[8,18],[17,18],[8,19],[17,19],[17,20],[8,21],[17,21],[8,22],[17,22],[8,23],[17,23],[8,24],[17,24]]",48,"success","success",69,16,16,0,2751,1,6.2,7.2
"2026-10-09T04:57:39.848Z","benchmark","benchmark-1791521859669","maze","maze",2,"astar",25,25,3,"","",0.192,"1,23","E","23,1","[[3,0],[7,0],[11,0],[15,0],[19,0],[7,1],[15,1],[3,2],[7,2],[11,2],[15,2],[19,2],[3,3],[7,3],[11,3],[15,3],[19,3],[3,4],[7,4],[11,4],[15,4],[19,4],[3,5],[7,5],[11,5],[15,5],[19,5],[3,6],[7,6],[11,6],[15,6],[19,6],[3,7],[7,7],[11,7],[15,7],[19,7],[3,8],[7,8],[11,8],[15,8],[19,8],[3,9],[7,9],[11,9],[15,9],[19,9],[3,10],[7,10],[11,10],[15,10],[19,10],[3,11],[7,11],[11,11],[15,11],[19,11],[3,12],[7,12],[11,12],[15,12],[19,12],[3,13],[7,13],[11,13],[15,13],[19,13],[3,14],[7,14],[11,14],[15,14],[19,14],[3,15],[7,15],[11,15],[15,15],[19,15],[3,16],[7,16],[11,16],[15,16],[19,16],[3,17],[7,17],[11,17],[15,17],[19,17],[3,18],[7,18],[11,18],[15,18],[19,18],[3,19],[7,19],[11,19],[15,19],[19,19],[3,20],[7,20],[11,20],[15,20],[19,20],[3,21],[7,21],[11,21],[15,21],[19,21],[3,22],[7,22],[11,22],[15,22],[19,22],[3,23],[11,23],[19,23],[3,24],[7,24],[11,24],[15,24],[19,24]]",120,"success","success",136,46,47,0,8303,1.5,23.2,24.7
"2026-10-09T04:57:39.860Z","benchmark","benchmark-1791521859669","maze","maze",2,"dstar",25,25,3,"","",0.192,"1,23","E","23,1","[[3,0],[7,0],[11,0],[15,0],[19,0],[7,1],[15,1],[3,2],[7,2],[11,2],[15,2],[19,2],[3,3],[7,3],[11,3],[15,3],[19,3],[3,4],[7,4],[11,4],[15,4],[19,4],[3,5],[7,5],[11,5],[15,5],[19,5],[3,6],[7,6],[11,6],[15,6],[19,6],[3,7],[7,7],[11,7],[15,7],[19,7],[3,8],[7,8],[11,8],[15,8],[19,8],[3,9],[7,9],[11,9],[15,9],[19,9],[3,10],[7,10],[11,10],[15,10],[19,10],[3,11],[7,11],[11,11],[15,11],[19,11],[3,12],[7,12],[11,12],[15,12],[19,12],[3,13],[7,13],[11,13],[15,13],[19,13],[3,14],[7,14],[11,14],[15,14],[19,14],[3,15],[7,15],[11,15],[15,15],[19,15],[3,16],[7,16],[11,16],[15,16],[19,16],[3,17],[7,17],[11,17],[15,17],[19,17],[3,18],[7,18],[11,18],[15,18],[19,18],[3,19],[7,19],[11,19],[15,19],[19,19],[3,20],[7,20],[11,20],[15,20],[19,20],[3,21],[7,21],[11,21],[15,21],[19,21],[3,22],[7,22],[11,22],[15,22],[19,22],[3,23],[11,23],[19,23],[3,24],[7,24],[11,24],[15,24],[19,24]]",120,"success","success",136,46,47,0,812,5,6.8,11.8
"2026-10-09T04:57:39.870Z","benchmark","benchmark-1791521859669","no-route","no-route",2,"dstar",25,25,3,"","",0.04,"1,12","E","23,12","[[12,0],[12,1],[12,2],[12,3],[12,4],[12,5],[12,6],[12,7],[12,8],[12,9],[12,10],[12,11],[12,12],[12,13],[12,14],[12,15],[12,16],[12,17],[12,18],[12,19],[12,20],[12,21],[12,22],[12,23],[12,24]]",25,"no_route","no_route",46,25,25,0,572,0.3,9.9,10.2
"2026-10-09T04:57:39.876Z","benchmark","benchmark-1791521859669","no-route","no-route",2,"astar",25,25,3,"","",0.04,"1,12","E","23,12","[[12,0],[12,1],[12,2],[12,3],[12,4],[12,5],[12,6],[12,7],[12,8],[12,9],[12,10],[12,11],[12,12],[12,13],[12,14],[12,15],[12,16],[12,17],[12,18],[12,19],[12,20],[12,21],[12,22],[12,23],[12,24]]",25,"no_route","no_route",48,25,25,0,2741,0.1,5.4,5.5
"2026-10-09T04:57:39.876Z","benchmark","benchmark-1791521859669","seeded-low-1701","seeded-low-1701",2,"astar",25,25,3,1701,0.08,0.0832,"10,16","E","22,19","[[16,0],[9,1],[12,1],[17,2],[18,2],[5,4],[14,5],[12,6],[17,6],[21,6],[5,7],[16,7],[18,7],[1,8],[19,8],[20,8],[0,9],[0,12],[9,12],[13,12],[15,12],[17,13],[23,13],[5,14],[10,14],[20,14],[17,15],[18,15],[22,15],[2,16],[7,16],[8,16],[13,16],[4,17],[7,17],[14,17],[15,17],[8,19],[11,21],[12,21],[16,21],[20,21],[6,22],[12,22],[19,22],[3,23],[6,23],[15,23],[0,24],[9,24],[14,24],[19,24]]",52,"success","success",15,1,2,0,64,0.1,0,0.1
"2026-10-09T04:57:39.877Z","benchmark","benchmark-1791521859669","seeded-low-1701","seeded-low-1701",2,"dstar",25,25,3,1701,0.08,0.0832,"10,16","E","22,19","[[16,0],[9,1],[12,1],[17,2],[18,2],[5,4],[14,5],[12,6],[17,6],[21,6],[5,7],[16,7],[18,7],[1,8],[19,8],[20,8],[0,9],[0,12],[9,12],[13,12],[15,12],[17,13],[23,13],[5,14],[10,14],[20,14],[17,15],[18,15],[22,15],[2,16],[7,16],[8,16],[13,16],[4,17],[7,17],[14,17],[15,17],[8,19],[11,21],[12,21],[16,21],[20,21],[6,22],[12,22],[19,22],[3,23],[6,23],[15,23],[0,24],[9,24],[14,24],[19,24]]",52,"success","success",15,1,2,0,52,0.5,0,0.5
"2026-10-09T04:57:39.878Z","benchmark","benchmark-1791521859669","seeded-low-2718","seeded-low-2718",2,"dstar",25,25,3,2718,0.08,0.0736,"4,3","S","18,8","[[7,1],[22,1],[15,2],[19,2],[22,2],[0,3],[1,3],[18,3],[22,3],[9,5],[20,5],[12,7],[14,8],[21,8],[22,8],[24,8],[12,9],[22,9],[7,10],[21,10],[8,11],[20,11],[5,12],[6,12],[12,12],[13,13],[23,13],[18,14],[23,14],[8,15],[12,15],[9,16],[16,17],[17,17],[20,17],[1,18],[1,19],[10,19],[1,20],[2,20],[8,20],[7,21],[21,21],[0,24],[3,24],[6,24]]",46,"success","success",19,1,1,0,91,0.7,0.1,0.8
"2026-10-09T04:57:39.878Z","benchmark","benchmark-1791521859669","seeded-low-2718","seeded-low-2718",2,"astar",25,25,3,2718,0.08,0.0736,"4,3","S","18,8","[[7,1],[22,1],[15,2],[19,2],[22,2],[0,3],[1,3],[18,3],[22,3],[9,5],[20,5],[12,7],[14,8],[21,8],[22,8],[24,8],[12,9],[22,9],[7,10],[21,10],[8,11],[20,11],[5,12],[6,12],[12,12],[13,13],[23,13],[18,14],[23,14],[8,15],[12,15],[9,16],[16,17],[17,17],[20,17],[1,18],[1,19],[10,19],[1,20],[2,20],[8,20],[7,21],[21,21],[0,24],[3,24],[6,24]]",46,"success","success",19,1,1,0,111,0.1,0.2,0.3
"2026-10-09T04:57:39.878Z","benchmark","benchmark-1791521859669","seeded-low-3141","seeded-low-3141",2,"astar",25,25,3,3141,0.08,0.088,"15,6","E","17,24","[[13,0],[14,0],[19,0],[17,1],[3,2],[14,2],[8,3],[11,3],[19,3],[21,3],[24,3],[14,4],[19,4],[5,5],[9,5],[12,5],[17,5],[19,5],[22,5],[2,6],[9,7],[13,7],[14,7],[18,7],[13,8],[14,8],[3,9],[6,9],[8,11],[21,11],[22,11],[3,12],[24,12],[14,13],[19,14],[20,14],[4,15],[15,16],[18,16],[7,18],[16,18],[20,18],[22,18],[0,19],[3,19],[10,20],[12,20],[24,20],[13,21],[12,22],[23,22],[10,23],[19,23],[22,23],[2,24]]",55,"success","success",20,0,0,0,56,0.1,0,0.1
"2026-10-09T04:57:39.879Z","benchmark","benchmark-1791521859669","seeded-low-3141","seeded-low-3141",2,"dstar",25,25,3,3141,0.08,0.088,"15,6","E","17,24","[[13,0],[14,0],[19,0],[17,1],[3,2],[14,2],[8,3],[11,3],[19,3],[21,3],[24,3],[14,4],[19,4],[5,5],[9,5],[12,5],[17,5],[19,5],[22,5],[2,6],[9,7],[13,7],[14,7],[18,7],[13,8],[14,8],[3,9],[6,9],[8,11],[21,11],[22,11],[3,12],[24,12],[14,13],[19,14],[20,14],[4,15],[15,16],[18,16],[7,18],[16,18],[20,18],[22,18],[0,19],[3,19],[10,20],[12,20],[24,20],[13,21],[12,22],[23,22],[10,23],[19,23],[22,23],[2,24]]",55,"success","success",20,0,0,0,57,0.6,0,0.6
"2026-10-09T04:57:39.879Z","benchmark","benchmark-1791521859669","seeded-low-4207","seeded-low-4207",2,"dstar",25,25,3,4207,0.08,0.0768,"2,7","W","0,21","[[7,0],[14,0],[5,1],[12,1],[17,1],[11,2],[21,2],[24,2],[0,3],[5,3],[10,3],[15,3],[1,4],[15,4],[19,4],[23,5],[4,7],[21,7],[4,9],[9,9],[12,9],[21,9],[12,10],[7,11],[22,11],[10,12],[18,12],[17,14],[8,15],[11,15],[11,16],[4,17],[12,17],[14,17],[0,18],[2,18],[4,18],[5,18],[18,18],[20,18],[24,18],[13,20],[8,21],[11,21],[14,21],[5,22],[7,23],[11,24]]",48,"success","success",16,1,1,0,46,0.5,0.1,0.6
"2026-10-09T04:57:39.880Z","benchmark","benchmark-1791521859669","seeded-low-4207","seeded-low-4207",2,"astar",25,25,3,4207,0.08,0.0768,"2,7","W","0,21","[[7,0],[14,0],[5,1],[12,1],[17,1],[11,2],[21,2],[24,2],[0,3],[5,3],[10,3],[15,3],[1,4],[15,4],[19,4],[23,5],[4,7],[21,7],[4,9],[9,9],[12,9],[21,9],[12,10],[7,11],[22,11],[10,12],[18,12],[17,14],[8,15],[11,15],[11,16],[4,17],[12,17],[14,17],[0,18],[2,18],[4,18],[5,18],[18,18],[20,18],[24,18],[13,20],[8,21],[11,21],[14,21],[5,22],[7,23],[11,24]]",48,"success","success",16,1,1,0,60,0.1,0.1,0.2
"2026-10-09T04:57:39.880Z","benchmark","benchmark-1791521859669","seeded-low-5629","seeded-low-5629",2,"astar",25,25,3,5629,0.08,0.0864,"6,24","E","11,20","[[12,2],[14,2],[23,2],[1,3],[12,3],[21,3],[23,3],[1,4],[8,4],[15,4],[18,4],[14,6],[5,7],[17,7],[1,8],[0,9],[5,9],[10,9],[11,9],[12,9],[20,9],[2,10],[4,10],[21,10],[0,11],[7,11],[16,11],[20,11],[6,12],[11,12],[13,13],[7,14],[9,14],[11,14],[21,14],[23,15],[1,16],[15,16],[14,17],[17,17],[12,18],[17,18],[20,18],[6,20],[15,21],[16,21],[10,22],[17,22],[19,22],[3,23],[12,23],[7,24],[11,24],[14,24]]",54,"success","success",9,1,2,0,46,0.1,0,0.1
"2026-10-09T04:57:39.880Z","benchmark","benchmark-1791521859669","seeded-low-5629","seeded-low-5629",2,"dstar",25,25,3,5629,0.08,0.0864,"6,24","E","11,20","[[12,2],[14,2],[23,2],[1,3],[12,3],[21,3],[23,3],[1,4],[8,4],[15,4],[18,4],[14,6],[5,7],[17,7],[1,8],[0,9],[5,9],[10,9],[11,9],[12,9],[20,9],[2,10],[4,10],[21,10],[0,11],[7,11],[16,11],[20,11],[6,12],[11,12],[13,13],[7,14],[9,14],[11,14],[21,14],[23,15],[1,16],[15,16],[14,17],[17,17],[12,18],[17,18],[20,18],[6,20],[15,21],[16,21],[10,22],[17,22],[19,22],[3,23],[12,23],[7,24],[11,24],[14,24]]",54,"success","success",9,1,2,0,30,0.2,0.1,0.3
"2026-10-09T04:57:39.881Z","benchmark","benchmark-1791521859669","seeded-low-7001","seeded-low-7001",2,"dstar",25,25,3,7001,0.08,0.1008,"10,16","E","22,19","[[1,0],[9,0],[8,1],[12,1],[0,2],[13,2],[14,2],[23,2],[24,2],[4,3],[8,3],[17,3],[16,4],[7,5],[11,5],[18,5],[1,6],[15,6],[18,6],[0,7],[8,7],[1,8],[5,8],[18,8],[19,8],[23,8],[4,9],[11,9],[0,10],[5,10],[11,10],[6,11],[13,11],[4,12],[16,12],[1,13],[18,13],[20,13],[4,14],[9,14],[13,14],[10,15],[5,16],[7,16],[15,16],[16,16],[24,17],[16,18],[18,18],[20,18],[7,20],[11,20],[23,20],[24,20],[1,21],[15,21],[9,22],[14,22],[18,22],[8,23],[19,23],[5,24],[11,24]]",63,"success","success",15,2,2,0,53,0.6,0.1,0.7
"2026-10-09T04:57:39.881Z","benchmark","benchmark-1791521859669","seeded-low-7001","seeded-low-7001",2,"astar",25,25,3,7001,0.08,0.1008,"10,16","E","22,19","[[1,0],[9,0],[8,1],[12,1],[0,2],[13,2],[14,2],[23,2],[24,2],[4,3],[8,3],[17,3],[16,4],[7,5],[11,5],[18,5],[1,6],[15,6],[18,6],[0,7],[8,7],[1,8],[5,8],[18,8],[19,8],[23,8],[4,9],[11,9],[0,10],[5,10],[11,10],[6,11],[13,11],[4,12],[16,12],[1,13],[18,13],[20,13],[4,14],[9,14],[13,14],[10,15],[5,16],[7,16],[15,16],[16,16],[24,17],[16,18],[18,18],[20,18],[7,20],[11,20],[23,20],[24,20],[1,21],[15,21],[9,22],[14,22],[18,22],[8,23],[19,23],[5,24],[11,24]]",63,"success","success",15,2,2,0,91,0,0.1,0.1
"2026-10-09T04:57:39.881Z","benchmark","benchmark-1791521859669","seeded-medium-1701","seeded-medium-1701",2,"astar",25,25,3,1701,0.16,0.1856,"10,16","E","22,19","[[4,0],[6,0],[12,0],[16,0],[19,0],[24,0],[9,1],[10,1],[12,1],[4,2],[8,2],[15,2],[17,2],[18,2],[0,3],[18,3],[5,4],[10,4],[11,4],[22,4],[14,5],[18,5],[7,6],[12,6],[17,6],[18,6],[20,6],[21,6],[5,7],[10,7],[16,7],[18,7],[0,8],[1,8],[2,8],[13,8],[19,8],[20,8],[0,9],[5,9],[8,9],[13,9],[17,9],[7,10],[8,10],[10,10],[20,10],[3,11],[16,11],[22,11],[0,12],[6,12],[9,12],[13,12],[15,12],[16,12],[7,13],[12,13],[17,13],[19,13],[23,13],[0,14],[5,14],[10,14],[20,14],[1,15],[2,15],[17,15],[18,15],[22,15],[23,15],[2,16],[3,16],[7,16],[8,16],[13,16],[0,17],[4,17],[7,17],[14,17],[15,17],[9,18],[10,18],[14,18],[21,18],[22,18],[8,19],[11,19],[20,19],[12,20],[0,21],[3,21],[9,21],[11,21],[12,21],[16,21],[20,21],[22,21],[6,22],[12,22],[15,22],[16,22],[19,22],[21,22],[3,23],[6,23],[7,23],[8,23],[9,23],[12,23],[15,23],[19,23],[0,24],[9,24],[14,24],[19,24]]",116,"success","success",21,5,6,0,112,0.1,0,0.1
"2026-10-09T04:57:39.882Z","benchmark","benchmark-1791521859669","seeded-medium-1701","seeded-medium-1701",2,"dstar",25,25,3,1701,0.16,0.1856,"10,16","E","22,19","[[4,0],[6,0],[12,0],[16,0],[19,0],[24,0],[9,1],[10,1],[12,1],[4,2],[8,2],[15,2],[17,2],[18,2],[0,3],[18,3],[5,4],[10,4],[11,4],[22,4],[14,5],[18,5],[7,6],[12,6],[17,6],[18,6],[20,6],[21,6],[5,7],[10,7],[16,7],[18,7],[0,8],[1,8],[2,8],[13,8],[19,8],[20,8],[0,9],[5,9],[8,9],[13,9],[17,9],[7,10],[8,10],[10,10],[20,10],[3,11],[16,11],[22,11],[0,12],[6,12],[9,12],[13,12],[15,12],[16,12],[7,13],[12,13],[17,13],[19,13],[23,13],[0,14],[5,14],[10,14],[20,14],[1,15],[2,15],[17,15],[18,15],[22,15],[23,15],[2,16],[3,16],[7,16],[8,16],[13,16],[0,17],[4,17],[7,17],[14,17],[15,17],[9,18],[10,18],[14,18],[21,18],[22,18],[8,19],[11,19],[20,19],[12,20],[0,21],[3,21],[9,21],[11,21],[12,21],[16,21],[20,21],[22,21],[6,22],[12,22],[15,22],[16,22],[19,22],[21,22],[3,23],[6,23],[7,23],[8,23],[9,23],[12,23],[15,23],[19,23],[0,24],[9,24],[14,24],[19,24]]",116,"success","success",21,6,7,0,83,0.6,0.6,1.2
"2026-10-09T04:57:39.884Z","benchmark","benchmark-1791521859669","seeded-medium-2718","seeded-medium-2718",2,"dstar",25,25,3,2718,0.16,0.1504,"4,3","S","18,8","[[7,0],[9,0],[7,1],[9,1],[22,1],[14,2],[15,2],[17,2],[18,2],[19,2],[22,2],[0,3],[1,3],[6,3],[9,3],[10,3],[16,3],[18,3],[22,3],[3,5],[9,5],[14,5],[16,5],[20,5],[11,7],[12,7],[16,7],[17,7],[7,8],[14,8],[21,8],[22,8],[24,8],[12,9],[14,9],[15,9],[22,9],[7,10],[20,10],[21,10],[5,11],[8,11],[15,11],[20,11],[5,12],[6,12],[11,12],[12,12],[4,13],[13,13],[23,13],[18,14],[23,14],[6,15],[8,15],[9,15],[12,15],[21,15],[8,16],[9,16],[16,17],[17,17],[20,17],[1,18],[10,18],[1,19],[7,19],[8,19],[10,19],[19,19],[1,20],[2,20],[8,20],[11,20],[18,20],[21,20],[7,21],[11,21],[14,21],[21,21],[0,22],[4,22],[12,22],[17,22],[0,23],[4,23],[7,23],[22,23],[0,24],[3,24],[6,24],[10,24],[11,24],[22,24]]",94,"success","success",19,1,1,0,91,1,0.1,1.1
"2026-10-09T04:57:39.884Z","benchmark","benchmark-1791521859669","seeded-medium-2718","seeded-medium-2718",2,"astar",25,25,3,2718,0.16,0.1504,"4,3","S","18,8","[[7,0],[9,0],[7,1],[9,1],[22,1],[14,2],[15,2],[17,2],[18,2],[19,2],[22,2],[0,3],[1,3],[6,3],[9,3],[10,3],[16,3],[18,3],[22,3],[3,5],[9,5],[14,5],[16,5],[20,5],[11,7],[12,7],[16,7],[17,7],[7,8],[14,8],[21,8],[22,8],[24,8],[12,9],[14,9],[15,9],[22,9],[7,10],[20,10],[21,10],[5,11],[8,11],[15,11],[20,11],[5,12],[6,12],[11,12],[12,12],[4,13],[13,13],[23,13],[18,14],[23,14],[6,15],[8,15],[9,15],[12,15],[21,15],[8,16],[9,16],[16,17],[17,17],[20,17],[1,18],[10,18],[1,19],[7,19],[8,19],[10,19],[19,19],[1,20],[2,20],[8,20],[11,20],[18,20],[21,20],[7,21],[11,21],[14,21],[21,21],[0,22],[4,22],[12,22],[17,22],[0,23],[4,23],[7,23],[22,23],[0,24],[3,24],[6,24],[10,24],[11,24],[22,24]]",94,"success","success",19,1,1,0,165,0.1,0.1,0.2
"2026-10-09T04:57:39.884Z","benchmark","benchmark-1791521859669","seeded-medium-3141","seeded-medium-3141",2,"astar",25,25,3,3141,0.16,0.1552,"15,6","E","17,24","[[4,0],[13,0],[14,0],[19,0],[0,1],[1,1],[2,1],[12,1],[17,1],[3,2],[5,2],[14,2],[5,3],[8,3],[11,3],[13,3],[14,3],[19,3],[20,3],[21,3],[22,3],[24,3],[6,4],[14,4],[19,4],[5,5],[9,5],[12,5],[14,5],[17,5],[19,5],[22,5],[2,6],[24,6],[9,7],[13,7],[14,7],[18,7],[19,7],[6,8],[13,8],[14,8],[17,8],[19,8],[3,9],[5,9],[6,9],[17,9],[19,9],[23,9],[10,10],[12,10],[13,10],[0,11],[8,11],[14,11],[21,11],[22,11],[3,12],[6,12],[24,12],[14,13],[0,14],[18,14],[19,14],[20,14],[4,15],[6,15],[15,16],[18,16],[12,17],[14,17],[7,18],[16,18],[17,18],[20,18],[22,18],[0,19],[3,19],[4,19],[10,20],[11,20],[12,20],[15,20],[24,20],[0,21],[8,21],[13,21],[12,22],[19,22],[23,22],[10,23],[19,23],[22,23],[2,24],[13,24],[19,24]]",97,"success","success",24,5,5,0,241,0.1,0.2,0.3
"2026-10-09T04:57:39.886Z","benchmark","benchmark-1791521859669","seeded-medium-3141","seeded-medium-3141",2,"dstar",25,25,3,3141,0.16,0.1552,"15,6","E","17,24","[[4,0],[13,0],[14,0],[19,0],[0,1],[1,1],[2,1],[12,1],[17,1],[3,2],[5,2],[14,2],[5,3],[8,3],[11,3],[13,3],[14,3],[19,3],[20,3],[21,3],[22,3],[24,3],[6,4],[14,4],[19,4],[5,5],[9,5],[12,5],[14,5],[17,5],[19,5],[22,5],[2,6],[24,6],[9,7],[13,7],[14,7],[18,7],[19,7],[6,8],[13,8],[14,8],[17,8],[19,8],[3,9],[5,9],[6,9],[17,9],[19,9],[23,9],[10,10],[12,10],[13,10],[0,11],[8,11],[14,11],[21,11],[22,11],[3,12],[6,12],[24,12],[14,13],[0,14],[18,14],[19,14],[20,14],[4,15],[6,15],[15,16],[18,16],[12,17],[14,17],[7,18],[16,18],[17,18],[20,18],[22,18],[0,19],[3,19],[4,19],[10,20],[11,20],[12,20],[15,20],[24,20],[0,21],[8,21],[13,21],[12,22],[19,22],[23,22],[10,23],[19,23],[22,23],[2,24],[13,24],[19,24]]",97,"success","success",30,9,9,0,140,0.6,1.2,1.8
"2026-10-09T04:57:39.887Z","benchmark","benchmark-1791521859669","seeded-medium-4207","seeded-medium-4207",2,"dstar",25,25,3,4207,0.16,0.1584,"2,7","W","0,21","[[0,0],[7,0],[14,0],[20,0],[5,1],[12,1],[15,1],[17,1],[6,2],[8,2],[11,2],[16,2],[21,2],[23,2],[24,2],[0,3],[5,3],[10,3],[15,3],[1,4],[15,4],[17,4],[19,4],[24,4],[2,5],[3,5],[5,5],[7,5],[13,5],[23,5],[5,6],[17,6],[18,6],[4,7],[21,7],[24,8],[4,9],[9,9],[11,9],[12,9],[14,9],[21,9],[2,10],[3,10],[4,10],[12,10],[16,10],[2,11],[7,11],[13,11],[22,11],[6,12],[10,12],[12,12],[13,12],[18,12],[22,12],[23,13],[1,14],[17,14],[18,14],[8,15],[11,15],[24,15],[8,16],[11,16],[13,16],[14,16],[4,17],[6,17],[12,17],[14,17],[24,17],[0,18],[2,18],[4,18],[5,18],[12,18],[18,18],[20,18],[24,18],[4,20],[9,20],[13,20],[18,20],[2,21],[8,21],[11,21],[14,21],[23,21],[0,22],[5,22],[7,22],[22,22],[23,22],[7,23],[16,23],[11,24],[16,24]]",99,"success","success",18,3,3,0,56,0.5,0.2,0.7
"2026-10-09T04:57:39.887Z","benchmark","benchmark-1791521859669","seeded-medium-4207","seeded-medium-4207",2,"astar",25,25,3,4207,0.16,0.1584,"2,7","W","0,21","[[0,0],[7,0],[14,0],[20,0],[5,1],[12,1],[15,1],[17,1],[6,2],[8,2],[11,2],[16,2],[21,2],[23,2],[24,2],[0,3],[5,3],[10,3],[15,3],[1,4],[15,4],[17,4],[19,4],[24,4],[2,5],[3,5],[5,5],[7,5],[13,5],[23,5],[5,6],[17,6],[18,6],[4,7],[21,7],[24,8],[4,9],[9,9],[11,9],[12,9],[14,9],[21,9],[2,10],[3,10],[4,10],[12,10],[16,10],[2,11],[7,11],[13,11],[22,11],[6,12],[10,12],[12,12],[13,12],[18,12],[22,12],[23,13],[1,14],[17,14],[18,14],[8,15],[11,15],[24,15],[8,16],[11,16],[13,16],[14,16],[4,17],[6,17],[12,17],[14,17],[24,17],[0,18],[2,18],[4,18],[5,18],[12,18],[18,18],[20,18],[24,18],[4,20],[9,20],[13,20],[18,20],[2,21],[8,21],[11,21],[14,21],[23,21],[0,22],[5,22],[7,22],[22,22],[23,22],[7,23],[16,23],[11,24],[16,24]]",99,"success","success",18,3,3,0,102,0,0.1,0.1
"2026-10-09T04:57:39.887Z","benchmark","benchmark-1791521859669","seeded-medium-5629","seeded-medium-5629",2,"astar",25,25,3,5629,0.16,0.1568,"6,24","E","11,20","[[12,0],[14,0],[16,0],[24,0],[14,1],[18,1],[20,1],[22,1],[23,1],[11,2],[12,2],[14,2],[21,2],[23,2],[1,3],[12,3],[13,3],[20,3],[21,3],[22,3],[23,3],[0,4],[1,4],[7,4],[8,4],[15,4],[18,4],[19,5],[14,6],[5,7],[15,7],[17,7],[19,7],[21,7],[1,8],[8,8],[22,8],[0,9],[5,9],[10,9],[11,9],[12,9],[20,9],[22,9],[2,10],[3,10],[4,10],[17,10],[21,10],[24,10],[0,11],[5,11],[6,11],[7,11],[16,11],[20,11],[6,12],[11,12],[13,13],[4,14],[7,14],[9,14],[11,14],[21,14],[14,15],[15,15],[23,15],[1,16],[15,16],[2,17],[4,17],[9,17],[14,17],[17,17],[22,17],[23,17],[12,18],[17,18],[20,18],[4,20],[6,20],[7,20],[15,21],[16,21],[17,21],[10,22],[14,22],[17,22],[19,22],[3,23],[4,23],[11,23],[12,23],[7,24],[9,24],[11,24],[14,24],[15,24]]",98,"success","success",9,2,3,0,54,0,0.1,0.1
"2026-10-09T04:57:39.888Z","benchmark","benchmark-1791521859669","seeded-medium-5629","seeded-medium-5629",2,"dstar",25,25,3,5629,0.16,0.1568,"6,24","E","11,20","[[12,0],[14,0],[16,0],[24,0],[14,1],[18,1],[20,1],[22,1],[23,1],[11,2],[12,2],[14,2],[21,2],[23,2],[1,3],[12,3],[13,3],[20,3],[21,3],[22,3],[23,3],[0,4],[1,4],[7,4],[8,4],[15,4],[18,4],[19,5],[14,6],[5,7],[15,7],[17,7],[19,7],[21,7],[1,8],[8,8],[22,8],[0,9],[5,9],[10,9],[11,9],[12,9],[20,9],[22,9],[2,10],[3,10],[4,10],[17,10],[21,10],[24,10],[0,11],[5,11],[6,11],[7,11],[16,11],[20,11],[6,12],[11,12],[13,13],[4,14],[7,14],[9,14],[11,14],[21,14],[14,15],[15,15],[23,15],[1,16],[15,16],[2,17],[4,17],[9,17],[14,17],[17,17],[22,17],[23,17],[12,18],[17,18],[20,18],[4,20],[6,20],[7,20],[15,21],[16,21],[17,21],[10,22],[14,22],[17,22],[19,22],[3,23],[4,23],[11,23],[12,23],[7,24],[9,24],[11,24],[14,24],[15,24]]",98,"success","success",9,2,3,0,31,0.5,0,0.5
"2026-10-09T04:57:39.889Z","benchmark","benchmark-1791521859669","seeded-medium-7001","seeded-medium-7001",2,"dstar",25,25,3,7001,0.16,0.1856,"10,16","E","22,19","[[1,0],[9,0],[13,0],[22,0],[2,1],[8,1],[12,1],[0,2],[4,2],[13,2],[14,2],[23,2],[24,2],[4,3],[8,3],[16,3],[17,3],[18,3],[1,4],[6,4],[8,4],[16,4],[23,4],[7,5],[11,5],[18,5],[1,6],[2,6],[9,6],[15,6],[17,6],[18,6],[0,7],[1,7],[8,7],[23,7],[0,8],[1,8],[3,8],[5,8],[10,8],[12,8],[18,8],[19,8],[23,8],[4,9],[6,9],[11,9],[12,9],[13,9],[18,9],[21,9],[24,9],[0,10],[4,10],[5,10],[11,10],[1,11],[2,11],[6,11],[13,11],[18,11],[20,11],[4,12],[16,12],[1,13],[10,13],[16,13],[18,13],[20,13],[4,14],[8,14],[9,14],[13,14],[15,14],[16,14],[17,14],[20,14],[10,15],[15,15],[5,16],[7,16],[15,16],[16,16],[17,16],[21,16],[22,16],[23,17],[24,17],[10,18],[16,18],[18,18],[20,18],[3,19],[24,19],[3,20],[7,20],[11,20],[23,20],[24,20],[1,21],[6,21],[15,21],[9,22],[10,22],[14,22],[18,22],[21,22],[8,23],[19,23],[5,24],[11,24],[13,24],[15,24],[22,24],[24,24]]",116,"success","success",15,2,2,0,53,0.6,0.1,0.7
"2026-10-09T04:57:39.889Z","benchmark","benchmark-1791521859669","seeded-medium-7001","seeded-medium-7001",2,"astar",25,25,3,7001,0.16,0.1856,"10,16","E","22,19","[[1,0],[9,0],[13,0],[22,0],[2,1],[8,1],[12,1],[0,2],[4,2],[13,2],[14,2],[23,2],[24,2],[4,3],[8,3],[16,3],[17,3],[18,3],[1,4],[6,4],[8,4],[16,4],[23,4],[7,5],[11,5],[18,5],[1,6],[2,6],[9,6],[15,6],[17,6],[18,6],[0,7],[1,7],[8,7],[23,7],[0,8],[1,8],[3,8],[5,8],[10,8],[12,8],[18,8],[19,8],[23,8],[4,9],[6,9],[11,9],[12,9],[13,9],[18,9],[21,9],[24,9],[0,10],[4,10],[5,10],[11,10],[1,11],[2,11],[6,11],[13,11],[18,11],[20,11],[4,12],[16,12],[1,13],[10,13],[16,13],[18,13],[20,13],[4,14],[8,14],[9,14],[13,14],[15,14],[16,14],[17,14],[20,14],[10,15],[15,15],[5,16],[7,16],[15,16],[16,16],[17,16],[21,16],[22,16],[23,17],[24,17],[10,18],[16,18],[18,18],[20,18],[3,19],[24,19],[3,20],[7,20],[11,20],[23,20],[24,20],[1,21],[6,21],[15,21],[9,22],[10,22],[14,22],[18,22],[21,22],[8,23],[19,23],[5,24],[11,24],[13,24],[15,24],[22,24],[24,24]]",116,"success","success",15,2,2,0,94,0.2,0.1,0.3
"2026-10-09T04:57:39.889Z","benchmark","benchmark-1791521859669","seeded-high-1701","seeded-high-1701",2,"astar",25,25,3,1701,0.24,0.2464,"10,16","E","22,19","[[4,0],[5,0],[6,0],[12,0],[16,0],[19,0],[21,0],[22,0],[24,0],[5,1],[9,1],[10,1],[12,1],[4,2],[6,2],[8,2],[15,2],[17,2],[18,2],[20,2],[0,3],[4,3],[6,3],[16,3],[18,3],[22,3],[5,4],[8,4],[9,4],[10,4],[11,4],[13,4],[16,4],[18,4],[22,4],[0,5],[3,5],[12,5],[14,5],[16,5],[18,5],[7,6],[12,6],[17,6],[18,6],[20,6],[21,6],[5,7],[10,7],[16,7],[18,7],[0,8],[1,8],[2,8],[13,8],[18,8],[19,8],[20,8],[23,8],[0,9],[3,9],[5,9],[8,9],[13,9],[17,9],[7,10],[8,10],[9,10],[10,10],[20,10],[3,11],[7,11],[12,11],[16,11],[22,11],[0,12],[6,12],[9,12],[13,12],[15,12],[16,12],[7,13],[12,13],[17,13],[19,13],[23,13],[0,14],[2,14],[5,14],[10,14],[20,14],[1,15],[2,15],[17,15],[18,15],[22,15],[23,15],[2,16],[3,16],[7,16],[8,16],[13,16],[0,17],[4,17],[7,17],[14,17],[15,17],[16,17],[0,18],[8,18],[9,18],[10,18],[14,18],[21,18],[22,18],[8,19],[11,19],[20,19],[12,20],[23,20],[0,21],[3,21],[4,21],[9,21],[10,21],[11,21],[12,21],[16,21],[20,21],[22,21],[2,22],[6,22],[12,22],[15,22],[16,22],[18,22],[19,22],[21,22],[3,23],[6,23],[7,23],[8,23],[9,23],[11,23],[12,23],[15,23],[19,23],[20,23],[23,23],[0,24],[9,24],[10,24],[14,24],[19,24]]",154,"success","success",21,6,7,0,116,0,0.2,0.2
"2026-10-09T04:57:39.891Z","benchmark","benchmark-1791521859669","seeded-high-1701","seeded-high-1701",2,"dstar",25,25,3,1701,0.24,0.2464,"10,16","E","22,19","[[4,0],[5,0],[6,0],[12,0],[16,0],[19,0],[21,0],[22,0],[24,0],[5,1],[9,1],[10,1],[12,1],[4,2],[6,2],[8,2],[15,2],[17,2],[18,2],[20,2],[0,3],[4,3],[6,3],[16,3],[18,3],[22,3],[5,4],[8,4],[9,4],[10,4],[11,4],[13,4],[16,4],[18,4],[22,4],[0,5],[3,5],[12,5],[14,5],[16,5],[18,5],[7,6],[12,6],[17,6],[18,6],[20,6],[21,6],[5,7],[10,7],[16,7],[18,7],[0,8],[1,8],[2,8],[13,8],[18,8],[19,8],[20,8],[23,8],[0,9],[3,9],[5,9],[8,9],[13,9],[17,9],[7,10],[8,10],[9,10],[10,10],[20,10],[3,11],[7,11],[12,11],[16,11],[22,11],[0,12],[6,12],[9,12],[13,12],[15,12],[16,12],[7,13],[12,13],[17,13],[19,13],[23,13],[0,14],[2,14],[5,14],[10,14],[20,14],[1,15],[2,15],[17,15],[18,15],[22,15],[23,15],[2,16],[3,16],[7,16],[8,16],[13,16],[0,17],[4,17],[7,17],[14,17],[15,17],[16,17],[0,18],[8,18],[9,18],[10,18],[14,18],[21,18],[22,18],[8,19],[11,19],[20,19],[12,20],[23,20],[0,21],[3,21],[4,21],[9,21],[10,21],[11,21],[12,21],[16,21],[20,21],[22,21],[2,22],[6,22],[12,22],[15,22],[16,22],[18,22],[19,22],[21,22],[3,23],[6,23],[7,23],[8,23],[9,23],[11,23],[12,23],[15,23],[19,23],[20,23],[23,23],[0,24],[9,24],[10,24],[14,24],[19,24]]",154,"success","success",21,7,8,0,83,0.6,0.6,1.2
"2026-10-09T04:57:39.892Z","benchmark","benchmark-1791521859669","seeded-high-2718","seeded-high-2718",2,"dstar",25,25,3,2718,0.24,0.224,"4,3","S","18,8","[[7,0],[8,0],[9,0],[22,0],[7,1],[9,1],[19,1],[22,1],[3,2],[13,2],[14,2],[15,2],[17,2],[18,2],[19,2],[21,2],[22,2],[0,3],[1,3],[6,3],[9,3],[10,3],[16,3],[18,3],[22,3],[23,3],[5,4],[3,5],[9,5],[14,5],[16,5],[20,5],[7,6],[8,6],[10,6],[4,7],[7,7],[11,7],[12,7],[16,7],[17,7],[7,8],[14,8],[21,8],[22,8],[24,8],[6,9],[12,9],[14,9],[15,9],[22,9],[7,10],[11,10],[17,10],[20,10],[21,10],[23,10],[0,11],[2,11],[3,11],[5,11],[6,11],[8,11],[15,11],[20,11],[5,12],[6,12],[7,12],[11,12],[12,12],[3,13],[4,13],[7,13],[13,13],[23,13],[2,14],[11,14],[17,14],[18,14],[23,14],[4,15],[6,15],[7,15],[8,15],[9,15],[12,15],[21,15],[7,16],[8,16],[9,16],[18,16],[16,17],[17,17],[20,17],[1,18],[2,18],[5,18],[10,18],[14,18],[17,18],[22,18],[1,19],[7,19],[8,19],[10,19],[19,19],[1,20],[2,20],[5,20],[6,20],[8,20],[11,20],[18,20],[21,20],[2,21],[3,21],[7,21],[11,21],[14,21],[21,21],[0,22],[4,22],[8,22],[12,22],[17,22],[0,23],[4,23],[5,23],[7,23],[15,23],[21,23],[22,23],[0,24],[3,24],[6,24],[10,24],[11,24],[12,24],[16,24],[22,24]]",140,"success","success",21,4,4,0,130,0.8,0.5,1.3
"2026-10-09T04:57:39.893Z","benchmark","benchmark-1791521859669","seeded-high-2718","seeded-high-2718",2,"astar",25,25,3,2718,0.24,0.224,"4,3","S","18,8","[[7,0],[8,0],[9,0],[22,0],[7,1],[9,1],[19,1],[22,1],[3,2],[13,2],[14,2],[15,2],[17,2],[18,2],[19,2],[21,2],[22,2],[0,3],[1,3],[6,3],[9,3],[10,3],[16,3],[18,3],[22,3],[23,3],[5,4],[3,5],[9,5],[14,5],[16,5],[20,5],[7,6],[8,6],[10,6],[4,7],[7,7],[11,7],[12,7],[16,7],[17,7],[7,8],[14,8],[21,8],[22,8],[24,8],[6,9],[12,9],[14,9],[15,9],[22,9],[7,10],[11,10],[17,10],[20,10],[21,10],[23,10],[0,11],[2,11],[3,11],[5,11],[6,11],[8,11],[15,11],[20,11],[5,12],[6,12],[7,12],[11,12],[12,12],[3,13],[4,13],[7,13],[13,13],[23,13],[2,14],[11,14],[17,14],[18,14],[23,14],[4,15],[6,15],[7,15],[8,15],[9,15],[12,15],[21,15],[7,16],[8,16],[9,16],[18,16],[16,17],[17,17],[20,17],[1,18],[2,18],[5,18],[10,18],[14,18],[17,18],[22,18],[1,19],[7,19],[8,19],[10,19],[19,19],[1,20],[2,20],[5,20],[6,20],[8,20],[11,20],[18,20],[21,20],[2,21],[3,21],[7,21],[11,21],[14,21],[21,21],[0,22],[4,22],[8,22],[12,22],[17,22],[0,23],[4,23],[5,23],[7,23],[15,23],[21,23],[22,23],[0,24],[3,24],[6,24],[10,24],[11,24],[12,24],[16,24],[22,24]]",140,"success","success",21,4,4,0,353,0.1,0.3,0.4
"2026-10-09T04:57:39.894Z","benchmark","benchmark-1791521859669","seeded-high-3141","seeded-high-3141",2,"astar",25,25,3,3141,0.24,0.2336,"15,6","E","17,24","[[4,0],[13,0],[14,0],[19,0],[24,0],[0,1],[1,1],[2,1],[5,1],[12,1],[14,1],[17,1],[18,1],[19,1],[3,2],[5,2],[13,2],[14,2],[1,3],[5,3],[8,3],[11,3],[13,3],[14,3],[19,3],[20,3],[21,3],[22,3],[24,3],[6,4],[14,4],[19,4],[23,4],[5,5],[9,5],[10,5],[11,5],[12,5],[14,5],[16,5],[17,5],[19,5],[22,5],[1,6],[2,6],[5,6],[7,6],[24,6],[1,7],[9,7],[13,7],[14,7],[18,7],[19,7],[21,7],[6,8],[13,8],[14,8],[17,8],[19,8],[3,9],[5,9],[6,9],[17,9],[19,9],[23,9],[0,10],[10,10],[12,10],[13,10],[0,11],[8,11],[14,11],[16,11],[21,11],[22,11],[3,12],[6,12],[15,12],[24,12],[4,13],[14,13],[19,13],[0,14],[14,14],[17,14],[18,14],[19,14],[20,14],[4,15],[6,15],[8,15],[9,15],[15,16],[17,16],[18,16],[3,17],[7,17],[12,17],[14,17],[16,17],[3,18],[7,18],[10,18],[12,18],[14,18],[16,18],[17,18],[20,18],[22,18],[24,18],[0,19],[1,19],[3,19],[4,19],[13,19],[18,19],[19,19],[5,20],[9,20],[10,20],[11,20],[12,20],[15,20],[17,20],[24,20],[0,21],[8,21],[13,21],[23,21],[3,22],[4,22],[9,22],[11,22],[12,22],[19,22],[21,22],[23,22],[10,23],[19,23],[22,23],[23,23],[2,24],[13,24],[15,24],[19,24]]",146,"success","success",44,21,21,0,553,0.1,1,1.1
"2026-10-09T04:57:39.897Z","benchmark","benchmark-1791521859669","seeded-high-3141","seeded-high-3141",2,"dstar",25,25,3,3141,0.24,0.2336,"15,6","E","17,24","[[4,0],[13,0],[14,0],[19,0],[24,0],[0,1],[1,1],[2,1],[5,1],[12,1],[14,1],[17,1],[18,1],[19,1],[3,2],[5,2],[13,2],[14,2],[1,3],[5,3],[8,3],[11,3],[13,3],[14,3],[19,3],[20,3],[21,3],[22,3],[24,3],[6,4],[14,4],[19,4],[23,4],[5,5],[9,5],[10,5],[11,5],[12,5],[14,5],[16,5],[17,5],[19,5],[22,5],[1,6],[2,6],[5,6],[7,6],[24,6],[1,7],[9,7],[13,7],[14,7],[18,7],[19,7],[21,7],[6,8],[13,8],[14,8],[17,8],[19,8],[3,9],[5,9],[6,9],[17,9],[19,9],[23,9],[0,10],[10,10],[12,10],[13,10],[0,11],[8,11],[14,11],[16,11],[21,11],[22,11],[3,12],[6,12],[15,12],[24,12],[4,13],[14,13],[19,13],[0,14],[14,14],[17,14],[18,14],[19,14],[20,14],[4,15],[6,15],[8,15],[9,15],[15,16],[17,16],[18,16],[3,17],[7,17],[12,17],[14,17],[16,17],[3,18],[7,18],[10,18],[12,18],[14,18],[16,18],[17,18],[20,18],[22,18],[24,18],[0,19],[1,19],[3,19],[4,19],[13,19],[18,19],[19,19],[5,20],[9,20],[10,20],[11,20],[12,20],[15,20],[17,20],[24,20],[0,21],[8,21],[13,21],[23,21],[3,22],[4,22],[9,22],[11,22],[12,22],[19,22],[21,22],[23,22],[10,23],[19,23],[22,23],[23,23],[2,24],[13,24],[15,24],[19,24]]",146,"success","success",48,20,20,0,217,0.5,2.5,3
"2026-10-09T04:57:39.899Z","benchmark","benchmark-1791521859669","seeded-high-4207","seeded-high-4207",2,"dstar",25,25,3,4207,0.24,0.2256,"2,7","W","0,21","[[0,0],[7,0],[10,0],[14,0],[20,0],[0,1],[2,1],[5,1],[12,1],[15,1],[17,1],[19,1],[22,1],[6,2],[8,2],[11,2],[16,2],[21,2],[23,2],[24,2],[0,3],[5,3],[9,3],[10,3],[15,3],[21,3],[1,4],[15,4],[17,4],[19,4],[24,4],[2,5],[3,5],[5,5],[7,5],[9,5],[13,5],[21,5],[23,5],[5,6],[6,6],[17,6],[18,6],[23,6],[4,7],[21,7],[12,8],[15,8],[20,8],[21,8],[23,8],[24,8],[4,9],[6,9],[9,9],[11,9],[12,9],[13,9],[14,9],[21,9],[1,10],[2,10],[3,10],[4,10],[12,10],[16,10],[2,11],[4,11],[7,11],[9,11],[11,11],[13,11],[22,11],[0,12],[3,12],[6,12],[10,12],[12,12],[13,12],[18,12],[21,12],[22,12],[23,13],[1,14],[4,14],[12,14],[17,14],[18,14],[20,14],[8,15],[11,15],[24,15],[5,16],[8,16],[11,16],[13,16],[14,16],[4,17],[5,17],[6,17],[12,17],[13,17],[14,17],[24,17],[0,18],[2,18],[4,18],[5,18],[12,18],[16,18],[18,18],[20,18],[24,18],[12,19],[16,19],[4,20],[9,20],[13,20],[18,20],[23,20],[2,21],[8,21],[11,21],[12,21],[14,21],[23,21],[0,22],[5,22],[6,22],[7,22],[9,22],[22,22],[23,22],[4,23],[7,23],[14,23],[16,23],[1,24],[11,24],[14,24],[16,24]]",141,"success","success",20,6,6,0,66,0.8,0.4,1.2
"2026-10-09T04:57:39.899Z","benchmark","benchmark-1791521859669","seeded-high-4207","seeded-high-4207",2,"astar",25,25,3,4207,0.24,0.2256,"2,7","W","0,21","[[0,0],[7,0],[10,0],[14,0],[20,0],[0,1],[2,1],[5,1],[12,1],[15,1],[17,1],[19,1],[22,1],[6,2],[8,2],[11,2],[16,2],[21,2],[23,2],[24,2],[0,3],[5,3],[9,3],[10,3],[15,3],[21,3],[1,4],[15,4],[17,4],[19,4],[24,4],[2,5],[3,5],[5,5],[7,5],[9,5],[13,5],[21,5],[23,5],[5,6],[6,6],[17,6],[18,6],[23,6],[4,7],[21,7],[12,8],[15,8],[20,8],[21,8],[23,8],[24,8],[4,9],[6,9],[9,9],[11,9],[12,9],[13,9],[14,9],[21,9],[1,10],[2,10],[3,10],[4,10],[12,10],[16,10],[2,11],[4,11],[7,11],[9,11],[11,11],[13,11],[22,11],[0,12],[3,12],[6,12],[10,12],[12,12],[13,12],[18,12],[21,12],[22,12],[23,13],[1,14],[4,14],[12,14],[17,14],[18,14],[20,14],[8,15],[11,15],[24,15],[5,16],[8,16],[11,16],[13,16],[14,16],[4,17],[5,17],[6,17],[12,17],[13,17],[14,17],[24,17],[0,18],[2,18],[4,18],[5,18],[12,18],[16,18],[18,18],[20,18],[24,18],[12,19],[16,19],[4,20],[9,20],[13,20],[18,20],[23,20],[2,21],[8,21],[11,21],[12,21],[14,21],[23,21],[0,22],[5,22],[6,22],[7,22],[9,22],[22,22],[23,22],[4,23],[7,23],[14,23],[16,23],[1,24],[11,24],[14,24],[16,24]]",141,"success","success",20,6,6,0,159,0.1,0.2,0.3
"2026-10-09T04:57:39.899Z","benchmark","benchmark-1791521859669","seeded-high-5629","seeded-high-5629",2,"astar",25,25,3,5629,0.24,0.232,"6,24","E","11,20","[[3,0],[6,0],[12,0],[14,0],[16,0],[24,0],[14,1],[18,1],[20,1],[22,1],[23,1],[11,2],[12,2],[14,2],[21,2],[22,2],[23,2],[24,2],[0,3],[1,3],[6,3],[11,3],[12,3],[13,3],[20,3],[21,3],[22,3],[23,3],[24,3],[0,4],[1,4],[7,4],[8,4],[11,4],[15,4],[18,4],[22,4],[1,5],[18,5],[19,5],[20,5],[14,6],[2,7],[5,7],[15,7],[17,7],[19,7],[21,7],[24,7],[1,8],[5,8],[8,8],[11,8],[14,8],[22,8],[23,8],[0,9],[5,9],[10,9],[11,9],[12,9],[20,9],[22,9],[2,10],[3,10],[4,10],[17,10],[21,10],[22,10],[24,10],[0,11],[5,11],[6,11],[7,11],[12,11],[14,11],[16,11],[20,11],[2,12],[3,12],[6,12],[11,12],[13,13],[18,13],[3,14],[4,14],[7,14],[9,14],[11,14],[15,14],[21,14],[3,15],[11,15],[14,15],[15,15],[18,15],[19,15],[23,15],[1,16],[13,16],[15,16],[2,17],[3,17],[4,17],[9,17],[13,17],[14,17],[17,17],[22,17],[23,17],[5,18],[12,18],[17,18],[20,18],[6,19],[19,19],[4,20],[6,20],[7,20],[19,20],[22,20],[23,20],[8,21],[14,21],[15,21],[16,21],[17,21],[10,22],[14,22],[17,22],[19,22],[3,23],[4,23],[11,23],[12,23],[17,23],[24,23],[7,24],[9,24],[11,24],[12,24],[14,24],[15,24],[22,24],[24,24]]",145,"success","success",11,4,5,0,73,0,0,0
"2026-10-09T04:57:39.900Z","benchmark","benchmark-1791521859669","seeded-high-5629","seeded-high-5629",2,"dstar",25,25,3,5629,0.24,0.232,"6,24","E","11,20","[[3,0],[6,0],[12,0],[14,0],[16,0],[24,0],[14,1],[18,1],[20,1],[22,1],[23,1],[11,2],[12,2],[14,2],[21,2],[22,2],[23,2],[24,2],[0,3],[1,3],[6,3],[11,3],[12,3],[13,3],[20,3],[21,3],[22,3],[23,3],[24,3],[0,4],[1,4],[7,4],[8,4],[11,4],[15,4],[18,4],[22,4],[1,5],[18,5],[19,5],[20,5],[14,6],[2,7],[5,7],[15,7],[17,7],[19,7],[21,7],[24,7],[1,8],[5,8],[8,8],[11,8],[14,8],[22,8],[23,8],[0,9],[5,9],[10,9],[11,9],[12,9],[20,9],[22,9],[2,10],[3,10],[4,10],[17,10],[21,10],[22,10],[24,10],[0,11],[5,11],[6,11],[7,11],[12,11],[14,11],[16,11],[20,11],[2,12],[3,12],[6,12],[11,12],[13,13],[18,13],[3,14],[4,14],[7,14],[9,14],[11,14],[15,14],[21,14],[3,15],[11,15],[14,15],[15,15],[18,15],[19,15],[23,15],[1,16],[13,16],[15,16],[2,17],[3,17],[4,17],[9,17],[13,17],[14,17],[17,17],[22,17],[23,17],[5,18],[12,18],[17,18],[20,18],[6,19],[19,19],[4,20],[6,20],[7,20],[19,20],[22,20],[23,20],[8,21],[14,21],[15,21],[16,21],[17,21],[10,22],[14,22],[17,22],[19,22],[3,23],[4,23],[11,23],[12,23],[17,23],[24,23],[7,24],[9,24],[11,24],[12,24],[14,24],[15,24],[22,24],[24,24]]",145,"success","success",11,4,5,0,43,0.3,0.3,0.6
"2026-10-09T04:57:39.901Z","benchmark","benchmark-1791521859669","seeded-high-7001","seeded-high-7001",2,"dstar",25,25,3,7001,0.24,0.2752,"10,16","E","22,19","[[1,0],[9,0],[13,0],[14,0],[20,0],[22,0],[2,1],[8,1],[12,1],[15,1],[0,2],[4,2],[13,2],[14,2],[18,2],[23,2],[24,2],[2,3],[4,3],[6,3],[8,3],[12,3],[14,3],[16,3],[17,3],[18,3],[1,4],[4,4],[6,4],[7,4],[8,4],[10,4],[16,4],[20,4],[23,4],[7,5],[11,5],[13,5],[15,5],[18,5],[20,5],[1,6],[2,6],[9,6],[15,6],[16,6],[17,6],[18,6],[0,7],[1,7],[2,7],[4,7],[8,7],[18,7],[23,7],[0,8],[1,8],[2,8],[3,8],[5,8],[10,8],[12,8],[18,8],[19,8],[23,8],[4,9],[6,9],[11,9],[12,9],[13,9],[18,9],[21,9],[24,9],[0,10],[4,10],[5,10],[11,10],[14,10],[18,10],[1,11],[2,11],[6,11],[7,11],[13,11],[18,11],[20,11],[21,11],[23,11],[4,12],[5,12],[9,12],[16,12],[1,13],[3,13],[10,13],[15,13],[16,13],[17,13],[18,13],[20,13],[0,14],[4,14],[8,14],[9,14],[13,14],[15,14],[16,14],[17,14],[20,14],[5,15],[10,15],[15,15],[19,15],[21,15],[4,16],[5,16],[7,16],[13,16],[15,16],[16,16],[17,16],[21,16],[22,16],[23,16],[23,17],[24,17],[2,18],[10,18],[13,18],[15,18],[16,18],[18,18],[20,18],[3,19],[5,19],[7,19],[10,19],[24,19],[3,20],[7,20],[9,20],[10,20],[11,20],[23,20],[24,20],[1,21],[6,21],[7,21],[10,21],[15,21],[19,21],[23,21],[2,22],[8,22],[9,22],[10,22],[11,22],[12,22],[14,22],[18,22],[21,22],[8,23],[11,23],[12,23],[19,23],[5,24],[11,24],[12,24],[13,24],[15,24],[22,24],[24,24]]",172,"success","success",15,1,2,0,51,0.6,0.1,0.7
"2026-10-09T04:57:39.901Z","benchmark","benchmark-1791521859669","seeded-high-7001","seeded-high-7001",2,"astar",25,25,3,7001,0.24,0.2752,"10,16","E","22,19","[[1,0],[9,0],[13,0],[14,0],[20,0],[22,0],[2,1],[8,1],[12,1],[15,1],[0,2],[4,2],[13,2],[14,2],[18,2],[23,2],[24,2],[2,3],[4,3],[6,3],[8,3],[12,3],[14,3],[16,3],[17,3],[18,3],[1,4],[4,4],[6,4],[7,4],[8,4],[10,4],[16,4],[20,4],[23,4],[7,5],[11,5],[13,5],[15,5],[18,5],[20,5],[1,6],[2,6],[9,6],[15,6],[16,6],[17,6],[18,6],[0,7],[1,7],[2,7],[4,7],[8,7],[18,7],[23,7],[0,8],[1,8],[2,8],[3,8],[5,8],[10,8],[12,8],[18,8],[19,8],[23,8],[4,9],[6,9],[11,9],[12,9],[13,9],[18,9],[21,9],[24,9],[0,10],[4,10],[5,10],[11,10],[14,10],[18,10],[1,11],[2,11],[6,11],[7,11],[13,11],[18,11],[20,11],[21,11],[23,11],[4,12],[5,12],[9,12],[16,12],[1,13],[3,13],[10,13],[15,13],[16,13],[17,13],[18,13],[20,13],[0,14],[4,14],[8,14],[9,14],[13,14],[15,14],[16,14],[17,14],[20,14],[5,15],[10,15],[15,15],[19,15],[21,15],[4,16],[5,16],[7,16],[13,16],[15,16],[16,16],[17,16],[21,16],[22,16],[23,16],[23,17],[24,17],[2,18],[10,18],[13,18],[15,18],[16,18],[18,18],[20,18],[3,19],[5,19],[7,19],[10,19],[24,19],[3,20],[7,20],[9,20],[10,20],[11,20],[23,20],[24,20],[1,21],[6,21],[7,21],[10,21],[15,21],[19,21],[23,21],[2,22],[8,22],[9,22],[10,22],[11,22],[12,22],[14,22],[18,22],[21,22],[8,23],[11,23],[12,23],[19,23],[5,24],[11,24],[12,24],[13,24],[15,24],[22,24],[24,24]]",172,"success","success",15,1,2,0,49,0.1,0,0.1
"2026-10-09T04:57:39.906Z","benchmark","benchmark-1791521859669","open","open",3,"dstar",25,25,3,"","",0,"1,22","E","23,2","[]",0,"success","success",42,0,0,0,483,5.3,0,5.3
"2026-10-09T04:57:39.908Z","benchmark","benchmark-1791521859669","open","open",3,"astar",25,25,3,"","",0,"1,22","E","23,2","[]",0,"success","success",42,0,0,0,482,2,0,2
"2026-10-09T04:57:39.909Z","benchmark","benchmark-1791521859669","blocker","blocker",3,"astar",25,25,3,"","",0.0016,"1,12","E","23,12","[[12,12]]",1,"success","success",24,1,1,0,66,0,0.2,0.2
"2026-10-09T04:57:39.909Z","benchmark","benchmark-1791521859669","blocker","blocker",3,"dstar",25,25,3,"","",0.0016,"1,12","E","23,12","[[12,12]]",1,"success","success",24,1,1,0,62,0.2,0.6,0.8
"2026-10-09T04:57:39.913Z","benchmark","benchmark-1791521859669","detour","detour",3,"dstar",25,25,3,"","",0.0384,"1,12","E","23,12","[[12,0],[12,1],[12,2],[12,3],[12,4],[12,6],[12,7],[12,8],[12,9],[12,10],[12,11],[12,12],[12,13],[12,14],[12,15],[12,16],[12,17],[12,18],[12,19],[12,20],[12,21],[12,22],[12,23],[12,24]]",24,"success","success",36,7,7,0,200,0.7,2.8,3.5
"2026-10-09T04:57:39.916Z","benchmark","benchmark-1791521859669","detour","detour",3,"astar",25,25,3,"","",0.0384,"1,12","E","23,12","[[12,0],[12,1],[12,2],[12,3],[12,4],[12,6],[12,7],[12,8],[12,9],[12,10],[12,11],[12,12],[12,13],[12,14],[12,15],[12,16],[12,17],[12,18],[12,19],[12,20],[12,21],[12,22],[12,23],[12,24]]",24,"success","success",62,19,19,0,1726,0.1,3.4,3.5
"2026-10-09T04:57:39.924Z","benchmark","benchmark-1791521859669","corridor","corridor",3,"astar",25,25,3,"","",0.0768,"1,20","E","23,5","[[8,0],[17,0],[8,1],[17,1],[8,2],[17,2],[8,3],[17,3],[8,4],[17,4],[8,5],[8,6],[17,6],[8,7],[17,7],[8,8],[17,8],[8,9],[17,9],[8,10],[17,10],[8,11],[17,11],[8,12],[17,12],[8,13],[17,13],[8,14],[17,14],[8,15],[17,15],[8,16],[17,16],[8,17],[17,17],[8,18],[17,18],[8,19],[17,19],[17,20],[8,21],[17,21],[8,22],[17,22],[8,23],[17,23],[8,24],[17,24]]",48,"success","success",69,16,16,0,2751,1,5.7,6.7
"2026-10-09T04:57:39.932Z","benchmark","benchmark-1791521859669","corridor","corridor",3,"dstar",25,25,3,"","",0.0768,"1,20","E","23,5","[[8,0],[17,0],[8,1],[17,1],[8,2],[17,2],[8,3],[17,3],[8,4],[17,4],[8,5],[8,6],[17,6],[8,7],[17,7],[8,8],[17,8],[8,9],[17,9],[8,10],[17,10],[8,11],[17,11],[8,12],[17,12],[8,13],[17,13],[8,14],[17,14],[8,15],[17,15],[8,16],[17,16],[8,17],[17,17],[8,18],[17,18],[8,19],[17,19],[17,20],[8,21],[17,21],[8,22],[17,22],[8,23],[17,23],[8,24],[17,24]]",48,"success","success",77,20,20,0,596,4.7,3.7,8.4
"2026-10-09T04:57:39.945Z","benchmark","benchmark-1791521859669","maze","maze",3,"dstar",25,25,3,"","",0.192,"1,23","E","23,1","[[3,0],[7,0],[11,0],[15,0],[19,0],[7,1],[15,1],[3,2],[7,2],[11,2],[15,2],[19,2],[3,3],[7,3],[11,3],[15,3],[19,3],[3,4],[7,4],[11,4],[15,4],[19,4],[3,5],[7,5],[11,5],[15,5],[19,5],[3,6],[7,6],[11,6],[15,6],[19,6],[3,7],[7,7],[11,7],[15,7],[19,7],[3,8],[7,8],[11,8],[15,8],[19,8],[3,9],[7,9],[11,9],[15,9],[19,9],[3,10],[7,10],[11,10],[15,10],[19,10],[3,11],[7,11],[11,11],[15,11],[19,11],[3,12],[7,12],[11,12],[15,12],[19,12],[3,13],[7,13],[11,13],[15,13],[19,13],[3,14],[7,14],[11,14],[15,14],[19,14],[3,15],[7,15],[11,15],[15,15],[19,15],[3,16],[7,16],[11,16],[15,16],[19,16],[3,17],[7,17],[11,17],[15,17],[19,17],[3,18],[7,18],[11,18],[15,18],[19,18],[3,19],[7,19],[11,19],[15,19],[19,19],[3,20],[7,20],[11,20],[15,20],[19,20],[3,21],[7,21],[11,21],[15,21],[19,21],[3,22],[7,22],[11,22],[15,22],[19,22],[3,23],[11,23],[19,23],[3,24],[7,24],[11,24],[15,24],[19,24]]",120,"success","success",136,46,47,0,812,6.8,6,12.8
"2026-10-09T04:57:39.964Z","benchmark","benchmark-1791521859669","maze","maze",3,"astar",25,25,3,"","",0.192,"1,23","E","23,1","[[3,0],[7,0],[11,0],[15,0],[19,0],[7,1],[15,1],[3,2],[7,2],[11,2],[15,2],[19,2],[3,3],[7,3],[11,3],[15,3],[19,3],[3,4],[7,4],[11,4],[15,4],[19,4],[3,5],[7,5],[11,5],[15,5],[19,5],[3,6],[7,6],[11,6],[15,6],[19,6],[3,7],[7,7],[11,7],[15,7],[19,7],[3,8],[7,8],[11,8],[15,8],[19,8],[3,9],[7,9],[11,9],[15,9],[19,9],[3,10],[7,10],[11,10],[15,10],[19,10],[3,11],[7,11],[11,11],[15,11],[19,11],[3,12],[7,12],[11,12],[15,12],[19,12],[3,13],[7,13],[11,13],[15,13],[19,13],[3,14],[7,14],[11,14],[15,14],[19,14],[3,15],[7,15],[11,15],[15,15],[19,15],[3,16],[7,16],[11,16],[15,16],[19,16],[3,17],[7,17],[11,17],[15,17],[19,17],[3,18],[7,18],[11,18],[15,18],[19,18],[3,19],[7,19],[11,19],[15,19],[19,19],[3,20],[7,20],[11,20],[15,20],[19,20],[3,21],[7,21],[11,21],[15,21],[19,21],[3,22],[7,22],[11,22],[15,22],[19,22],[3,23],[11,23],[19,23],[3,24],[7,24],[11,24],[15,24],[19,24]]",120,"success","success",136,46,47,0,8303,1.4,17.2,18.6
"2026-10-09T04:57:39.971Z","benchmark","benchmark-1791521859669","no-route","no-route",3,"astar",25,25,3,"","",0.04,"1,12","E","23,12","[[12,0],[12,1],[12,2],[12,3],[12,4],[12,5],[12,6],[12,7],[12,8],[12,9],[12,10],[12,11],[12,12],[12,13],[12,14],[12,15],[12,16],[12,17],[12,18],[12,19],[12,20],[12,21],[12,22],[12,23],[12,24]]",25,"no_route","no_route",48,25,25,0,2741,0.1,6.8,6.9
"2026-10-09T04:57:39.978Z","benchmark","benchmark-1791521859669","no-route","no-route",3,"dstar",25,25,3,"","",0.04,"1,12","E","23,12","[[12,0],[12,1],[12,2],[12,3],[12,4],[12,5],[12,6],[12,7],[12,8],[12,9],[12,10],[12,11],[12,12],[12,13],[12,14],[12,15],[12,16],[12,17],[12,18],[12,19],[12,20],[12,21],[12,22],[12,23],[12,24]]",25,"no_route","no_route",46,25,25,0,572,0.2,6.6,6.8
"2026-10-09T04:57:39.979Z","benchmark","benchmark-1791521859669","seeded-low-1701","seeded-low-1701",3,"dstar",25,25,3,1701,0.08,0.0832,"10,16","E","22,19","[[16,0],[9,1],[12,1],[17,2],[18,2],[5,4],[14,5],[12,6],[17,6],[21,6],[5,7],[16,7],[18,7],[1,8],[19,8],[20,8],[0,9],[0,12],[9,12],[13,12],[15,12],[17,13],[23,13],[5,14],[10,14],[20,14],[17,15],[18,15],[22,15],[2,16],[7,16],[8,16],[13,16],[4,17],[7,17],[14,17],[15,17],[8,19],[11,21],[12,21],[16,21],[20,21],[6,22],[12,22],[19,22],[3,23],[6,23],[15,23],[0,24],[9,24],[14,24],[19,24]]",52,"success","success",15,1,2,0,52,0.5,0,0.5
"2026-10-09T04:57:39.979Z","benchmark","benchmark-1791521859669","seeded-low-1701","seeded-low-1701",3,"astar",25,25,3,1701,0.08,0.0832,"10,16","E","22,19","[[16,0],[9,1],[12,1],[17,2],[18,2],[5,4],[14,5],[12,6],[17,6],[21,6],[5,7],[16,7],[18,7],[1,8],[19,8],[20,8],[0,9],[0,12],[9,12],[13,12],[15,12],[17,13],[23,13],[5,14],[10,14],[20,14],[17,15],[18,15],[22,15],[2,16],[7,16],[8,16],[13,16],[4,17],[7,17],[14,17],[15,17],[8,19],[11,21],[12,21],[16,21],[20,21],[6,22],[12,22],[19,22],[3,23],[6,23],[15,23],[0,24],[9,24],[14,24],[19,24]]",52,"success","success",15,1,2,0,64,0,0.1,0.1
"2026-10-09T04:57:39.979Z","benchmark","benchmark-1791521859669","seeded-low-2718","seeded-low-2718",3,"astar",25,25,3,2718,0.08,0.0736,"4,3","S","18,8","[[7,1],[22,1],[15,2],[19,2],[22,2],[0,3],[1,3],[18,3],[22,3],[9,5],[20,5],[12,7],[14,8],[21,8],[22,8],[24,8],[12,9],[22,9],[7,10],[21,10],[8,11],[20,11],[5,12],[6,12],[12,12],[13,13],[23,13],[18,14],[23,14],[8,15],[12,15],[9,16],[16,17],[17,17],[20,17],[1,18],[1,19],[10,19],[1,20],[2,20],[8,20],[7,21],[21,21],[0,24],[3,24],[6,24]]",46,"success","success",19,1,1,0,111,0.2,0,0.2
"2026-10-09T04:57:39.980Z","benchmark","benchmark-1791521859669","seeded-low-2718","seeded-low-2718",3,"dstar",25,25,3,2718,0.08,0.0736,"4,3","S","18,8","[[7,1],[22,1],[15,2],[19,2],[22,2],[0,3],[1,3],[18,3],[22,3],[9,5],[20,5],[12,7],[14,8],[21,8],[22,8],[24,8],[12,9],[22,9],[7,10],[21,10],[8,11],[20,11],[5,12],[6,12],[12,12],[13,13],[23,13],[18,14],[23,14],[8,15],[12,15],[9,16],[16,17],[17,17],[20,17],[1,18],[1,19],[10,19],[1,20],[2,20],[8,20],[7,21],[21,21],[0,24],[3,24],[6,24]]",46,"success","success",19,1,1,0,91,0.8,0,0.8
"2026-10-09T04:57:39.981Z","benchmark","benchmark-1791521859669","seeded-low-3141","seeded-low-3141",3,"dstar",25,25,3,3141,0.08,0.088,"15,6","E","17,24","[[13,0],[14,0],[19,0],[17,1],[3,2],[14,2],[8,3],[11,3],[19,3],[21,3],[24,3],[14,4],[19,4],[5,5],[9,5],[12,5],[17,5],[19,5],[22,5],[2,6],[9,7],[13,7],[14,7],[18,7],[13,8],[14,8],[3,9],[6,9],[8,11],[21,11],[22,11],[3,12],[24,12],[14,13],[19,14],[20,14],[4,15],[15,16],[18,16],[7,18],[16,18],[20,18],[22,18],[0,19],[3,19],[10,20],[12,20],[24,20],[13,21],[12,22],[23,22],[10,23],[19,23],[22,23],[2,24]]",55,"success","success",20,0,0,0,57,0.5,0,0.5
"2026-10-09T04:57:39.981Z","benchmark","benchmark-1791521859669","seeded-low-3141","seeded-low-3141",3,"astar",25,25,3,3141,0.08,0.088,"15,6","E","17,24","[[13,0],[14,0],[19,0],[17,1],[3,2],[14,2],[8,3],[11,3],[19,3],[21,3],[24,3],[14,4],[19,4],[5,5],[9,5],[12,5],[17,5],[19,5],[22,5],[2,6],[9,7],[13,7],[14,7],[18,7],[13,8],[14,8],[3,9],[6,9],[8,11],[21,11],[22,11],[3,12],[24,12],[14,13],[19,14],[20,14],[4,15],[15,16],[18,16],[7,18],[16,18],[20,18],[22,18],[0,19],[3,19],[10,20],[12,20],[24,20],[13,21],[12,22],[23,22],[10,23],[19,23],[22,23],[2,24]]",55,"success","success",20,0,0,0,56,0.2,0,0.2
"2026-10-09T04:57:39.981Z","benchmark","benchmark-1791521859669","seeded-low-4207","seeded-low-4207",3,"astar",25,25,3,4207,0.08,0.0768,"2,7","W","0,21","[[7,0],[14,0],[5,1],[12,1],[17,1],[11,2],[21,2],[24,2],[0,3],[5,3],[10,3],[15,3],[1,4],[15,4],[19,4],[23,5],[4,7],[21,7],[4,9],[9,9],[12,9],[21,9],[12,10],[7,11],[22,11],[10,12],[18,12],[17,14],[8,15],[11,15],[11,16],[4,17],[12,17],[14,17],[0,18],[2,18],[4,18],[5,18],[18,18],[20,18],[24,18],[13,20],[8,21],[11,21],[14,21],[5,22],[7,23],[11,24]]",48,"success","success",16,1,1,0,60,0,0,0
"2026-10-09T04:57:39.982Z","benchmark","benchmark-1791521859669","seeded-low-4207","seeded-low-4207",3,"dstar",25,25,3,4207,0.08,0.0768,"2,7","W","0,21","[[7,0],[14,0],[5,1],[12,1],[17,1],[11,2],[21,2],[24,2],[0,3],[5,3],[10,3],[15,3],[1,4],[15,4],[19,4],[23,5],[4,7],[21,7],[4,9],[9,9],[12,9],[21,9],[12,10],[7,11],[22,11],[10,12],[18,12],[17,14],[8,15],[11,15],[11,16],[4,17],[12,17],[14,17],[0,18],[2,18],[4,18],[5,18],[18,18],[20,18],[24,18],[13,20],[8,21],[11,21],[14,21],[5,22],[7,23],[11,24]]",48,"success","success",16,1,1,0,46,0.4,0,0.4
"2026-10-09T04:57:39.982Z","benchmark","benchmark-1791521859669","seeded-low-5629","seeded-low-5629",3,"dstar",25,25,3,5629,0.08,0.0864,"6,24","E","11,20","[[12,2],[14,2],[23,2],[1,3],[12,3],[21,3],[23,3],[1,4],[8,4],[15,4],[18,4],[14,6],[5,7],[17,7],[1,8],[0,9],[5,9],[10,9],[11,9],[12,9],[20,9],[2,10],[4,10],[21,10],[0,11],[7,11],[16,11],[20,11],[6,12],[11,12],[13,13],[7,14],[9,14],[11,14],[21,14],[23,15],[1,16],[15,16],[14,17],[17,17],[12,18],[17,18],[20,18],[6,20],[15,21],[16,21],[10,22],[17,22],[19,22],[3,23],[12,23],[7,24],[11,24],[14,24]]",54,"success","success",9,1,2,0,30,0.3,0,0.3
"2026-10-09T04:57:39.982Z","benchmark","benchmark-1791521859669","seeded-low-5629","seeded-low-5629",3,"astar",25,25,3,5629,0.08,0.0864,"6,24","E","11,20","[[12,2],[14,2],[23,2],[1,3],[12,3],[21,3],[23,3],[1,4],[8,4],[15,4],[18,4],[14,6],[5,7],[17,7],[1,8],[0,9],[5,9],[10,9],[11,9],[12,9],[20,9],[2,10],[4,10],[21,10],[0,11],[7,11],[16,11],[20,11],[6,12],[11,12],[13,13],[7,14],[9,14],[11,14],[21,14],[23,15],[1,16],[15,16],[14,17],[17,17],[12,18],[17,18],[20,18],[6,20],[15,21],[16,21],[10,22],[17,22],[19,22],[3,23],[12,23],[7,24],[11,24],[14,24]]",54,"success","success",9,1,2,0,46,0,0,0
"2026-10-09T04:57:39.982Z","benchmark","benchmark-1791521859669","seeded-low-7001","seeded-low-7001",3,"astar",25,25,3,7001,0.08,0.1008,"10,16","E","22,19","[[1,0],[9,0],[8,1],[12,1],[0,2],[13,2],[14,2],[23,2],[24,2],[4,3],[8,3],[17,3],[16,4],[7,5],[11,5],[18,5],[1,6],[15,6],[18,6],[0,7],[8,7],[1,8],[5,8],[18,8],[19,8],[23,8],[4,9],[11,9],[0,10],[5,10],[11,10],[6,11],[13,11],[4,12],[16,12],[1,13],[18,13],[20,13],[4,14],[9,14],[13,14],[10,15],[5,16],[7,16],[15,16],[16,16],[24,17],[16,18],[18,18],[20,18],[7,20],[11,20],[23,20],[24,20],[1,21],[15,21],[9,22],[14,22],[18,22],[8,23],[19,23],[5,24],[11,24]]",63,"success","success",15,2,2,0,91,0.1,0.1,0.2
"2026-10-09T04:57:39.983Z","benchmark","benchmark-1791521859669","seeded-low-7001","seeded-low-7001",3,"dstar",25,25,3,7001,0.08,0.1008,"10,16","E","22,19","[[1,0],[9,0],[8,1],[12,1],[0,2],[13,2],[14,2],[23,2],[24,2],[4,3],[8,3],[17,3],[16,4],[7,5],[11,5],[18,5],[1,6],[15,6],[18,6],[0,7],[8,7],[1,8],[5,8],[18,8],[19,8],[23,8],[4,9],[11,9],[0,10],[5,10],[11,10],[6,11],[13,11],[4,12],[16,12],[1,13],[18,13],[20,13],[4,14],[9,14],[13,14],[10,15],[5,16],[7,16],[15,16],[16,16],[24,17],[16,18],[18,18],[20,18],[7,20],[11,20],[23,20],[24,20],[1,21],[15,21],[9,22],[14,22],[18,22],[8,23],[19,23],[5,24],[11,24]]",63,"success","success",15,2,2,0,53,0.6,0,0.6
"2026-10-09T04:57:39.984Z","benchmark","benchmark-1791521859669","seeded-medium-1701","seeded-medium-1701",3,"dstar",25,25,3,1701,0.16,0.1856,"10,16","E","22,19","[[4,0],[6,0],[12,0],[16,0],[19,0],[24,0],[9,1],[10,1],[12,1],[4,2],[8,2],[15,2],[17,2],[18,2],[0,3],[18,3],[5,4],[10,4],[11,4],[22,4],[14,5],[18,5],[7,6],[12,6],[17,6],[18,6],[20,6],[21,6],[5,7],[10,7],[16,7],[18,7],[0,8],[1,8],[2,8],[13,8],[19,8],[20,8],[0,9],[5,9],[8,9],[13,9],[17,9],[7,10],[8,10],[10,10],[20,10],[3,11],[16,11],[22,11],[0,12],[6,12],[9,12],[13,12],[15,12],[16,12],[7,13],[12,13],[17,13],[19,13],[23,13],[0,14],[5,14],[10,14],[20,14],[1,15],[2,15],[17,15],[18,15],[22,15],[23,15],[2,16],[3,16],[7,16],[8,16],[13,16],[0,17],[4,17],[7,17],[14,17],[15,17],[9,18],[10,18],[14,18],[21,18],[22,18],[8,19],[11,19],[20,19],[12,20],[0,21],[3,21],[9,21],[11,21],[12,21],[16,21],[20,21],[22,21],[6,22],[12,22],[15,22],[16,22],[19,22],[21,22],[3,23],[6,23],[7,23],[8,23],[9,23],[12,23],[15,23],[19,23],[0,24],[9,24],[14,24],[19,24]]",116,"success","success",21,6,7,0,83,0.7,0.8,1.5
"2026-10-09T04:57:39.985Z","benchmark","benchmark-1791521859669","seeded-medium-1701","seeded-medium-1701",3,"astar",25,25,3,1701,0.16,0.1856,"10,16","E","22,19","[[4,0],[6,0],[12,0],[16,0],[19,0],[24,0],[9,1],[10,1],[12,1],[4,2],[8,2],[15,2],[17,2],[18,2],[0,3],[18,3],[5,4],[10,4],[11,4],[22,4],[14,5],[18,5],[7,6],[12,6],[17,6],[18,6],[20,6],[21,6],[5,7],[10,7],[16,7],[18,7],[0,8],[1,8],[2,8],[13,8],[19,8],[20,8],[0,9],[5,9],[8,9],[13,9],[17,9],[7,10],[8,10],[10,10],[20,10],[3,11],[16,11],[22,11],[0,12],[6,12],[9,12],[13,12],[15,12],[16,12],[7,13],[12,13],[17,13],[19,13],[23,13],[0,14],[5,14],[10,14],[20,14],[1,15],[2,15],[17,15],[18,15],[22,15],[23,15],[2,16],[3,16],[7,16],[8,16],[13,16],[0,17],[4,17],[7,17],[14,17],[15,17],[9,18],[10,18],[14,18],[21,18],[22,18],[8,19],[11,19],[20,19],[12,20],[0,21],[3,21],[9,21],[11,21],[12,21],[16,21],[20,21],[22,21],[6,22],[12,22],[15,22],[16,22],[19,22],[21,22],[3,23],[6,23],[7,23],[8,23],[9,23],[12,23],[15,23],[19,23],[0,24],[9,24],[14,24],[19,24]]",116,"success","success",21,5,6,0,112,0,0.1,0.1
"2026-10-09T04:57:39.985Z","benchmark","benchmark-1791521859669","seeded-medium-2718","seeded-medium-2718",3,"astar",25,25,3,2718,0.16,0.1504,"4,3","S","18,8","[[7,0],[9,0],[7,1],[9,1],[22,1],[14,2],[15,2],[17,2],[18,2],[19,2],[22,2],[0,3],[1,3],[6,3],[9,3],[10,3],[16,3],[18,3],[22,3],[3,5],[9,5],[14,5],[16,5],[20,5],[11,7],[12,7],[16,7],[17,7],[7,8],[14,8],[21,8],[22,8],[24,8],[12,9],[14,9],[15,9],[22,9],[7,10],[20,10],[21,10],[5,11],[8,11],[15,11],[20,11],[5,12],[6,12],[11,12],[12,12],[4,13],[13,13],[23,13],[18,14],[23,14],[6,15],[8,15],[9,15],[12,15],[21,15],[8,16],[9,16],[16,17],[17,17],[20,17],[1,18],[10,18],[1,19],[7,19],[8,19],[10,19],[19,19],[1,20],[2,20],[8,20],[11,20],[18,20],[21,20],[7,21],[11,21],[14,21],[21,21],[0,22],[4,22],[12,22],[17,22],[0,23],[4,23],[7,23],[22,23],[0,24],[3,24],[6,24],[10,24],[11,24],[22,24]]",94,"success","success",19,1,1,0,165,0.1,0.5,0.6
"2026-10-09T04:57:39.987Z","benchmark","benchmark-1791521859669","seeded-medium-2718","seeded-medium-2718",3,"dstar",25,25,3,2718,0.16,0.1504,"4,3","S","18,8","[[7,0],[9,0],[7,1],[9,1],[22,1],[14,2],[15,2],[17,2],[18,2],[19,2],[22,2],[0,3],[1,3],[6,3],[9,3],[10,3],[16,3],[18,3],[22,3],[3,5],[9,5],[14,5],[16,5],[20,5],[11,7],[12,7],[16,7],[17,7],[7,8],[14,8],[21,8],[22,8],[24,8],[12,9],[14,9],[15,9],[22,9],[7,10],[20,10],[21,10],[5,11],[8,11],[15,11],[20,11],[5,12],[6,12],[11,12],[12,12],[4,13],[13,13],[23,13],[18,14],[23,14],[6,15],[8,15],[9,15],[12,15],[21,15],[8,16],[9,16],[16,17],[17,17],[20,17],[1,18],[10,18],[1,19],[7,19],[8,19],[10,19],[19,19],[1,20],[2,20],[8,20],[11,20],[18,20],[21,20],[7,21],[11,21],[14,21],[21,21],[0,22],[4,22],[12,22],[17,22],[0,23],[4,23],[7,23],[22,23],[0,24],[3,24],[6,24],[10,24],[11,24],[22,24]]",94,"success","success",19,1,1,0,91,1.6,0,1.6
"2026-10-09T04:57:39.989Z","benchmark","benchmark-1791521859669","seeded-medium-3141","seeded-medium-3141",3,"dstar",25,25,3,3141,0.16,0.1552,"15,6","E","17,24","[[4,0],[13,0],[14,0],[19,0],[0,1],[1,1],[2,1],[12,1],[17,1],[3,2],[5,2],[14,2],[5,3],[8,3],[11,3],[13,3],[14,3],[19,3],[20,3],[21,3],[22,3],[24,3],[6,4],[14,4],[19,4],[5,5],[9,5],[12,5],[14,5],[17,5],[19,5],[22,5],[2,6],[24,6],[9,7],[13,7],[14,7],[18,7],[19,7],[6,8],[13,8],[14,8],[17,8],[19,8],[3,9],[5,9],[6,9],[17,9],[19,9],[23,9],[10,10],[12,10],[13,10],[0,11],[8,11],[14,11],[21,11],[22,11],[3,12],[6,12],[24,12],[14,13],[0,14],[18,14],[19,14],[20,14],[4,15],[6,15],[15,16],[18,16],[12,17],[14,17],[7,18],[16,18],[17,18],[20,18],[22,18],[0,19],[3,19],[4,19],[10,20],[11,20],[12,20],[15,20],[24,20],[0,21],[8,21],[13,21],[12,22],[19,22],[23,22],[10,23],[19,23],[22,23],[2,24],[13,24],[19,24]]",97,"success","success",30,9,9,0,140,0.6,1.1,1.7
"2026-10-09T04:57:39.989Z","benchmark","benchmark-1791521859669","seeded-medium-3141","seeded-medium-3141",3,"astar",25,25,3,3141,0.16,0.1552,"15,6","E","17,24","[[4,0],[13,0],[14,0],[19,0],[0,1],[1,1],[2,1],[12,1],[17,1],[3,2],[5,2],[14,2],[5,3],[8,3],[11,3],[13,3],[14,3],[19,3],[20,3],[21,3],[22,3],[24,3],[6,4],[14,4],[19,4],[5,5],[9,5],[12,5],[14,5],[17,5],[19,5],[22,5],[2,6],[24,6],[9,7],[13,7],[14,7],[18,7],[19,7],[6,8],[13,8],[14,8],[17,8],[19,8],[3,9],[5,9],[6,9],[17,9],[19,9],[23,9],[10,10],[12,10],[13,10],[0,11],[8,11],[14,11],[21,11],[22,11],[3,12],[6,12],[24,12],[14,13],[0,14],[18,14],[19,14],[20,14],[4,15],[6,15],[15,16],[18,16],[12,17],[14,17],[7,18],[16,18],[17,18],[20,18],[22,18],[0,19],[3,19],[4,19],[10,20],[11,20],[12,20],[15,20],[24,20],[0,21],[8,21],[13,21],[12,22],[19,22],[23,22],[10,23],[19,23],[22,23],[2,24],[13,24],[19,24]]",97,"success","success",24,5,5,0,241,0.2,0.2,0.4
"2026-10-09T04:57:39.990Z","benchmark","benchmark-1791521859669","seeded-medium-4207","seeded-medium-4207",3,"astar",25,25,3,4207,0.16,0.1584,"2,7","W","0,21","[[0,0],[7,0],[14,0],[20,0],[5,1],[12,1],[15,1],[17,1],[6,2],[8,2],[11,2],[16,2],[21,2],[23,2],[24,2],[0,3],[5,3],[10,3],[15,3],[1,4],[15,4],[17,4],[19,4],[24,4],[2,5],[3,5],[5,5],[7,5],[13,5],[23,5],[5,6],[17,6],[18,6],[4,7],[21,7],[24,8],[4,9],[9,9],[11,9],[12,9],[14,9],[21,9],[2,10],[3,10],[4,10],[12,10],[16,10],[2,11],[7,11],[13,11],[22,11],[6,12],[10,12],[12,12],[13,12],[18,12],[22,12],[23,13],[1,14],[17,14],[18,14],[8,15],[11,15],[24,15],[8,16],[11,16],[13,16],[14,16],[4,17],[6,17],[12,17],[14,17],[24,17],[0,18],[2,18],[4,18],[5,18],[12,18],[18,18],[20,18],[24,18],[4,20],[9,20],[13,20],[18,20],[2,21],[8,21],[11,21],[14,21],[23,21],[0,22],[5,22],[7,22],[22,22],[23,22],[7,23],[16,23],[11,24],[16,24]]",99,"success","success",18,3,3,0,102,0,0.2,0.2
"2026-10-09T04:57:39.990Z","benchmark","benchmark-1791521859669","seeded-medium-4207","seeded-medium-4207",3,"dstar",25,25,3,4207,0.16,0.1584,"2,7","W","0,21","[[0,0],[7,0],[14,0],[20,0],[5,1],[12,1],[15,1],[17,1],[6,2],[8,2],[11,2],[16,2],[21,2],[23,2],[24,2],[0,3],[5,3],[10,3],[15,3],[1,4],[15,4],[17,4],[19,4],[24,4],[2,5],[3,5],[5,5],[7,5],[13,5],[23,5],[5,6],[17,6],[18,6],[4,7],[21,7],[24,8],[4,9],[9,9],[11,9],[12,9],[14,9],[21,9],[2,10],[3,10],[4,10],[12,10],[16,10],[2,11],[7,11],[13,11],[22,11],[6,12],[10,12],[12,12],[13,12],[18,12],[22,12],[23,13],[1,14],[17,14],[18,14],[8,15],[11,15],[24,15],[8,16],[11,16],[13,16],[14,16],[4,17],[6,17],[12,17],[14,17],[24,17],[0,18],[2,18],[4,18],[5,18],[12,18],[18,18],[20,18],[24,18],[4,20],[9,20],[13,20],[18,20],[2,21],[8,21],[11,21],[14,21],[23,21],[0,22],[5,22],[7,22],[22,22],[23,22],[7,23],[16,23],[11,24],[16,24]]",99,"success","success",18,3,3,0,56,0.4,0.1,0.5
"2026-10-09T04:57:39.991Z","benchmark","benchmark-1791521859669","seeded-medium-5629","seeded-medium-5629",3,"dstar",25,25,3,5629,0.16,0.1568,"6,24","E","11,20","[[12,0],[14,0],[16,0],[24,0],[14,1],[18,1],[20,1],[22,1],[23,1],[11,2],[12,2],[14,2],[21,2],[23,2],[1,3],[12,3],[13,3],[20,3],[21,3],[22,3],[23,3],[0,4],[1,4],[7,4],[8,4],[15,4],[18,4],[19,5],[14,6],[5,7],[15,7],[17,7],[19,7],[21,7],[1,8],[8,8],[22,8],[0,9],[5,9],[10,9],[11,9],[12,9],[20,9],[22,9],[2,10],[3,10],[4,10],[17,10],[21,10],[24,10],[0,11],[5,11],[6,11],[7,11],[16,11],[20,11],[6,12],[11,12],[13,13],[4,14],[7,14],[9,14],[11,14],[21,14],[14,15],[15,15],[23,15],[1,16],[15,16],[2,17],[4,17],[9,17],[14,17],[17,17],[22,17],[23,17],[12,18],[17,18],[20,18],[4,20],[6,20],[7,20],[15,21],[16,21],[17,21],[10,22],[14,22],[17,22],[19,22],[3,23],[4,23],[11,23],[12,23],[7,24],[9,24],[11,24],[14,24],[15,24]]",98,"success","success",9,2,3,0,31,0.1,0.1,0.2
"2026-10-09T04:57:39.991Z","benchmark","benchmark-1791521859669","seeded-medium-5629","seeded-medium-5629",3,"astar",25,25,3,5629,0.16,0.1568,"6,24","E","11,20","[[12,0],[14,0],[16,0],[24,0],[14,1],[18,1],[20,1],[22,1],[23,1],[11,2],[12,2],[14,2],[21,2],[23,2],[1,3],[12,3],[13,3],[20,3],[21,3],[22,3],[23,3],[0,4],[1,4],[7,4],[8,4],[15,4],[18,4],[19,5],[14,6],[5,7],[15,7],[17,7],[19,7],[21,7],[1,8],[8,8],[22,8],[0,9],[5,9],[10,9],[11,9],[12,9],[20,9],[22,9],[2,10],[3,10],[4,10],[17,10],[21,10],[24,10],[0,11],[5,11],[6,11],[7,11],[16,11],[20,11],[6,12],[11,12],[13,13],[4,14],[7,14],[9,14],[11,14],[21,14],[14,15],[15,15],[23,15],[1,16],[15,16],[2,17],[4,17],[9,17],[14,17],[17,17],[22,17],[23,17],[12,18],[17,18],[20,18],[4,20],[6,20],[7,20],[15,21],[16,21],[17,21],[10,22],[14,22],[17,22],[19,22],[3,23],[4,23],[11,23],[12,23],[7,24],[9,24],[11,24],[14,24],[15,24]]",98,"success","success",9,2,3,0,54,0,0.1,0.1
"2026-10-09T04:57:39.991Z","benchmark","benchmark-1791521859669","seeded-medium-7001","seeded-medium-7001",3,"astar",25,25,3,7001,0.16,0.1856,"10,16","E","22,19","[[1,0],[9,0],[13,0],[22,0],[2,1],[8,1],[12,1],[0,2],[4,2],[13,2],[14,2],[23,2],[24,2],[4,3],[8,3],[16,3],[17,3],[18,3],[1,4],[6,4],[8,4],[16,4],[23,4],[7,5],[11,5],[18,5],[1,6],[2,6],[9,6],[15,6],[17,6],[18,6],[0,7],[1,7],[8,7],[23,7],[0,8],[1,8],[3,8],[5,8],[10,8],[12,8],[18,8],[19,8],[23,8],[4,9],[6,9],[11,9],[12,9],[13,9],[18,9],[21,9],[24,9],[0,10],[4,10],[5,10],[11,10],[1,11],[2,11],[6,11],[13,11],[18,11],[20,11],[4,12],[16,12],[1,13],[10,13],[16,13],[18,13],[20,13],[4,14],[8,14],[9,14],[13,14],[15,14],[16,14],[17,14],[20,14],[10,15],[15,15],[5,16],[7,16],[15,16],[16,16],[17,16],[21,16],[22,16],[23,17],[24,17],[10,18],[16,18],[18,18],[20,18],[3,19],[24,19],[3,20],[7,20],[11,20],[23,20],[24,20],[1,21],[6,21],[15,21],[9,22],[10,22],[14,22],[18,22],[21,22],[8,23],[19,23],[5,24],[11,24],[13,24],[15,24],[22,24],[24,24]]",116,"success","success",15,2,2,0,94,0,0.1,0.1
"2026-10-09T04:57:39.992Z","benchmark","benchmark-1791521859669","seeded-medium-7001","seeded-medium-7001",3,"dstar",25,25,3,7001,0.16,0.1856,"10,16","E","22,19","[[1,0],[9,0],[13,0],[22,0],[2,1],[8,1],[12,1],[0,2],[4,2],[13,2],[14,2],[23,2],[24,2],[4,3],[8,3],[16,3],[17,3],[18,3],[1,4],[6,4],[8,4],[16,4],[23,4],[7,5],[11,5],[18,5],[1,6],[2,6],[9,6],[15,6],[17,6],[18,6],[0,7],[1,7],[8,7],[23,7],[0,8],[1,8],[3,8],[5,8],[10,8],[12,8],[18,8],[19,8],[23,8],[4,9],[6,9],[11,9],[12,9],[13,9],[18,9],[21,9],[24,9],[0,10],[4,10],[5,10],[11,10],[1,11],[2,11],[6,11],[13,11],[18,11],[20,11],[4,12],[16,12],[1,13],[10,13],[16,13],[18,13],[20,13],[4,14],[8,14],[9,14],[13,14],[15,14],[16,14],[17,14],[20,14],[10,15],[15,15],[5,16],[7,16],[15,16],[16,16],[17,16],[21,16],[22,16],[23,17],[24,17],[10,18],[16,18],[18,18],[20,18],[3,19],[24,19],[3,20],[7,20],[11,20],[23,20],[24,20],[1,21],[6,21],[15,21],[9,22],[10,22],[14,22],[18,22],[21,22],[8,23],[19,23],[5,24],[11,24],[13,24],[15,24],[22,24],[24,24]]",116,"success","success",15,2,2,0,53,0.6,0.1,0.7
"2026-10-09T04:57:39.993Z","benchmark","benchmark-1791521859669","seeded-high-1701","seeded-high-1701",3,"dstar",25,25,3,1701,0.24,0.2464,"10,16","E","22,19","[[4,0],[5,0],[6,0],[12,0],[16,0],[19,0],[21,0],[22,0],[24,0],[5,1],[9,1],[10,1],[12,1],[4,2],[6,2],[8,2],[15,2],[17,2],[18,2],[20,2],[0,3],[4,3],[6,3],[16,3],[18,3],[22,3],[5,4],[8,4],[9,4],[10,4],[11,4],[13,4],[16,4],[18,4],[22,4],[0,5],[3,5],[12,5],[14,5],[16,5],[18,5],[7,6],[12,6],[17,6],[18,6],[20,6],[21,6],[5,7],[10,7],[16,7],[18,7],[0,8],[1,8],[2,8],[13,8],[18,8],[19,8],[20,8],[23,8],[0,9],[3,9],[5,9],[8,9],[13,9],[17,9],[7,10],[8,10],[9,10],[10,10],[20,10],[3,11],[7,11],[12,11],[16,11],[22,11],[0,12],[6,12],[9,12],[13,12],[15,12],[16,12],[7,13],[12,13],[17,13],[19,13],[23,13],[0,14],[2,14],[5,14],[10,14],[20,14],[1,15],[2,15],[17,15],[18,15],[22,15],[23,15],[2,16],[3,16],[7,16],[8,16],[13,16],[0,17],[4,17],[7,17],[14,17],[15,17],[16,17],[0,18],[8,18],[9,18],[10,18],[14,18],[21,18],[22,18],[8,19],[11,19],[20,19],[12,20],[23,20],[0,21],[3,21],[4,21],[9,21],[10,21],[11,21],[12,21],[16,21],[20,21],[22,21],[2,22],[6,22],[12,22],[15,22],[16,22],[18,22],[19,22],[21,22],[3,23],[6,23],[7,23],[8,23],[9,23],[11,23],[12,23],[15,23],[19,23],[20,23],[23,23],[0,24],[9,24],[10,24],[14,24],[19,24]]",154,"success","success",21,7,8,0,83,0.5,0.6,1.1
"2026-10-09T04:57:39.993Z","benchmark","benchmark-1791521859669","seeded-high-1701","seeded-high-1701",3,"astar",25,25,3,1701,0.24,0.2464,"10,16","E","22,19","[[4,0],[5,0],[6,0],[12,0],[16,0],[19,0],[21,0],[22,0],[24,0],[5,1],[9,1],[10,1],[12,1],[4,2],[6,2],[8,2],[15,2],[17,2],[18,2],[20,2],[0,3],[4,3],[6,3],[16,3],[18,3],[22,3],[5,4],[8,4],[9,4],[10,4],[11,4],[13,4],[16,4],[18,4],[22,4],[0,5],[3,5],[12,5],[14,5],[16,5],[18,5],[7,6],[12,6],[17,6],[18,6],[20,6],[21,6],[5,7],[10,7],[16,7],[18,7],[0,8],[1,8],[2,8],[13,8],[18,8],[19,8],[20,8],[23,8],[0,9],[3,9],[5,9],[8,9],[13,9],[17,9],[7,10],[8,10],[9,10],[10,10],[20,10],[3,11],[7,11],[12,11],[16,11],[22,11],[0,12],[6,12],[9,12],[13,12],[15,12],[16,12],[7,13],[12,13],[17,13],[19,13],[23,13],[0,14],[2,14],[5,14],[10,14],[20,14],[1,15],[2,15],[17,15],[18,15],[22,15],[23,15],[2,16],[3,16],[7,16],[8,16],[13,16],[0,17],[4,17],[7,17],[14,17],[15,17],[16,17],[0,18],[8,18],[9,18],[10,18],[14,18],[21,18],[22,18],[8,19],[11,19],[20,19],[12,20],[23,20],[0,21],[3,21],[4,21],[9,21],[10,21],[11,21],[12,21],[16,21],[20,21],[22,21],[2,22],[6,22],[12,22],[15,22],[16,22],[18,22],[19,22],[21,22],[3,23],[6,23],[7,23],[8,23],[9,23],[11,23],[12,23],[15,23],[19,23],[20,23],[23,23],[0,24],[9,24],[10,24],[14,24],[19,24]]",154,"success","success",21,6,7,0,116,0.1,0.2,0.3
"2026-10-09T04:57:39.994Z","benchmark","benchmark-1791521859669","seeded-high-2718","seeded-high-2718",3,"astar",25,25,3,2718,0.24,0.224,"4,3","S","18,8","[[7,0],[8,0],[9,0],[22,0],[7,1],[9,1],[19,1],[22,1],[3,2],[13,2],[14,2],[15,2],[17,2],[18,2],[19,2],[21,2],[22,2],[0,3],[1,3],[6,3],[9,3],[10,3],[16,3],[18,3],[22,3],[23,3],[5,4],[3,5],[9,5],[14,5],[16,5],[20,5],[7,6],[8,6],[10,6],[4,7],[7,7],[11,7],[12,7],[16,7],[17,7],[7,8],[14,8],[21,8],[22,8],[24,8],[6,9],[12,9],[14,9],[15,9],[22,9],[7,10],[11,10],[17,10],[20,10],[21,10],[23,10],[0,11],[2,11],[3,11],[5,11],[6,11],[8,11],[15,11],[20,11],[5,12],[6,12],[7,12],[11,12],[12,12],[3,13],[4,13],[7,13],[13,13],[23,13],[2,14],[11,14],[17,14],[18,14],[23,14],[4,15],[6,15],[7,15],[8,15],[9,15],[12,15],[21,15],[7,16],[8,16],[9,16],[18,16],[16,17],[17,17],[20,17],[1,18],[2,18],[5,18],[10,18],[14,18],[17,18],[22,18],[1,19],[7,19],[8,19],[10,19],[19,19],[1,20],[2,20],[5,20],[6,20],[8,20],[11,20],[18,20],[21,20],[2,21],[3,21],[7,21],[11,21],[14,21],[21,21],[0,22],[4,22],[8,22],[12,22],[17,22],[0,23],[4,23],[5,23],[7,23],[15,23],[21,23],[22,23],[0,24],[3,24],[6,24],[10,24],[11,24],[12,24],[16,24],[22,24]]",140,"success","success",21,4,4,0,353,0.3,0.6,0.9
"2026-10-09T04:57:39.996Z","benchmark","benchmark-1791521859669","seeded-high-2718","seeded-high-2718",3,"dstar",25,25,3,2718,0.24,0.224,"4,3","S","18,8","[[7,0],[8,0],[9,0],[22,0],[7,1],[9,1],[19,1],[22,1],[3,2],[13,2],[14,2],[15,2],[17,2],[18,2],[19,2],[21,2],[22,2],[0,3],[1,3],[6,3],[9,3],[10,3],[16,3],[18,3],[22,3],[23,3],[5,4],[3,5],[9,5],[14,5],[16,5],[20,5],[7,6],[8,6],[10,6],[4,7],[7,7],[11,7],[12,7],[16,7],[17,7],[7,8],[14,8],[21,8],[22,8],[24,8],[6,9],[12,9],[14,9],[15,9],[22,9],[7,10],[11,10],[17,10],[20,10],[21,10],[23,10],[0,11],[2,11],[3,11],[5,11],[6,11],[8,11],[15,11],[20,11],[5,12],[6,12],[7,12],[11,12],[12,12],[3,13],[4,13],[7,13],[13,13],[23,13],[2,14],[11,14],[17,14],[18,14],[23,14],[4,15],[6,15],[7,15],[8,15],[9,15],[12,15],[21,15],[7,16],[8,16],[9,16],[18,16],[16,17],[17,17],[20,17],[1,18],[2,18],[5,18],[10,18],[14,18],[17,18],[22,18],[1,19],[7,19],[8,19],[10,19],[19,19],[1,20],[2,20],[5,20],[6,20],[8,20],[11,20],[18,20],[21,20],[2,21],[3,21],[7,21],[11,21],[14,21],[21,21],[0,22],[4,22],[8,22],[12,22],[17,22],[0,23],[4,23],[5,23],[7,23],[15,23],[21,23],[22,23],[0,24],[3,24],[6,24],[10,24],[11,24],[12,24],[16,24],[22,24]]",140,"success","success",21,4,4,0,130,0.9,0.4,1.3
"2026-10-09T04:57:39.999Z","benchmark","benchmark-1791521859669","seeded-high-3141","seeded-high-3141",3,"dstar",25,25,3,3141,0.24,0.2336,"15,6","E","17,24","[[4,0],[13,0],[14,0],[19,0],[24,0],[0,1],[1,1],[2,1],[5,1],[12,1],[14,1],[17,1],[18,1],[19,1],[3,2],[5,2],[13,2],[14,2],[1,3],[5,3],[8,3],[11,3],[13,3],[14,3],[19,3],[20,3],[21,3],[22,3],[24,3],[6,4],[14,4],[19,4],[23,4],[5,5],[9,5],[10,5],[11,5],[12,5],[14,5],[16,5],[17,5],[19,5],[22,5],[1,6],[2,6],[5,6],[7,6],[24,6],[1,7],[9,7],[13,7],[14,7],[18,7],[19,7],[21,7],[6,8],[13,8],[14,8],[17,8],[19,8],[3,9],[5,9],[6,9],[17,9],[19,9],[23,9],[0,10],[10,10],[12,10],[13,10],[0,11],[8,11],[14,11],[16,11],[21,11],[22,11],[3,12],[6,12],[15,12],[24,12],[4,13],[14,13],[19,13],[0,14],[14,14],[17,14],[18,14],[19,14],[20,14],[4,15],[6,15],[8,15],[9,15],[15,16],[17,16],[18,16],[3,17],[7,17],[12,17],[14,17],[16,17],[3,18],[7,18],[10,18],[12,18],[14,18],[16,18],[17,18],[20,18],[22,18],[24,18],[0,19],[1,19],[3,19],[4,19],[13,19],[18,19],[19,19],[5,20],[9,20],[10,20],[11,20],[12,20],[15,20],[17,20],[24,20],[0,21],[8,21],[13,21],[23,21],[3,22],[4,22],[9,22],[11,22],[12,22],[19,22],[21,22],[23,22],[10,23],[19,23],[22,23],[23,23],[2,24],[13,24],[15,24],[19,24]]",146,"success","success",48,20,20,0,217,0.7,2.8,3.5
"2026-10-09T04:57:40.001Z","benchmark","benchmark-1791521859669","seeded-high-3141","seeded-high-3141",3,"astar",25,25,3,3141,0.24,0.2336,"15,6","E","17,24","[[4,0],[13,0],[14,0],[19,0],[24,0],[0,1],[1,1],[2,1],[5,1],[12,1],[14,1],[17,1],[18,1],[19,1],[3,2],[5,2],[13,2],[14,2],[1,3],[5,3],[8,3],[11,3],[13,3],[14,3],[19,3],[20,3],[21,3],[22,3],[24,3],[6,4],[14,4],[19,4],[23,4],[5,5],[9,5],[10,5],[11,5],[12,5],[14,5],[16,5],[17,5],[19,5],[22,5],[1,6],[2,6],[5,6],[7,6],[24,6],[1,7],[9,7],[13,7],[14,7],[18,7],[19,7],[21,7],[6,8],[13,8],[14,8],[17,8],[19,8],[3,9],[5,9],[6,9],[17,9],[19,9],[23,9],[0,10],[10,10],[12,10],[13,10],[0,11],[8,11],[14,11],[16,11],[21,11],[22,11],[3,12],[6,12],[15,12],[24,12],[4,13],[14,13],[19,13],[0,14],[14,14],[17,14],[18,14],[19,14],[20,14],[4,15],[6,15],[8,15],[9,15],[15,16],[17,16],[18,16],[3,17],[7,17],[12,17],[14,17],[16,17],[3,18],[7,18],[10,18],[12,18],[14,18],[16,18],[17,18],[20,18],[22,18],[24,18],[0,19],[1,19],[3,19],[4,19],[13,19],[18,19],[19,19],[5,20],[9,20],[10,20],[11,20],[12,20],[15,20],[17,20],[24,20],[0,21],[8,21],[13,21],[23,21],[3,22],[4,22],[9,22],[11,22],[12,22],[19,22],[21,22],[23,22],[10,23],[19,23],[22,23],[23,23],[2,24],[13,24],[15,24],[19,24]]",146,"success","success",44,21,21,0,553,0.1,0.9,1
"2026-10-09T04:57:40.001Z","benchmark","benchmark-1791521859669","seeded-high-4207","seeded-high-4207",3,"astar",25,25,3,4207,0.24,0.2256,"2,7","W","0,21","[[0,0],[7,0],[10,0],[14,0],[20,0],[0,1],[2,1],[5,1],[12,1],[15,1],[17,1],[19,1],[22,1],[6,2],[8,2],[11,2],[16,2],[21,2],[23,2],[24,2],[0,3],[5,3],[9,3],[10,3],[15,3],[21,3],[1,4],[15,4],[17,4],[19,4],[24,4],[2,5],[3,5],[5,5],[7,5],[9,5],[13,5],[21,5],[23,5],[5,6],[6,6],[17,6],[18,6],[23,6],[4,7],[21,7],[12,8],[15,8],[20,8],[21,8],[23,8],[24,8],[4,9],[6,9],[9,9],[11,9],[12,9],[13,9],[14,9],[21,9],[1,10],[2,10],[3,10],[4,10],[12,10],[16,10],[2,11],[4,11],[7,11],[9,11],[11,11],[13,11],[22,11],[0,12],[3,12],[6,12],[10,12],[12,12],[13,12],[18,12],[21,12],[22,12],[23,13],[1,14],[4,14],[12,14],[17,14],[18,14],[20,14],[8,15],[11,15],[24,15],[5,16],[8,16],[11,16],[13,16],[14,16],[4,17],[5,17],[6,17],[12,17],[13,17],[14,17],[24,17],[0,18],[2,18],[4,18],[5,18],[12,18],[16,18],[18,18],[20,18],[24,18],[12,19],[16,19],[4,20],[9,20],[13,20],[18,20],[23,20],[2,21],[8,21],[11,21],[12,21],[14,21],[23,21],[0,22],[5,22],[6,22],[7,22],[9,22],[22,22],[23,22],[4,23],[7,23],[14,23],[16,23],[1,24],[11,24],[14,24],[16,24]]",141,"success","success",20,6,6,0,159,0.1,0.2,0.3
"2026-10-09T04:57:40.002Z","benchmark","benchmark-1791521859669","seeded-high-4207","seeded-high-4207",3,"dstar",25,25,3,4207,0.24,0.2256,"2,7","W","0,21","[[0,0],[7,0],[10,0],[14,0],[20,0],[0,1],[2,1],[5,1],[12,1],[15,1],[17,1],[19,1],[22,1],[6,2],[8,2],[11,2],[16,2],[21,2],[23,2],[24,2],[0,3],[5,3],[9,3],[10,3],[15,3],[21,3],[1,4],[15,4],[17,4],[19,4],[24,4],[2,5],[3,5],[5,5],[7,5],[9,5],[13,5],[21,5],[23,5],[5,6],[6,6],[17,6],[18,6],[23,6],[4,7],[21,7],[12,8],[15,8],[20,8],[21,8],[23,8],[24,8],[4,9],[6,9],[9,9],[11,9],[12,9],[13,9],[14,9],[21,9],[1,10],[2,10],[3,10],[4,10],[12,10],[16,10],[2,11],[4,11],[7,11],[9,11],[11,11],[13,11],[22,11],[0,12],[3,12],[6,12],[10,12],[12,12],[13,12],[18,12],[21,12],[22,12],[23,13],[1,14],[4,14],[12,14],[17,14],[18,14],[20,14],[8,15],[11,15],[24,15],[5,16],[8,16],[11,16],[13,16],[14,16],[4,17],[5,17],[6,17],[12,17],[13,17],[14,17],[24,17],[0,18],[2,18],[4,18],[5,18],[12,18],[16,18],[18,18],[20,18],[24,18],[12,19],[16,19],[4,20],[9,20],[13,20],[18,20],[23,20],[2,21],[8,21],[11,21],[12,21],[14,21],[23,21],[0,22],[5,22],[6,22],[7,22],[9,22],[22,22],[23,22],[4,23],[7,23],[14,23],[16,23],[1,24],[11,24],[14,24],[16,24]]",141,"success","success",20,6,6,0,66,0.3,0.8,1.1
"2026-10-09T04:57:40.003Z","benchmark","benchmark-1791521859669","seeded-high-5629","seeded-high-5629",3,"dstar",25,25,3,5629,0.24,0.232,"6,24","E","11,20","[[3,0],[6,0],[12,0],[14,0],[16,0],[24,0],[14,1],[18,1],[20,1],[22,1],[23,1],[11,2],[12,2],[14,2],[21,2],[22,2],[23,2],[24,2],[0,3],[1,3],[6,3],[11,3],[12,3],[13,3],[20,3],[21,3],[22,3],[23,3],[24,3],[0,4],[1,4],[7,4],[8,4],[11,4],[15,4],[18,4],[22,4],[1,5],[18,5],[19,5],[20,5],[14,6],[2,7],[5,7],[15,7],[17,7],[19,7],[21,7],[24,7],[1,8],[5,8],[8,8],[11,8],[14,8],[22,8],[23,8],[0,9],[5,9],[10,9],[11,9],[12,9],[20,9],[22,9],[2,10],[3,10],[4,10],[17,10],[21,10],[22,10],[24,10],[0,11],[5,11],[6,11],[7,11],[12,11],[14,11],[16,11],[20,11],[2,12],[3,12],[6,12],[11,12],[13,13],[18,13],[3,14],[4,14],[7,14],[9,14],[11,14],[15,14],[21,14],[3,15],[11,15],[14,15],[15,15],[18,15],[19,15],[23,15],[1,16],[13,16],[15,16],[2,17],[3,17],[4,17],[9,17],[13,17],[14,17],[17,17],[22,17],[23,17],[5,18],[12,18],[17,18],[20,18],[6,19],[19,19],[4,20],[6,20],[7,20],[19,20],[22,20],[23,20],[8,21],[14,21],[15,21],[16,21],[17,21],[10,22],[14,22],[17,22],[19,22],[3,23],[4,23],[11,23],[12,23],[17,23],[24,23],[7,24],[9,24],[11,24],[12,24],[14,24],[15,24],[22,24],[24,24]]",145,"success","success",11,4,5,0,43,0.5,0.4,0.9
"2026-10-09T04:57:40.004Z","benchmark","benchmark-1791521859669","seeded-high-5629","seeded-high-5629",3,"astar",25,25,3,5629,0.24,0.232,"6,24","E","11,20","[[3,0],[6,0],[12,0],[14,0],[16,0],[24,0],[14,1],[18,1],[20,1],[22,1],[23,1],[11,2],[12,2],[14,2],[21,2],[22,2],[23,2],[24,2],[0,3],[1,3],[6,3],[11,3],[12,3],[13,3],[20,3],[21,3],[22,3],[23,3],[24,3],[0,4],[1,4],[7,4],[8,4],[11,4],[15,4],[18,4],[22,4],[1,5],[18,5],[19,5],[20,5],[14,6],[2,7],[5,7],[15,7],[17,7],[19,7],[21,7],[24,7],[1,8],[5,8],[8,8],[11,8],[14,8],[22,8],[23,8],[0,9],[5,9],[10,9],[11,9],[12,9],[20,9],[22,9],[2,10],[3,10],[4,10],[17,10],[21,10],[22,10],[24,10],[0,11],[5,11],[6,11],[7,11],[12,11],[14,11],[16,11],[20,11],[2,12],[3,12],[6,12],[11,12],[13,13],[18,13],[3,14],[4,14],[7,14],[9,14],[11,14],[15,14],[21,14],[3,15],[11,15],[14,15],[15,15],[18,15],[19,15],[23,15],[1,16],[13,16],[15,16],[2,17],[3,17],[4,17],[9,17],[13,17],[14,17],[17,17],[22,17],[23,17],[5,18],[12,18],[17,18],[20,18],[6,19],[19,19],[4,20],[6,20],[7,20],[19,20],[22,20],[23,20],[8,21],[14,21],[15,21],[16,21],[17,21],[10,22],[14,22],[17,22],[19,22],[3,23],[4,23],[11,23],[12,23],[17,23],[24,23],[7,24],[9,24],[11,24],[12,24],[14,24],[15,24],[22,24],[24,24]]",145,"success","success",11,4,5,0,73,0.1,0.1,0.2
"2026-10-09T04:57:40.004Z","benchmark","benchmark-1791521859669","seeded-high-7001","seeded-high-7001",3,"astar",25,25,3,7001,0.24,0.2752,"10,16","E","22,19","[[1,0],[9,0],[13,0],[14,0],[20,0],[22,0],[2,1],[8,1],[12,1],[15,1],[0,2],[4,2],[13,2],[14,2],[18,2],[23,2],[24,2],[2,3],[4,3],[6,3],[8,3],[12,3],[14,3],[16,3],[17,3],[18,3],[1,4],[4,4],[6,4],[7,4],[8,4],[10,4],[16,4],[20,4],[23,4],[7,5],[11,5],[13,5],[15,5],[18,5],[20,5],[1,6],[2,6],[9,6],[15,6],[16,6],[17,6],[18,6],[0,7],[1,7],[2,7],[4,7],[8,7],[18,7],[23,7],[0,8],[1,8],[2,8],[3,8],[5,8],[10,8],[12,8],[18,8],[19,8],[23,8],[4,9],[6,9],[11,9],[12,9],[13,9],[18,9],[21,9],[24,9],[0,10],[4,10],[5,10],[11,10],[14,10],[18,10],[1,11],[2,11],[6,11],[7,11],[13,11],[18,11],[20,11],[21,11],[23,11],[4,12],[5,12],[9,12],[16,12],[1,13],[3,13],[10,13],[15,13],[16,13],[17,13],[18,13],[20,13],[0,14],[4,14],[8,14],[9,14],[13,14],[15,14],[16,14],[17,14],[20,14],[5,15],[10,15],[15,15],[19,15],[21,15],[4,16],[5,16],[7,16],[13,16],[15,16],[16,16],[17,16],[21,16],[22,16],[23,16],[23,17],[24,17],[2,18],[10,18],[13,18],[15,18],[16,18],[18,18],[20,18],[3,19],[5,19],[7,19],[10,19],[24,19],[3,20],[7,20],[9,20],[10,20],[11,20],[23,20],[24,20],[1,21],[6,21],[7,21],[10,21],[15,21],[19,21],[23,21],[2,22],[8,22],[9,22],[10,22],[11,22],[12,22],[14,22],[18,22],[21,22],[8,23],[11,23],[12,23],[19,23],[5,24],[11,24],[12,24],[13,24],[15,24],[22,24],[24,24]]",172,"success","success",15,1,2,0,49,0.1,0,0.1
"2026-10-09T04:57:40.004Z","benchmark","benchmark-1791521859669","seeded-high-7001","seeded-high-7001",3,"dstar",25,25,3,7001,0.24,0.2752,"10,16","E","22,19","[[1,0],[9,0],[13,0],[14,0],[20,0],[22,0],[2,1],[8,1],[12,1],[15,1],[0,2],[4,2],[13,2],[14,2],[18,2],[23,2],[24,2],[2,3],[4,3],[6,3],[8,3],[12,3],[14,3],[16,3],[17,3],[18,3],[1,4],[4,4],[6,4],[7,4],[8,4],[10,4],[16,4],[20,4],[23,4],[7,5],[11,5],[13,5],[15,5],[18,5],[20,5],[1,6],[2,6],[9,6],[15,6],[16,6],[17,6],[18,6],[0,7],[1,7],[2,7],[4,7],[8,7],[18,7],[23,7],[0,8],[1,8],[2,8],[3,8],[5,8],[10,8],[12,8],[18,8],[19,8],[23,8],[4,9],[6,9],[11,9],[12,9],[13,9],[18,9],[21,9],[24,9],[0,10],[4,10],[5,10],[11,10],[14,10],[18,10],[1,11],[2,11],[6,11],[7,11],[13,11],[18,11],[20,11],[21,11],[23,11],[4,12],[5,12],[9,12],[16,12],[1,13],[3,13],[10,13],[15,13],[16,13],[17,13],[18,13],[20,13],[0,14],[4,14],[8,14],[9,14],[13,14],[15,14],[16,14],[17,14],[20,14],[5,15],[10,15],[15,15],[19,15],[21,15],[4,16],[5,16],[7,16],[13,16],[15,16],[16,16],[17,16],[21,16],[22,16],[23,16],[23,17],[24,17],[2,18],[10,18],[13,18],[15,18],[16,18],[18,18],[20,18],[3,19],[5,19],[7,19],[10,19],[24,19],[3,20],[7,20],[9,20],[10,20],[11,20],[23,20],[24,20],[1,21],[6,21],[7,21],[10,21],[15,21],[19,21],[23,21],[2,22],[8,22],[9,22],[10,22],[11,22],[12,22],[14,22],[18,22],[21,22],[8,23],[11,23],[12,23],[19,23],[5,24],[11,24],[12,24],[13,24],[15,24],[22,24],[24,24]]",172,"success","success",15,1,2,0,51,0.5,0.1,0.6
"2026-10-09T04:57:40.006Z","benchmark","benchmark-1791521859669","open","open",4,"astar",25,25,3,"","",0,"1,22","E","23,2","[]",0,"success","success",42,0,0,0,482,1,0,1
"2026-10-09T04:57:40.011Z","benchmark","benchmark-1791521859669","open","open",4,"dstar",25,25,3,"","",0,"1,22","E","23,2","[]",0,"success","success",42,0,0,0,483,5.1,0,5.1
"2026-10-09T04:57:40.012Z","benchmark","benchmark-1791521859669","blocker","blocker",4,"dstar",25,25,3,"","",0.0016,"1,12","E","23,12","[[12,12]]",1,"success","success",24,1,1,0,62,0.4,0.3,0.7
"2026-10-09T04:57:40.012Z","benchmark","benchmark-1791521859669","blocker","blocker",4,"astar",25,25,3,"","",0.0016,"1,12","E","23,12","[[12,12]]",1,"success","success",24,1,1,0,66,0,0,0
"2026-10-09T04:57:40.016Z","benchmark","benchmark-1791521859669","detour","detour",4,"astar",25,25,3,"","",0.0384,"1,12","E","23,12","[[12,0],[12,1],[12,2],[12,3],[12,4],[12,6],[12,7],[12,8],[12,9],[12,10],[12,11],[12,12],[12,13],[12,14],[12,15],[12,16],[12,17],[12,18],[12,19],[12,20],[12,21],[12,22],[12,23],[12,24]]",24,"success","success",62,19,19,0,1726,0,4.6,4.6
"2026-10-09T04:57:40.019Z","benchmark","benchmark-1791521859669","detour","detour",4,"dstar",25,25,3,"","",0.0384,"1,12","E","23,12","[[12,0],[12,1],[12,2],[12,3],[12,4],[12,6],[12,7],[12,8],[12,9],[12,10],[12,11],[12,12],[12,13],[12,14],[12,15],[12,16],[12,17],[12,18],[12,19],[12,20],[12,21],[12,22],[12,23],[12,24]]",24,"success","success",36,7,7,0,200,0.3,2.3,2.6
"2026-10-09T04:57:40.026Z","benchmark","benchmark-1791521859669","corridor","corridor",4,"dstar",25,25,3,"","",0.0768,"1,20","E","23,5","[[8,0],[17,0],[8,1],[17,1],[8,2],[17,2],[8,3],[17,3],[8,4],[17,4],[8,5],[8,6],[17,6],[8,7],[17,7],[8,8],[17,8],[8,9],[17,9],[8,10],[17,10],[8,11],[17,11],[8,12],[17,12],[8,13],[17,13],[8,14],[17,14],[8,15],[17,15],[8,16],[17,16],[8,17],[17,17],[8,18],[17,18],[8,19],[17,19],[17,20],[8,21],[17,21],[8,22],[17,22],[8,23],[17,23],[8,24],[17,24]]",48,"success","success",77,20,20,0,596,3.8,3.4,7.2
"2026-10-09T04:57:40.034Z","benchmark","benchmark-1791521859669","corridor","corridor",4,"astar",25,25,3,"","",0.0768,"1,20","E","23,5","[[8,0],[17,0],[8,1],[17,1],[8,2],[17,2],[8,3],[17,3],[8,4],[17,4],[8,5],[8,6],[17,6],[8,7],[17,7],[8,8],[17,8],[8,9],[17,9],[8,10],[17,10],[8,11],[17,11],[8,12],[17,12],[8,13],[17,13],[8,14],[17,14],[8,15],[17,15],[8,16],[17,16],[8,17],[17,17],[8,18],[17,18],[8,19],[17,19],[17,20],[8,21],[17,21],[8,22],[17,22],[8,23],[17,23],[8,24],[17,24]]",48,"success","success",69,16,16,0,2751,0.9,6.5,7.4
"2026-10-09T04:57:40.055Z","benchmark","benchmark-1791521859669","maze","maze",4,"astar",25,25,3,"","",0.192,"1,23","E","23,1","[[3,0],[7,0],[11,0],[15,0],[19,0],[7,1],[15,1],[3,2],[7,2],[11,2],[15,2],[19,2],[3,3],[7,3],[11,3],[15,3],[19,3],[3,4],[7,4],[11,4],[15,4],[19,4],[3,5],[7,5],[11,5],[15,5],[19,5],[3,6],[7,6],[11,6],[15,6],[19,6],[3,7],[7,7],[11,7],[15,7],[19,7],[3,8],[7,8],[11,8],[15,8],[19,8],[3,9],[7,9],[11,9],[15,9],[19,9],[3,10],[7,10],[11,10],[15,10],[19,10],[3,11],[7,11],[11,11],[15,11],[19,11],[3,12],[7,12],[11,12],[15,12],[19,12],[3,13],[7,13],[11,13],[15,13],[19,13],[3,14],[7,14],[11,14],[15,14],[19,14],[3,15],[7,15],[11,15],[15,15],[19,15],[3,16],[7,16],[11,16],[15,16],[19,16],[3,17],[7,17],[11,17],[15,17],[19,17],[3,18],[7,18],[11,18],[15,18],[19,18],[3,19],[7,19],[11,19],[15,19],[19,19],[3,20],[7,20],[11,20],[15,20],[19,20],[3,21],[7,21],[11,21],[15,21],[19,21],[3,22],[7,22],[11,22],[15,22],[19,22],[3,23],[11,23],[19,23],[3,24],[7,24],[11,24],[15,24],[19,24]]",120,"success","success",136,46,47,0,8303,1.9,18.6,20.5
"2026-10-09T04:57:40.069Z","benchmark","benchmark-1791521859669","maze","maze",4,"dstar",25,25,3,"","",0.192,"1,23","E","23,1","[[3,0],[7,0],[11,0],[15,0],[19,0],[7,1],[15,1],[3,2],[7,2],[11,2],[15,2],[19,2],[3,3],[7,3],[11,3],[15,3],[19,3],[3,4],[7,4],[11,4],[15,4],[19,4],[3,5],[7,5],[11,5],[15,5],[19,5],[3,6],[7,6],[11,6],[15,6],[19,6],[3,7],[7,7],[11,7],[15,7],[19,7],[3,8],[7,8],[11,8],[15,8],[19,8],[3,9],[7,9],[11,9],[15,9],[19,9],[3,10],[7,10],[11,10],[15,10],[19,10],[3,11],[7,11],[11,11],[15,11],[19,11],[3,12],[7,12],[11,12],[15,12],[19,12],[3,13],[7,13],[11,13],[15,13],[19,13],[3,14],[7,14],[11,14],[15,14],[19,14],[3,15],[7,15],[11,15],[15,15],[19,15],[3,16],[7,16],[11,16],[15,16],[19,16],[3,17],[7,17],[11,17],[15,17],[19,17],[3,18],[7,18],[11,18],[15,18],[19,18],[3,19],[7,19],[11,19],[15,19],[19,19],[3,20],[7,20],[11,20],[15,20],[19,20],[3,21],[7,21],[11,21],[15,21],[19,21],[3,22],[7,22],[11,22],[15,22],[19,22],[3,23],[11,23],[19,23],[3,24],[7,24],[11,24],[15,24],[19,24]]",120,"success","success",136,46,47,0,812,5.9,7.9,13.8
"2026-10-09T04:57:40.077Z","benchmark","benchmark-1791521859669","no-route","no-route",4,"dstar",25,25,3,"","",0.04,"1,12","E","23,12","[[12,0],[12,1],[12,2],[12,3],[12,4],[12,5],[12,6],[12,7],[12,8],[12,9],[12,10],[12,11],[12,12],[12,13],[12,14],[12,15],[12,16],[12,17],[12,18],[12,19],[12,20],[12,21],[12,22],[12,23],[12,24]]",25,"no_route","no_route",46,25,25,0,572,0.2,8.1,8.3
"2026-10-09T04:57:40.082Z","benchmark","benchmark-1791521859669","no-route","no-route",4,"astar",25,25,3,"","",0.04,"1,12","E","23,12","[[12,0],[12,1],[12,2],[12,3],[12,4],[12,5],[12,6],[12,7],[12,8],[12,9],[12,10],[12,11],[12,12],[12,13],[12,14],[12,15],[12,16],[12,17],[12,18],[12,19],[12,20],[12,21],[12,22],[12,23],[12,24]]",25,"no_route","no_route",48,25,25,0,2741,0.1,4.8,4.9
"2026-10-09T04:57:40.082Z","benchmark","benchmark-1791521859669","seeded-low-1701","seeded-low-1701",4,"astar",25,25,3,1701,0.08,0.0832,"10,16","E","22,19","[[16,0],[9,1],[12,1],[17,2],[18,2],[5,4],[14,5],[12,6],[17,6],[21,6],[5,7],[16,7],[18,7],[1,8],[19,8],[20,8],[0,9],[0,12],[9,12],[13,12],[15,12],[17,13],[23,13],[5,14],[10,14],[20,14],[17,15],[18,15],[22,15],[2,16],[7,16],[8,16],[13,16],[4,17],[7,17],[14,17],[15,17],[8,19],[11,21],[12,21],[16,21],[20,21],[6,22],[12,22],[19,22],[3,23],[6,23],[15,23],[0,24],[9,24],[14,24],[19,24]]",52,"success","success",15,1,2,0,64,0.1,0,0.1
"2026-10-09T04:57:40.083Z","benchmark","benchmark-1791521859669","seeded-low-1701","seeded-low-1701",4,"dstar",25,25,3,1701,0.08,0.0832,"10,16","E","22,19","[[16,0],[9,1],[12,1],[17,2],[18,2],[5,4],[14,5],[12,6],[17,6],[21,6],[5,7],[16,7],[18,7],[1,8],[19,8],[20,8],[0,9],[0,12],[9,12],[13,12],[15,12],[17,13],[23,13],[5,14],[10,14],[20,14],[17,15],[18,15],[22,15],[2,16],[7,16],[8,16],[13,16],[4,17],[7,17],[14,17],[15,17],[8,19],[11,21],[12,21],[16,21],[20,21],[6,22],[12,22],[19,22],[3,23],[6,23],[15,23],[0,24],[9,24],[14,24],[19,24]]",52,"success","success",15,1,2,0,52,0.5,0,0.5
"2026-10-09T04:57:40.084Z","benchmark","benchmark-1791521859669","seeded-low-2718","seeded-low-2718",4,"dstar",25,25,3,2718,0.08,0.0736,"4,3","S","18,8","[[7,1],[22,1],[15,2],[19,2],[22,2],[0,3],[1,3],[18,3],[22,3],[9,5],[20,5],[12,7],[14,8],[21,8],[22,8],[24,8],[12,9],[22,9],[7,10],[21,10],[8,11],[20,11],[5,12],[6,12],[12,12],[13,13],[23,13],[18,14],[23,14],[8,15],[12,15],[9,16],[16,17],[17,17],[20,17],[1,18],[1,19],[10,19],[1,20],[2,20],[8,20],[7,21],[21,21],[0,24],[3,24],[6,24]]",46,"success","success",19,1,1,0,91,1.2,0,1.2
"2026-10-09T04:57:40.085Z","benchmark","benchmark-1791521859669","seeded-low-2718","seeded-low-2718",4,"astar",25,25,3,2718,0.08,0.0736,"4,3","S","18,8","[[7,1],[22,1],[15,2],[19,2],[22,2],[0,3],[1,3],[18,3],[22,3],[9,5],[20,5],[12,7],[14,8],[21,8],[22,8],[24,8],[12,9],[22,9],[7,10],[21,10],[8,11],[20,11],[5,12],[6,12],[12,12],[13,13],[23,13],[18,14],[23,14],[8,15],[12,15],[9,16],[16,17],[17,17],[20,17],[1,18],[1,19],[10,19],[1,20],[2,20],[8,20],[7,21],[21,21],[0,24],[3,24],[6,24]]",46,"success","success",19,1,1,0,111,0.1,0,0.1
"2026-10-09T04:57:40.085Z","benchmark","benchmark-1791521859669","seeded-low-3141","seeded-low-3141",4,"astar",25,25,3,3141,0.08,0.088,"15,6","E","17,24","[[13,0],[14,0],[19,0],[17,1],[3,2],[14,2],[8,3],[11,3],[19,3],[21,3],[24,3],[14,4],[19,4],[5,5],[9,5],[12,5],[17,5],[19,5],[22,5],[2,6],[9,7],[13,7],[14,7],[18,7],[13,8],[14,8],[3,9],[6,9],[8,11],[21,11],[22,11],[3,12],[24,12],[14,13],[19,14],[20,14],[4,15],[15,16],[18,16],[7,18],[16,18],[20,18],[22,18],[0,19],[3,19],[10,20],[12,20],[24,20],[13,21],[12,22],[23,22],[10,23],[19,23],[22,23],[2,24]]",55,"success","success",20,0,0,0,56,0.5,0,0.5
"2026-10-09T04:57:40.086Z","benchmark","benchmark-1791521859669","seeded-low-3141","seeded-low-3141",4,"dstar",25,25,3,3141,0.08,0.088,"15,6","E","17,24","[[13,0],[14,0],[19,0],[17,1],[3,2],[14,2],[8,3],[11,3],[19,3],[21,3],[24,3],[14,4],[19,4],[5,5],[9,5],[12,5],[17,5],[19,5],[22,5],[2,6],[9,7],[13,7],[14,7],[18,7],[13,8],[14,8],[3,9],[6,9],[8,11],[21,11],[22,11],[3,12],[24,12],[14,13],[19,14],[20,14],[4,15],[15,16],[18,16],[7,18],[16,18],[20,18],[22,18],[0,19],[3,19],[10,20],[12,20],[24,20],[13,21],[12,22],[23,22],[10,23],[19,23],[22,23],[2,24]]",55,"success","success",20,0,0,0,57,0.7,0,0.7
"2026-10-09T04:57:40.086Z","benchmark","benchmark-1791521859669","seeded-low-4207","seeded-low-4207",4,"dstar",25,25,3,4207,0.08,0.0768,"2,7","W","0,21","[[7,0],[14,0],[5,1],[12,1],[17,1],[11,2],[21,2],[24,2],[0,3],[5,3],[10,3],[15,3],[1,4],[15,4],[19,4],[23,5],[4,7],[21,7],[4,9],[9,9],[12,9],[21,9],[12,10],[7,11],[22,11],[10,12],[18,12],[17,14],[8,15],[11,15],[11,16],[4,17],[12,17],[14,17],[0,18],[2,18],[4,18],[5,18],[18,18],[20,18],[24,18],[13,20],[8,21],[11,21],[14,21],[5,22],[7,23],[11,24]]",48,"success","success",16,1,1,0,46,0.4,0,0.4
"2026-10-09T04:57:40.086Z","benchmark","benchmark-1791521859669","seeded-low-4207","seeded-low-4207",4,"astar",25,25,3,4207,0.08,0.0768,"2,7","W","0,21","[[7,0],[14,0],[5,1],[12,1],[17,1],[11,2],[21,2],[24,2],[0,3],[5,3],[10,3],[15,3],[1,4],[15,4],[19,4],[23,5],[4,7],[21,7],[4,9],[9,9],[12,9],[21,9],[12,10],[7,11],[22,11],[10,12],[18,12],[17,14],[8,15],[11,15],[11,16],[4,17],[12,17],[14,17],[0,18],[2,18],[4,18],[5,18],[18,18],[20,18],[24,18],[13,20],[8,21],[11,21],[14,21],[5,22],[7,23],[11,24]]",48,"success","success",16,1,1,0,60,0,0,0
"2026-10-09T04:57:40.087Z","benchmark","benchmark-1791521859669","seeded-low-5629","seeded-low-5629",4,"astar",25,25,3,5629,0.08,0.0864,"6,24","E","11,20","[[12,2],[14,2],[23,2],[1,3],[12,3],[21,3],[23,3],[1,4],[8,4],[15,4],[18,4],[14,6],[5,7],[17,7],[1,8],[0,9],[5,9],[10,9],[11,9],[12,9],[20,9],[2,10],[4,10],[21,10],[0,11],[7,11],[16,11],[20,11],[6,12],[11,12],[13,13],[7,14],[9,14],[11,14],[21,14],[23,15],[1,16],[15,16],[14,17],[17,17],[12,18],[17,18],[20,18],[6,20],[15,21],[16,21],[10,22],[17,22],[19,22],[3,23],[12,23],[7,24],[11,24],[14,24]]",54,"success","success",9,1,2,0,46,0,0,0
"2026-10-09T04:57:40.087Z","benchmark","benchmark-1791521859669","seeded-low-5629","seeded-low-5629",4,"dstar",25,25,3,5629,0.08,0.0864,"6,24","E","11,20","[[12,2],[14,2],[23,2],[1,3],[12,3],[21,3],[23,3],[1,4],[8,4],[15,4],[18,4],[14,6],[5,7],[17,7],[1,8],[0,9],[5,9],[10,9],[11,9],[12,9],[20,9],[2,10],[4,10],[21,10],[0,11],[7,11],[16,11],[20,11],[6,12],[11,12],[13,13],[7,14],[9,14],[11,14],[21,14],[23,15],[1,16],[15,16],[14,17],[17,17],[12,18],[17,18],[20,18],[6,20],[15,21],[16,21],[10,22],[17,22],[19,22],[3,23],[12,23],[7,24],[11,24],[14,24]]",54,"success","success",9,1,2,0,30,0.2,0.1,0.3
"2026-10-09T04:57:40.087Z","benchmark","benchmark-1791521859669","seeded-low-7001","seeded-low-7001",4,"dstar",25,25,3,7001,0.08,0.1008,"10,16","E","22,19","[[1,0],[9,0],[8,1],[12,1],[0,2],[13,2],[14,2],[23,2],[24,2],[4,3],[8,3],[17,3],[16,4],[7,5],[11,5],[18,5],[1,6],[15,6],[18,6],[0,7],[8,7],[1,8],[5,8],[18,8],[19,8],[23,8],[4,9],[11,9],[0,10],[5,10],[11,10],[6,11],[13,11],[4,12],[16,12],[1,13],[18,13],[20,13],[4,14],[9,14],[13,14],[10,15],[5,16],[7,16],[15,16],[16,16],[24,17],[16,18],[18,18],[20,18],[7,20],[11,20],[23,20],[24,20],[1,21],[15,21],[9,22],[14,22],[18,22],[8,23],[19,23],[5,24],[11,24]]",63,"success","success",15,2,2,0,53,0.5,0.1,0.6
"2026-10-09T04:57:40.088Z","benchmark","benchmark-1791521859669","seeded-low-7001","seeded-low-7001",4,"astar",25,25,3,7001,0.08,0.1008,"10,16","E","22,19","[[1,0],[9,0],[8,1],[12,1],[0,2],[13,2],[14,2],[23,2],[24,2],[4,3],[8,3],[17,3],[16,4],[7,5],[11,5],[18,5],[1,6],[15,6],[18,6],[0,7],[8,7],[1,8],[5,8],[18,8],[19,8],[23,8],[4,9],[11,9],[0,10],[5,10],[11,10],[6,11],[13,11],[4,12],[16,12],[1,13],[18,13],[20,13],[4,14],[9,14],[13,14],[10,15],[5,16],[7,16],[15,16],[16,16],[24,17],[16,18],[18,18],[20,18],[7,20],[11,20],[23,20],[24,20],[1,21],[15,21],[9,22],[14,22],[18,22],[8,23],[19,23],[5,24],[11,24]]",63,"success","success",15,2,2,0,91,0,0.1,0.1
"2026-10-09T04:57:40.088Z","benchmark","benchmark-1791521859669","seeded-medium-1701","seeded-medium-1701",4,"astar",25,25,3,1701,0.16,0.1856,"10,16","E","22,19","[[4,0],[6,0],[12,0],[16,0],[19,0],[24,0],[9,1],[10,1],[12,1],[4,2],[8,2],[15,2],[17,2],[18,2],[0,3],[18,3],[5,4],[10,4],[11,4],[22,4],[14,5],[18,5],[7,6],[12,6],[17,6],[18,6],[20,6],[21,6],[5,7],[10,7],[16,7],[18,7],[0,8],[1,8],[2,8],[13,8],[19,8],[20,8],[0,9],[5,9],[8,9],[13,9],[17,9],[7,10],[8,10],[10,10],[20,10],[3,11],[16,11],[22,11],[0,12],[6,12],[9,12],[13,12],[15,12],[16,12],[7,13],[12,13],[17,13],[19,13],[23,13],[0,14],[5,14],[10,14],[20,14],[1,15],[2,15],[17,15],[18,15],[22,15],[23,15],[2,16],[3,16],[7,16],[8,16],[13,16],[0,17],[4,17],[7,17],[14,17],[15,17],[9,18],[10,18],[14,18],[21,18],[22,18],[8,19],[11,19],[20,19],[12,20],[0,21],[3,21],[9,21],[11,21],[12,21],[16,21],[20,21],[22,21],[6,22],[12,22],[15,22],[16,22],[19,22],[21,22],[3,23],[6,23],[7,23],[8,23],[9,23],[12,23],[15,23],[19,23],[0,24],[9,24],[14,24],[19,24]]",116,"success","success",21,5,6,0,112,0,0.2,0.2
"2026-10-09T04:57:40.089Z","benchmark","benchmark-1791521859669","seeded-medium-1701","seeded-medium-1701",4,"dstar",25,25,3,1701,0.16,0.1856,"10,16","E","22,19","[[4,0],[6,0],[12,0],[16,0],[19,0],[24,0],[9,1],[10,1],[12,1],[4,2],[8,2],[15,2],[17,2],[18,2],[0,3],[18,3],[5,4],[10,4],[11,4],[22,4],[14,5],[18,5],[7,6],[12,6],[17,6],[18,6],[20,6],[21,6],[5,7],[10,7],[16,7],[18,7],[0,8],[1,8],[2,8],[13,8],[19,8],[20,8],[0,9],[5,9],[8,9],[13,9],[17,9],[7,10],[8,10],[10,10],[20,10],[3,11],[16,11],[22,11],[0,12],[6,12],[9,12],[13,12],[15,12],[16,12],[7,13],[12,13],[17,13],[19,13],[23,13],[0,14],[5,14],[10,14],[20,14],[1,15],[2,15],[17,15],[18,15],[22,15],[23,15],[2,16],[3,16],[7,16],[8,16],[13,16],[0,17],[4,17],[7,17],[14,17],[15,17],[9,18],[10,18],[14,18],[21,18],[22,18],[8,19],[11,19],[20,19],[12,20],[0,21],[3,21],[9,21],[11,21],[12,21],[16,21],[20,21],[22,21],[6,22],[12,22],[15,22],[16,22],[19,22],[21,22],[3,23],[6,23],[7,23],[8,23],[9,23],[12,23],[15,23],[19,23],[0,24],[9,24],[14,24],[19,24]]",116,"success","success",21,6,7,0,83,0.5,0.5,1
"2026-10-09T04:57:40.090Z","benchmark","benchmark-1791521859669","seeded-medium-2718","seeded-medium-2718",4,"dstar",25,25,3,2718,0.16,0.1504,"4,3","S","18,8","[[7,0],[9,0],[7,1],[9,1],[22,1],[14,2],[15,2],[17,2],[18,2],[19,2],[22,2],[0,3],[1,3],[6,3],[9,3],[10,3],[16,3],[18,3],[22,3],[3,5],[9,5],[14,5],[16,5],[20,5],[11,7],[12,7],[16,7],[17,7],[7,8],[14,8],[21,8],[22,8],[24,8],[12,9],[14,9],[15,9],[22,9],[7,10],[20,10],[21,10],[5,11],[8,11],[15,11],[20,11],[5,12],[6,12],[11,12],[12,12],[4,13],[13,13],[23,13],[18,14],[23,14],[6,15],[8,15],[9,15],[12,15],[21,15],[8,16],[9,16],[16,17],[17,17],[20,17],[1,18],[10,18],[1,19],[7,19],[8,19],[10,19],[19,19],[1,20],[2,20],[8,20],[11,20],[18,20],[21,20],[7,21],[11,21],[14,21],[21,21],[0,22],[4,22],[12,22],[17,22],[0,23],[4,23],[7,23],[22,23],[0,24],[3,24],[6,24],[10,24],[11,24],[22,24]]",94,"success","success",19,1,1,0,91,0.7,0.1,0.8
"2026-10-09T04:57:40.091Z","benchmark","benchmark-1791521859669","seeded-medium-2718","seeded-medium-2718",4,"astar",25,25,3,2718,0.16,0.1504,"4,3","S","18,8","[[7,0],[9,0],[7,1],[9,1],[22,1],[14,2],[15,2],[17,2],[18,2],[19,2],[22,2],[0,3],[1,3],[6,3],[9,3],[10,3],[16,3],[18,3],[22,3],[3,5],[9,5],[14,5],[16,5],[20,5],[11,7],[12,7],[16,7],[17,7],[7,8],[14,8],[21,8],[22,8],[24,8],[12,9],[14,9],[15,9],[22,9],[7,10],[20,10],[21,10],[5,11],[8,11],[15,11],[20,11],[5,12],[6,12],[11,12],[12,12],[4,13],[13,13],[23,13],[18,14],[23,14],[6,15],[8,15],[9,15],[12,15],[21,15],[8,16],[9,16],[16,17],[17,17],[20,17],[1,18],[10,18],[1,19],[7,19],[8,19],[10,19],[19,19],[1,20],[2,20],[8,20],[11,20],[18,20],[21,20],[7,21],[11,21],[14,21],[21,21],[0,22],[4,22],[12,22],[17,22],[0,23],[4,23],[7,23],[22,23],[0,24],[3,24],[6,24],[10,24],[11,24],[22,24]]",94,"success","success",19,1,1,0,165,0.2,0.5,0.7
"2026-10-09T04:57:40.092Z","benchmark","benchmark-1791521859669","seeded-medium-3141","seeded-medium-3141",4,"astar",25,25,3,3141,0.16,0.1552,"15,6","E","17,24","[[4,0],[13,0],[14,0],[19,0],[0,1],[1,1],[2,1],[12,1],[17,1],[3,2],[5,2],[14,2],[5,3],[8,3],[11,3],[13,3],[14,3],[19,3],[20,3],[21,3],[22,3],[24,3],[6,4],[14,4],[19,4],[5,5],[9,5],[12,5],[14,5],[17,5],[19,5],[22,5],[2,6],[24,6],[9,7],[13,7],[14,7],[18,7],[19,7],[6,8],[13,8],[14,8],[17,8],[19,8],[3,9],[5,9],[6,9],[17,9],[19,9],[23,9],[10,10],[12,10],[13,10],[0,11],[8,11],[14,11],[21,11],[22,11],[3,12],[6,12],[24,12],[14,13],[0,14],[18,14],[19,14],[20,14],[4,15],[6,15],[15,16],[18,16],[12,17],[14,17],[7,18],[16,18],[17,18],[20,18],[22,18],[0,19],[3,19],[4,19],[10,20],[11,20],[12,20],[15,20],[24,20],[0,21],[8,21],[13,21],[12,22],[19,22],[23,22],[10,23],[19,23],[22,23],[2,24],[13,24],[19,24]]",97,"success","success",24,5,5,0,241,0.1,0.6,0.7
"2026-10-09T04:57:40.094Z","benchmark","benchmark-1791521859669","seeded-medium-3141","seeded-medium-3141",4,"dstar",25,25,3,3141,0.16,0.1552,"15,6","E","17,24","[[4,0],[13,0],[14,0],[19,0],[0,1],[1,1],[2,1],[12,1],[17,1],[3,2],[5,2],[14,2],[5,3],[8,3],[11,3],[13,3],[14,3],[19,3],[20,3],[21,3],[22,3],[24,3],[6,4],[14,4],[19,4],[5,5],[9,5],[12,5],[14,5],[17,5],[19,5],[22,5],[2,6],[24,6],[9,7],[13,7],[14,7],[18,7],[19,7],[6,8],[13,8],[14,8],[17,8],[19,8],[3,9],[5,9],[6,9],[17,9],[19,9],[23,9],[10,10],[12,10],[13,10],[0,11],[8,11],[14,11],[21,11],[22,11],[3,12],[6,12],[24,12],[14,13],[0,14],[18,14],[19,14],[20,14],[4,15],[6,15],[15,16],[18,16],[12,17],[14,17],[7,18],[16,18],[17,18],[20,18],[22,18],[0,19],[3,19],[4,19],[10,20],[11,20],[12,20],[15,20],[24,20],[0,21],[8,21],[13,21],[12,22],[19,22],[23,22],[10,23],[19,23],[22,23],[2,24],[13,24],[19,24]]",97,"success","success",30,9,9,0,140,0.5,1.4,1.9
"2026-10-09T04:57:40.094Z","benchmark","benchmark-1791521859669","seeded-medium-4207","seeded-medium-4207",4,"dstar",25,25,3,4207,0.16,0.1584,"2,7","W","0,21","[[0,0],[7,0],[14,0],[20,0],[5,1],[12,1],[15,1],[17,1],[6,2],[8,2],[11,2],[16,2],[21,2],[23,2],[24,2],[0,3],[5,3],[10,3],[15,3],[1,4],[15,4],[17,4],[19,4],[24,4],[2,5],[3,5],[5,5],[7,5],[13,5],[23,5],[5,6],[17,6],[18,6],[4,7],[21,7],[24,8],[4,9],[9,9],[11,9],[12,9],[14,9],[21,9],[2,10],[3,10],[4,10],[12,10],[16,10],[2,11],[7,11],[13,11],[22,11],[6,12],[10,12],[12,12],[13,12],[18,12],[22,12],[23,13],[1,14],[17,14],[18,14],[8,15],[11,15],[24,15],[8,16],[11,16],[13,16],[14,16],[4,17],[6,17],[12,17],[14,17],[24,17],[0,18],[2,18],[4,18],[5,18],[12,18],[18,18],[20,18],[24,18],[4,20],[9,20],[13,20],[18,20],[2,21],[8,21],[11,21],[14,21],[23,21],[0,22],[5,22],[7,22],[22,22],[23,22],[7,23],[16,23],[11,24],[16,24]]",99,"success","success",18,3,3,0,56,0.3,0.2,0.5
"2026-10-09T04:57:40.094Z","benchmark","benchmark-1791521859669","seeded-medium-4207","seeded-medium-4207",4,"astar",25,25,3,4207,0.16,0.1584,"2,7","W","0,21","[[0,0],[7,0],[14,0],[20,0],[5,1],[12,1],[15,1],[17,1],[6,2],[8,2],[11,2],[16,2],[21,2],[23,2],[24,2],[0,3],[5,3],[10,3],[15,3],[1,4],[15,4],[17,4],[19,4],[24,4],[2,5],[3,5],[5,5],[7,5],[13,5],[23,5],[5,6],[17,6],[18,6],[4,7],[21,7],[24,8],[4,9],[9,9],[11,9],[12,9],[14,9],[21,9],[2,10],[3,10],[4,10],[12,10],[16,10],[2,11],[7,11],[13,11],[22,11],[6,12],[10,12],[12,12],[13,12],[18,12],[22,12],[23,13],[1,14],[17,14],[18,14],[8,15],[11,15],[24,15],[8,16],[11,16],[13,16],[14,16],[4,17],[6,17],[12,17],[14,17],[24,17],[0,18],[2,18],[4,18],[5,18],[12,18],[18,18],[20,18],[24,18],[4,20],[9,20],[13,20],[18,20],[2,21],[8,21],[11,21],[14,21],[23,21],[0,22],[5,22],[7,22],[22,22],[23,22],[7,23],[16,23],[11,24],[16,24]]",99,"success","success",18,3,3,0,102,0,0.1,0.1
"2026-10-09T04:57:40.095Z","benchmark","benchmark-1791521859669","seeded-medium-5629","seeded-medium-5629",4,"astar",25,25,3,5629,0.16,0.1568,"6,24","E","11,20","[[12,0],[14,0],[16,0],[24,0],[14,1],[18,1],[20,1],[22,1],[23,1],[11,2],[12,2],[14,2],[21,2],[23,2],[1,3],[12,3],[13,3],[20,3],[21,3],[22,3],[23,3],[0,4],[1,4],[7,4],[8,4],[15,4],[18,4],[19,5],[14,6],[5,7],[15,7],[17,7],[19,7],[21,7],[1,8],[8,8],[22,8],[0,9],[5,9],[10,9],[11,9],[12,9],[20,9],[22,9],[2,10],[3,10],[4,10],[17,10],[21,10],[24,10],[0,11],[5,11],[6,11],[7,11],[16,11],[20,11],[6,12],[11,12],[13,13],[4,14],[7,14],[9,14],[11,14],[21,14],[14,15],[15,15],[23,15],[1,16],[15,16],[2,17],[4,17],[9,17],[14,17],[17,17],[22,17],[23,17],[12,18],[17,18],[20,18],[4,20],[6,20],[7,20],[15,21],[16,21],[17,21],[10,22],[14,22],[17,22],[19,22],[3,23],[4,23],[11,23],[12,23],[7,24],[9,24],[11,24],[14,24],[15,24]]",98,"success","success",9,2,3,0,54,0,0,0
"2026-10-09T04:57:40.095Z","benchmark","benchmark-1791521859669","seeded-medium-5629","seeded-medium-5629",4,"dstar",25,25,3,5629,0.16,0.1568,"6,24","E","11,20","[[12,0],[14,0],[16,0],[24,0],[14,1],[18,1],[20,1],[22,1],[23,1],[11,2],[12,2],[14,2],[21,2],[23,2],[1,3],[12,3],[13,3],[20,3],[21,3],[22,3],[23,3],[0,4],[1,4],[7,4],[8,4],[15,4],[18,4],[19,5],[14,6],[5,7],[15,7],[17,7],[19,7],[21,7],[1,8],[8,8],[22,8],[0,9],[5,9],[10,9],[11,9],[12,9],[20,9],[22,9],[2,10],[3,10],[4,10],[17,10],[21,10],[24,10],[0,11],[5,11],[6,11],[7,11],[16,11],[20,11],[6,12],[11,12],[13,13],[4,14],[7,14],[9,14],[11,14],[21,14],[14,15],[15,15],[23,15],[1,16],[15,16],[2,17],[4,17],[9,17],[14,17],[17,17],[22,17],[23,17],[12,18],[17,18],[20,18],[4,20],[6,20],[7,20],[15,21],[16,21],[17,21],[10,22],[14,22],[17,22],[19,22],[3,23],[4,23],[11,23],[12,23],[7,24],[9,24],[11,24],[14,24],[15,24]]",98,"success","success",9,2,3,0,31,0.1,0.1,0.2
"2026-10-09T04:57:40.096Z","benchmark","benchmark-1791521859669","seeded-medium-7001","seeded-medium-7001",4,"dstar",25,25,3,7001,0.16,0.1856,"10,16","E","22,19","[[1,0],[9,0],[13,0],[22,0],[2,1],[8,1],[12,1],[0,2],[4,2],[13,2],[14,2],[23,2],[24,2],[4,3],[8,3],[16,3],[17,3],[18,3],[1,4],[6,4],[8,4],[16,4],[23,4],[7,5],[11,5],[18,5],[1,6],[2,6],[9,6],[15,6],[17,6],[18,6],[0,7],[1,7],[8,7],[23,7],[0,8],[1,8],[3,8],[5,8],[10,8],[12,8],[18,8],[19,8],[23,8],[4,9],[6,9],[11,9],[12,9],[13,9],[18,9],[21,9],[24,9],[0,10],[4,10],[5,10],[11,10],[1,11],[2,11],[6,11],[13,11],[18,11],[20,11],[4,12],[16,12],[1,13],[10,13],[16,13],[18,13],[20,13],[4,14],[8,14],[9,14],[13,14],[15,14],[16,14],[17,14],[20,14],[10,15],[15,15],[5,16],[7,16],[15,16],[16,16],[17,16],[21,16],[22,16],[23,17],[24,17],[10,18],[16,18],[18,18],[20,18],[3,19],[24,19],[3,20],[7,20],[11,20],[23,20],[24,20],[1,21],[6,21],[15,21],[9,22],[10,22],[14,22],[18,22],[21,22],[8,23],[19,23],[5,24],[11,24],[13,24],[15,24],[22,24],[24,24]]",116,"success","success",15,2,2,0,53,0.4,0,0.4
"2026-10-09T04:57:40.096Z","benchmark","benchmark-1791521859669","seeded-medium-7001","seeded-medium-7001",4,"astar",25,25,3,7001,0.16,0.1856,"10,16","E","22,19","[[1,0],[9,0],[13,0],[22,0],[2,1],[8,1],[12,1],[0,2],[4,2],[13,2],[14,2],[23,2],[24,2],[4,3],[8,3],[16,3],[17,3],[18,3],[1,4],[6,4],[8,4],[16,4],[23,4],[7,5],[11,5],[18,5],[1,6],[2,6],[9,6],[15,6],[17,6],[18,6],[0,7],[1,7],[8,7],[23,7],[0,8],[1,8],[3,8],[5,8],[10,8],[12,8],[18,8],[19,8],[23,8],[4,9],[6,9],[11,9],[12,9],[13,9],[18,9],[21,9],[24,9],[0,10],[4,10],[5,10],[11,10],[1,11],[2,11],[6,11],[13,11],[18,11],[20,11],[4,12],[16,12],[1,13],[10,13],[16,13],[18,13],[20,13],[4,14],[8,14],[9,14],[13,14],[15,14],[16,14],[17,14],[20,14],[10,15],[15,15],[5,16],[7,16],[15,16],[16,16],[17,16],[21,16],[22,16],[23,17],[24,17],[10,18],[16,18],[18,18],[20,18],[3,19],[24,19],[3,20],[7,20],[11,20],[23,20],[24,20],[1,21],[6,21],[15,21],[9,22],[10,22],[14,22],[18,22],[21,22],[8,23],[19,23],[5,24],[11,24],[13,24],[15,24],[22,24],[24,24]]",116,"success","success",15,2,2,0,94,0,0.2,0.2
"2026-10-09T04:57:40.096Z","benchmark","benchmark-1791521859669","seeded-high-1701","seeded-high-1701",4,"astar",25,25,3,1701,0.24,0.2464,"10,16","E","22,19","[[4,0],[5,0],[6,0],[12,0],[16,0],[19,0],[21,0],[22,0],[24,0],[5,1],[9,1],[10,1],[12,1],[4,2],[6,2],[8,2],[15,2],[17,2],[18,2],[20,2],[0,3],[4,3],[6,3],[16,3],[18,3],[22,3],[5,4],[8,4],[9,4],[10,4],[11,4],[13,4],[16,4],[18,4],[22,4],[0,5],[3,5],[12,5],[14,5],[16,5],[18,5],[7,6],[12,6],[17,6],[18,6],[20,6],[21,6],[5,7],[10,7],[16,7],[18,7],[0,8],[1,8],[2,8],[13,8],[18,8],[19,8],[20,8],[23,8],[0,9],[3,9],[5,9],[8,9],[13,9],[17,9],[7,10],[8,10],[9,10],[10,10],[20,10],[3,11],[7,11],[12,11],[16,11],[22,11],[0,12],[6,12],[9,12],[13,12],[15,12],[16,12],[7,13],[12,13],[17,13],[19,13],[23,13],[0,14],[2,14],[5,14],[10,14],[20,14],[1,15],[2,15],[17,15],[18,15],[22,15],[23,15],[2,16],[3,16],[7,16],[8,16],[13,16],[0,17],[4,17],[7,17],[14,17],[15,17],[16,17],[0,18],[8,18],[9,18],[10,18],[14,18],[21,18],[22,18],[8,19],[11,19],[20,19],[12,20],[23,20],[0,21],[3,21],[4,21],[9,21],[10,21],[11,21],[12,21],[16,21],[20,21],[22,21],[2,22],[6,22],[12,22],[15,22],[16,22],[18,22],[19,22],[21,22],[3,23],[6,23],[7,23],[8,23],[9,23],[11,23],[12,23],[15,23],[19,23],[20,23],[23,23],[0,24],[9,24],[10,24],[14,24],[19,24]]",154,"success","success",21,6,7,0,116,0.2,0.1,0.3
"2026-10-09T04:57:40.097Z","benchmark","benchmark-1791521859669","seeded-high-1701","seeded-high-1701",4,"dstar",25,25,3,1701,0.24,0.2464,"10,16","E","22,19","[[4,0],[5,0],[6,0],[12,0],[16,0],[19,0],[21,0],[22,0],[24,0],[5,1],[9,1],[10,1],[12,1],[4,2],[6,2],[8,2],[15,2],[17,2],[18,2],[20,2],[0,3],[4,3],[6,3],[16,3],[18,3],[22,3],[5,4],[8,4],[9,4],[10,4],[11,4],[13,4],[16,4],[18,4],[22,4],[0,5],[3,5],[12,5],[14,5],[16,5],[18,5],[7,6],[12,6],[17,6],[18,6],[20,6],[21,6],[5,7],[10,7],[16,7],[18,7],[0,8],[1,8],[2,8],[13,8],[18,8],[19,8],[20,8],[23,8],[0,9],[3,9],[5,9],[8,9],[13,9],[17,9],[7,10],[8,10],[9,10],[10,10],[20,10],[3,11],[7,11],[12,11],[16,11],[22,11],[0,12],[6,12],[9,12],[13,12],[15,12],[16,12],[7,13],[12,13],[17,13],[19,13],[23,13],[0,14],[2,14],[5,14],[10,14],[20,14],[1,15],[2,15],[17,15],[18,15],[22,15],[23,15],[2,16],[3,16],[7,16],[8,16],[13,16],[0,17],[4,17],[7,17],[14,17],[15,17],[16,17],[0,18],[8,18],[9,18],[10,18],[14,18],[21,18],[22,18],[8,19],[11,19],[20,19],[12,20],[23,20],[0,21],[3,21],[4,21],[9,21],[10,21],[11,21],[12,21],[16,21],[20,21],[22,21],[2,22],[6,22],[12,22],[15,22],[16,22],[18,22],[19,22],[21,22],[3,23],[6,23],[7,23],[8,23],[9,23],[11,23],[12,23],[15,23],[19,23],[20,23],[23,23],[0,24],[9,24],[10,24],[14,24],[19,24]]",154,"success","success",21,7,8,0,83,0.5,0.6,1.1
"2026-10-09T04:57:40.100Z","benchmark","benchmark-1791521859669","seeded-high-2718","seeded-high-2718",4,"dstar",25,25,3,2718,0.24,0.224,"4,3","S","18,8","[[7,0],[8,0],[9,0],[22,0],[7,1],[9,1],[19,1],[22,1],[3,2],[13,2],[14,2],[15,2],[17,2],[18,2],[19,2],[21,2],[22,2],[0,3],[1,3],[6,3],[9,3],[10,3],[16,3],[18,3],[22,3],[23,3],[5,4],[3,5],[9,5],[14,5],[16,5],[20,5],[7,6],[8,6],[10,6],[4,7],[7,7],[11,7],[12,7],[16,7],[17,7],[7,8],[14,8],[21,8],[22,8],[24,8],[6,9],[12,9],[14,9],[15,9],[22,9],[7,10],[11,10],[17,10],[20,10],[21,10],[23,10],[0,11],[2,11],[3,11],[5,11],[6,11],[8,11],[15,11],[20,11],[5,12],[6,12],[7,12],[11,12],[12,12],[3,13],[4,13],[7,13],[13,13],[23,13],[2,14],[11,14],[17,14],[18,14],[23,14],[4,15],[6,15],[7,15],[8,15],[9,15],[12,15],[21,15],[7,16],[8,16],[9,16],[18,16],[16,17],[17,17],[20,17],[1,18],[2,18],[5,18],[10,18],[14,18],[17,18],[22,18],[1,19],[7,19],[8,19],[10,19],[19,19],[1,20],[2,20],[5,20],[6,20],[8,20],[11,20],[18,20],[21,20],[2,21],[3,21],[7,21],[11,21],[14,21],[21,21],[0,22],[4,22],[8,22],[12,22],[17,22],[0,23],[4,23],[5,23],[7,23],[15,23],[21,23],[22,23],[0,24],[3,24],[6,24],[10,24],[11,24],[12,24],[16,24],[22,24]]",140,"success","success",21,4,4,0,130,1.7,0.7,2.4
"2026-10-09T04:57:40.101Z","benchmark","benchmark-1791521859669","seeded-high-2718","seeded-high-2718",4,"astar",25,25,3,2718,0.24,0.224,"4,3","S","18,8","[[7,0],[8,0],[9,0],[22,0],[7,1],[9,1],[19,1],[22,1],[3,2],[13,2],[14,2],[15,2],[17,2],[18,2],[19,2],[21,2],[22,2],[0,3],[1,3],[6,3],[9,3],[10,3],[16,3],[18,3],[22,3],[23,3],[5,4],[3,5],[9,5],[14,5],[16,5],[20,5],[7,6],[8,6],[10,6],[4,7],[7,7],[11,7],[12,7],[16,7],[17,7],[7,8],[14,8],[21,8],[22,8],[24,8],[6,9],[12,9],[14,9],[15,9],[22,9],[7,10],[11,10],[17,10],[20,10],[21,10],[23,10],[0,11],[2,11],[3,11],[5,11],[6,11],[8,11],[15,11],[20,11],[5,12],[6,12],[7,12],[11,12],[12,12],[3,13],[4,13],[7,13],[13,13],[23,13],[2,14],[11,14],[17,14],[18,14],[23,14],[4,15],[6,15],[7,15],[8,15],[9,15],[12,15],[21,15],[7,16],[8,16],[9,16],[18,16],[16,17],[17,17],[20,17],[1,18],[2,18],[5,18],[10,18],[14,18],[17,18],[22,18],[1,19],[7,19],[8,19],[10,19],[19,19],[1,20],[2,20],[5,20],[6,20],[8,20],[11,20],[18,20],[21,20],[2,21],[3,21],[7,21],[11,21],[14,21],[21,21],[0,22],[4,22],[8,22],[12,22],[17,22],[0,23],[4,23],[5,23],[7,23],[15,23],[21,23],[22,23],[0,24],[3,24],[6,24],[10,24],[11,24],[12,24],[16,24],[22,24]]",140,"success","success",21,4,4,0,353,0.3,0.5,0.8
"2026-10-09T04:57:40.102Z","benchmark","benchmark-1791521859669","seeded-high-3141","seeded-high-3141",4,"astar",25,25,3,3141,0.24,0.2336,"15,6","E","17,24","[[4,0],[13,0],[14,0],[19,0],[24,0],[0,1],[1,1],[2,1],[5,1],[12,1],[14,1],[17,1],[18,1],[19,1],[3,2],[5,2],[13,2],[14,2],[1,3],[5,3],[8,3],[11,3],[13,3],[14,3],[19,3],[20,3],[21,3],[22,3],[24,3],[6,4],[14,4],[19,4],[23,4],[5,5],[9,5],[10,5],[11,5],[12,5],[14,5],[16,5],[17,5],[19,5],[22,5],[1,6],[2,6],[5,6],[7,6],[24,6],[1,7],[9,7],[13,7],[14,7],[18,7],[19,7],[21,7],[6,8],[13,8],[14,8],[17,8],[19,8],[3,9],[5,9],[6,9],[17,9],[19,9],[23,9],[0,10],[10,10],[12,10],[13,10],[0,11],[8,11],[14,11],[16,11],[21,11],[22,11],[3,12],[6,12],[15,12],[24,12],[4,13],[14,13],[19,13],[0,14],[14,14],[17,14],[18,14],[19,14],[20,14],[4,15],[6,15],[8,15],[9,15],[15,16],[17,16],[18,16],[3,17],[7,17],[12,17],[14,17],[16,17],[3,18],[7,18],[10,18],[12,18],[14,18],[16,18],[17,18],[20,18],[22,18],[24,18],[0,19],[1,19],[3,19],[4,19],[13,19],[18,19],[19,19],[5,20],[9,20],[10,20],[11,20],[12,20],[15,20],[17,20],[24,20],[0,21],[8,21],[13,21],[23,21],[3,22],[4,22],[9,22],[11,22],[12,22],[19,22],[21,22],[23,22],[10,23],[19,23],[22,23],[23,23],[2,24],[13,24],[15,24],[19,24]]",146,"success","success",44,21,21,0,553,0.2,1.2,1.4
"2026-10-09T04:57:40.106Z","benchmark","benchmark-1791521859669","seeded-high-3141","seeded-high-3141",4,"dstar",25,25,3,3141,0.24,0.2336,"15,6","E","17,24","[[4,0],[13,0],[14,0],[19,0],[24,0],[0,1],[1,1],[2,1],[5,1],[12,1],[14,1],[17,1],[18,1],[19,1],[3,2],[5,2],[13,2],[14,2],[1,3],[5,3],[8,3],[11,3],[13,3],[14,3],[19,3],[20,3],[21,3],[22,3],[24,3],[6,4],[14,4],[19,4],[23,4],[5,5],[9,5],[10,5],[11,5],[12,5],[14,5],[16,5],[17,5],[19,5],[22,5],[1,6],[2,6],[5,6],[7,6],[24,6],[1,7],[9,7],[13,7],[14,7],[18,7],[19,7],[21,7],[6,8],[13,8],[14,8],[17,8],[19,8],[3,9],[5,9],[6,9],[17,9],[19,9],[23,9],[0,10],[10,10],[12,10],[13,10],[0,11],[8,11],[14,11],[16,11],[21,11],[22,11],[3,12],[6,12],[15,12],[24,12],[4,13],[14,13],[19,13],[0,14],[14,14],[17,14],[18,14],[19,14],[20,14],[4,15],[6,15],[8,15],[9,15],[15,16],[17,16],[18,16],[3,17],[7,17],[12,17],[14,17],[16,17],[3,18],[7,18],[10,18],[12,18],[14,18],[16,18],[17,18],[20,18],[22,18],[24,18],[0,19],[1,19],[3,19],[4,19],[13,19],[18,19],[19,19],[5,20],[9,20],[10,20],[11,20],[12,20],[15,20],[17,20],[24,20],[0,21],[8,21],[13,21],[23,21],[3,22],[4,22],[9,22],[11,22],[12,22],[19,22],[21,22],[23,22],[10,23],[19,23],[22,23],[23,23],[2,24],[13,24],[15,24],[19,24]]",146,"success","success",48,20,20,0,217,0.6,2.4,3
"2026-10-09T04:57:40.107Z","benchmark","benchmark-1791521859669","seeded-high-4207","seeded-high-4207",4,"dstar",25,25,3,4207,0.24,0.2256,"2,7","W","0,21","[[0,0],[7,0],[10,0],[14,0],[20,0],[0,1],[2,1],[5,1],[12,1],[15,1],[17,1],[19,1],[22,1],[6,2],[8,2],[11,2],[16,2],[21,2],[23,2],[24,2],[0,3],[5,3],[9,3],[10,3],[15,3],[21,3],[1,4],[15,4],[17,4],[19,4],[24,4],[2,5],[3,5],[5,5],[7,5],[9,5],[13,5],[21,5],[23,5],[5,6],[6,6],[17,6],[18,6],[23,6],[4,7],[21,7],[12,8],[15,8],[20,8],[21,8],[23,8],[24,8],[4,9],[6,9],[9,9],[11,9],[12,9],[13,9],[14,9],[21,9],[1,10],[2,10],[3,10],[4,10],[12,10],[16,10],[2,11],[4,11],[7,11],[9,11],[11,11],[13,11],[22,11],[0,12],[3,12],[6,12],[10,12],[12,12],[13,12],[18,12],[21,12],[22,12],[23,13],[1,14],[4,14],[12,14],[17,14],[18,14],[20,14],[8,15],[11,15],[24,15],[5,16],[8,16],[11,16],[13,16],[14,16],[4,17],[5,17],[6,17],[12,17],[13,17],[14,17],[24,17],[0,18],[2,18],[4,18],[5,18],[12,18],[16,18],[18,18],[20,18],[24,18],[12,19],[16,19],[4,20],[9,20],[13,20],[18,20],[23,20],[2,21],[8,21],[11,21],[12,21],[14,21],[23,21],[0,22],[5,22],[6,22],[7,22],[9,22],[22,22],[23,22],[4,23],[7,23],[14,23],[16,23],[1,24],[11,24],[14,24],[16,24]]",141,"success","success",20,6,6,0,66,0.8,0.5,1.3
"2026-10-09T04:57:40.107Z","benchmark","benchmark-1791521859669","seeded-high-4207","seeded-high-4207",4,"astar",25,25,3,4207,0.24,0.2256,"2,7","W","0,21","[[0,0],[7,0],[10,0],[14,0],[20,0],[0,1],[2,1],[5,1],[12,1],[15,1],[17,1],[19,1],[22,1],[6,2],[8,2],[11,2],[16,2],[21,2],[23,2],[24,2],[0,3],[5,3],[9,3],[10,3],[15,3],[21,3],[1,4],[15,4],[17,4],[19,4],[24,4],[2,5],[3,5],[5,5],[7,5],[9,5],[13,5],[21,5],[23,5],[5,6],[6,6],[17,6],[18,6],[23,6],[4,7],[21,7],[12,8],[15,8],[20,8],[21,8],[23,8],[24,8],[4,9],[6,9],[9,9],[11,9],[12,9],[13,9],[14,9],[21,9],[1,10],[2,10],[3,10],[4,10],[12,10],[16,10],[2,11],[4,11],[7,11],[9,11],[11,11],[13,11],[22,11],[0,12],[3,12],[6,12],[10,12],[12,12],[13,12],[18,12],[21,12],[22,12],[23,13],[1,14],[4,14],[12,14],[17,14],[18,14],[20,14],[8,15],[11,15],[24,15],[5,16],[8,16],[11,16],[13,16],[14,16],[4,17],[5,17],[6,17],[12,17],[13,17],[14,17],[24,17],[0,18],[2,18],[4,18],[5,18],[12,18],[16,18],[18,18],[20,18],[24,18],[12,19],[16,19],[4,20],[9,20],[13,20],[18,20],[23,20],[2,21],[8,21],[11,21],[12,21],[14,21],[23,21],[0,22],[5,22],[6,22],[7,22],[9,22],[22,22],[23,22],[4,23],[7,23],[14,23],[16,23],[1,24],[11,24],[14,24],[16,24]]",141,"success","success",20,6,6,0,159,0,0.3,0.3
"2026-10-09T04:57:40.108Z","benchmark","benchmark-1791521859669","seeded-high-5629","seeded-high-5629",4,"astar",25,25,3,5629,0.24,0.232,"6,24","E","11,20","[[3,0],[6,0],[12,0],[14,0],[16,0],[24,0],[14,1],[18,1],[20,1],[22,1],[23,1],[11,2],[12,2],[14,2],[21,2],[22,2],[23,2],[24,2],[0,3],[1,3],[6,3],[11,3],[12,3],[13,3],[20,3],[21,3],[22,3],[23,3],[24,3],[0,4],[1,4],[7,4],[8,4],[11,4],[15,4],[18,4],[22,4],[1,5],[18,5],[19,5],[20,5],[14,6],[2,7],[5,7],[15,7],[17,7],[19,7],[21,7],[24,7],[1,8],[5,8],[8,8],[11,8],[14,8],[22,8],[23,8],[0,9],[5,9],[10,9],[11,9],[12,9],[20,9],[22,9],[2,10],[3,10],[4,10],[17,10],[21,10],[22,10],[24,10],[0,11],[5,11],[6,11],[7,11],[12,11],[14,11],[16,11],[20,11],[2,12],[3,12],[6,12],[11,12],[13,13],[18,13],[3,14],[4,14],[7,14],[9,14],[11,14],[15,14],[21,14],[3,15],[11,15],[14,15],[15,15],[18,15],[19,15],[23,15],[1,16],[13,16],[15,16],[2,17],[3,17],[4,17],[9,17],[13,17],[14,17],[17,17],[22,17],[23,17],[5,18],[12,18],[17,18],[20,18],[6,19],[19,19],[4,20],[6,20],[7,20],[19,20],[22,20],[23,20],[8,21],[14,21],[15,21],[16,21],[17,21],[10,22],[14,22],[17,22],[19,22],[3,23],[4,23],[11,23],[12,23],[17,23],[24,23],[7,24],[9,24],[11,24],[12,24],[14,24],[15,24],[22,24],[24,24]]",145,"success","success",11,4,5,0,73,0.1,0.1,0.2
"2026-10-09T04:57:40.108Z","benchmark","benchmark-1791521859669","seeded-high-5629","seeded-high-5629",4,"dstar",25,25,3,5629,0.24,0.232,"6,24","E","11,20","[[3,0],[6,0],[12,0],[14,0],[16,0],[24,0],[14,1],[18,1],[20,1],[22,1],[23,1],[11,2],[12,2],[14,2],[21,2],[22,2],[23,2],[24,2],[0,3],[1,3],[6,3],[11,3],[12,3],[13,3],[20,3],[21,3],[22,3],[23,3],[24,3],[0,4],[1,4],[7,4],[8,4],[11,4],[15,4],[18,4],[22,4],[1,5],[18,5],[19,5],[20,5],[14,6],[2,7],[5,7],[15,7],[17,7],[19,7],[21,7],[24,7],[1,8],[5,8],[8,8],[11,8],[14,8],[22,8],[23,8],[0,9],[5,9],[10,9],[11,9],[12,9],[20,9],[22,9],[2,10],[3,10],[4,10],[17,10],[21,10],[22,10],[24,10],[0,11],[5,11],[6,11],[7,11],[12,11],[14,11],[16,11],[20,11],[2,12],[3,12],[6,12],[11,12],[13,13],[18,13],[3,14],[4,14],[7,14],[9,14],[11,14],[15,14],[21,14],[3,15],[11,15],[14,15],[15,15],[18,15],[19,15],[23,15],[1,16],[13,16],[15,16],[2,17],[3,17],[4,17],[9,17],[13,17],[14,17],[17,17],[22,17],[23,17],[5,18],[12,18],[17,18],[20,18],[6,19],[19,19],[4,20],[6,20],[7,20],[19,20],[22,20],[23,20],[8,21],[14,21],[15,21],[16,21],[17,21],[10,22],[14,22],[17,22],[19,22],[3,23],[4,23],[11,23],[12,23],[17,23],[24,23],[7,24],[9,24],[11,24],[12,24],[14,24],[15,24],[22,24],[24,24]]",145,"success","success",11,4,5,0,43,0.2,0.3,0.5
"2026-10-09T04:57:40.109Z","benchmark","benchmark-1791521859669","seeded-high-7001","seeded-high-7001",4,"dstar",25,25,3,7001,0.24,0.2752,"10,16","E","22,19","[[1,0],[9,0],[13,0],[14,0],[20,0],[22,0],[2,1],[8,1],[12,1],[15,1],[0,2],[4,2],[13,2],[14,2],[18,2],[23,2],[24,2],[2,3],[4,3],[6,3],[8,3],[12,3],[14,3],[16,3],[17,3],[18,3],[1,4],[4,4],[6,4],[7,4],[8,4],[10,4],[16,4],[20,4],[23,4],[7,5],[11,5],[13,5],[15,5],[18,5],[20,5],[1,6],[2,6],[9,6],[15,6],[16,6],[17,6],[18,6],[0,7],[1,7],[2,7],[4,7],[8,7],[18,7],[23,7],[0,8],[1,8],[2,8],[3,8],[5,8],[10,8],[12,8],[18,8],[19,8],[23,8],[4,9],[6,9],[11,9],[12,9],[13,9],[18,9],[21,9],[24,9],[0,10],[4,10],[5,10],[11,10],[14,10],[18,10],[1,11],[2,11],[6,11],[7,11],[13,11],[18,11],[20,11],[21,11],[23,11],[4,12],[5,12],[9,12],[16,12],[1,13],[3,13],[10,13],[15,13],[16,13],[17,13],[18,13],[20,13],[0,14],[4,14],[8,14],[9,14],[13,14],[15,14],[16,14],[17,14],[20,14],[5,15],[10,15],[15,15],[19,15],[21,15],[4,16],[5,16],[7,16],[13,16],[15,16],[16,16],[17,16],[21,16],[22,16],[23,16],[23,17],[24,17],[2,18],[10,18],[13,18],[15,18],[16,18],[18,18],[20,18],[3,19],[5,19],[7,19],[10,19],[24,19],[3,20],[7,20],[9,20],[10,20],[11,20],[23,20],[24,20],[1,21],[6,21],[7,21],[10,21],[15,21],[19,21],[23,21],[2,22],[8,22],[9,22],[10,22],[11,22],[12,22],[14,22],[18,22],[21,22],[8,23],[11,23],[12,23],[19,23],[5,24],[11,24],[12,24],[13,24],[15,24],[22,24],[24,24]]",172,"success","success",15,1,2,0,51,0.6,0,0.6
"2026-10-09T04:57:40.109Z","benchmark","benchmark-1791521859669","seeded-high-7001","seeded-high-7001",4,"astar",25,25,3,7001,0.24,0.2752,"10,16","E","22,19","[[1,0],[9,0],[13,0],[14,0],[20,0],[22,0],[2,1],[8,1],[12,1],[15,1],[0,2],[4,2],[13,2],[14,2],[18,2],[23,2],[24,2],[2,3],[4,3],[6,3],[8,3],[12,3],[14,3],[16,3],[17,3],[18,3],[1,4],[4,4],[6,4],[7,4],[8,4],[10,4],[16,4],[20,4],[23,4],[7,5],[11,5],[13,5],[15,5],[18,5],[20,5],[1,6],[2,6],[9,6],[15,6],[16,6],[17,6],[18,6],[0,7],[1,7],[2,7],[4,7],[8,7],[18,7],[23,7],[0,8],[1,8],[2,8],[3,8],[5,8],[10,8],[12,8],[18,8],[19,8],[23,8],[4,9],[6,9],[11,9],[12,9],[13,9],[18,9],[21,9],[24,9],[0,10],[4,10],[5,10],[11,10],[14,10],[18,10],[1,11],[2,11],[6,11],[7,11],[13,11],[18,11],[20,11],[21,11],[23,11],[4,12],[5,12],[9,12],[16,12],[1,13],[3,13],[10,13],[15,13],[16,13],[17,13],[18,13],[20,13],[0,14],[4,14],[8,14],[9,14],[13,14],[15,14],[16,14],[17,14],[20,14],[5,15],[10,15],[15,15],[19,15],[21,15],[4,16],[5,16],[7,16],[13,16],[15,16],[16,16],[17,16],[21,16],[22,16],[23,16],[23,17],[24,17],[2,18],[10,18],[13,18],[15,18],[16,18],[18,18],[20,18],[3,19],[5,19],[7,19],[10,19],[24,19],[3,20],[7,20],[9,20],[10,20],[11,20],[23,20],[24,20],[1,21],[6,21],[7,21],[10,21],[15,21],[19,21],[23,21],[2,22],[8,22],[9,22],[10,22],[11,22],[12,22],[14,22],[18,22],[21,22],[8,23],[11,23],[12,23],[19,23],[5,24],[11,24],[12,24],[13,24],[15,24],[22,24],[24,24]]",172,"success","success",15,1,2,0,49,0,0,0
"2026-10-09T04:57:40.115Z","benchmark","benchmark-1791521859669","open","open",5,"dstar",25,25,3,"","",0,"1,22","E","23,2","[]",0,"success","success",42,0,0,0,483,5.6,0,5.6
"2026-10-09T04:57:40.116Z","benchmark","benchmark-1791521859669","open","open",5,"astar",25,25,3,"","",0,"1,22","E","23,2","[]",0,"success","success",42,0,0,0,482,1.1,0,1.1
"2026-10-09T04:57:40.116Z","benchmark","benchmark-1791521859669","blocker","blocker",5,"astar",25,25,3,"","",0.0016,"1,12","E","23,12","[[12,12]]",1,"success","success",24,1,1,0,66,0.1,0,0.1
"2026-10-09T04:57:40.117Z","benchmark","benchmark-1791521859669","blocker","blocker",5,"dstar",25,25,3,"","",0.0016,"1,12","E","23,12","[[12,12]]",1,"success","success",24,1,1,0,62,0.3,0.4,0.7
"2026-10-09T04:57:40.120Z","benchmark","benchmark-1791521859669","detour","detour",5,"dstar",25,25,3,"","",0.0384,"1,12","E","23,12","[[12,0],[12,1],[12,2],[12,3],[12,4],[12,6],[12,7],[12,8],[12,9],[12,10],[12,11],[12,12],[12,13],[12,14],[12,15],[12,16],[12,17],[12,18],[12,19],[12,20],[12,21],[12,22],[12,23],[12,24]]",24,"success","success",36,7,7,0,200,0.3,2.9,3.2
"2026-10-09T04:57:40.123Z","benchmark","benchmark-1791521859669","detour","detour",5,"astar",25,25,3,"","",0.0384,"1,12","E","23,12","[[12,0],[12,1],[12,2],[12,3],[12,4],[12,6],[12,7],[12,8],[12,9],[12,10],[12,11],[12,12],[12,13],[12,14],[12,15],[12,16],[12,17],[12,18],[12,19],[12,20],[12,21],[12,22],[12,23],[12,24]]",24,"success","success",62,19,19,0,1726,0.1,3.2,3.3
"2026-10-09T04:57:40.130Z","benchmark","benchmark-1791521859669","corridor","corridor",5,"astar",25,25,3,"","",0.0768,"1,20","E","23,5","[[8,0],[17,0],[8,1],[17,1],[8,2],[17,2],[8,3],[17,3],[8,4],[17,4],[8,5],[8,6],[17,6],[8,7],[17,7],[8,8],[17,8],[8,9],[17,9],[8,10],[17,10],[8,11],[17,11],[8,12],[17,12],[8,13],[17,13],[8,14],[17,14],[8,15],[17,15],[8,16],[17,16],[8,17],[17,17],[8,18],[17,18],[8,19],[17,19],[17,20],[8,21],[17,21],[8,22],[17,22],[8,23],[17,23],[8,24],[17,24]]",48,"success","success",69,16,16,0,2751,0.8,5.2,6
"2026-10-09T04:57:40.137Z","benchmark","benchmark-1791521859669","corridor","corridor",5,"dstar",25,25,3,"","",0.0768,"1,20","E","23,5","[[8,0],[17,0],[8,1],[17,1],[8,2],[17,2],[8,3],[17,3],[8,4],[17,4],[8,5],[8,6],[17,6],[8,7],[17,7],[8,8],[17,8],[8,9],[17,9],[8,10],[17,10],[8,11],[17,11],[8,12],[17,12],[8,13],[17,13],[8,14],[17,14],[8,15],[17,15],[8,16],[17,16],[8,17],[17,17],[8,18],[17,18],[8,19],[17,19],[17,20],[8,21],[17,21],[8,22],[17,22],[8,23],[17,23],[8,24],[17,24]]",48,"success","success",77,20,20,0,596,4,3.5,7.5
"2026-10-09T04:57:40.150Z","benchmark","benchmark-1791521859669","maze","maze",5,"dstar",25,25,3,"","",0.192,"1,23","E","23,1","[[3,0],[7,0],[11,0],[15,0],[19,0],[7,1],[15,1],[3,2],[7,2],[11,2],[15,2],[19,2],[3,3],[7,3],[11,3],[15,3],[19,3],[3,4],[7,4],[11,4],[15,4],[19,4],[3,5],[7,5],[11,5],[15,5],[19,5],[3,6],[7,6],[11,6],[15,6],[19,6],[3,7],[7,7],[11,7],[15,7],[19,7],[3,8],[7,8],[11,8],[15,8],[19,8],[3,9],[7,9],[11,9],[15,9],[19,9],[3,10],[7,10],[11,10],[15,10],[19,10],[3,11],[7,11],[11,11],[15,11],[19,11],[3,12],[7,12],[11,12],[15,12],[19,12],[3,13],[7,13],[11,13],[15,13],[19,13],[3,14],[7,14],[11,14],[15,14],[19,14],[3,15],[7,15],[11,15],[15,15],[19,15],[3,16],[7,16],[11,16],[15,16],[19,16],[3,17],[7,17],[11,17],[15,17],[19,17],[3,18],[7,18],[11,18],[15,18],[19,18],[3,19],[7,19],[11,19],[15,19],[19,19],[3,20],[7,20],[11,20],[15,20],[19,20],[3,21],[7,21],[11,21],[15,21],[19,21],[3,22],[7,22],[11,22],[15,22],[19,22],[3,23],[11,23],[19,23],[3,24],[7,24],[11,24],[15,24],[19,24]]",120,"success","success",136,46,47,0,812,5.7,6.7,12.4
"2026-10-09T04:57:40.172Z","benchmark","benchmark-1791521859669","maze","maze",5,"astar",25,25,3,"","",0.192,"1,23","E","23,1","[[3,0],[7,0],[11,0],[15,0],[19,0],[7,1],[15,1],[3,2],[7,2],[11,2],[15,2],[19,2],[3,3],[7,3],[11,3],[15,3],[19,3],[3,4],[7,4],[11,4],[15,4],[19,4],[3,5],[7,5],[11,5],[15,5],[19,5],[3,6],[7,6],[11,6],[15,6],[19,6],[3,7],[7,7],[11,7],[15,7],[19,7],[3,8],[7,8],[11,8],[15,8],[19,8],[3,9],[7,9],[11,9],[15,9],[19,9],[3,10],[7,10],[11,10],[15,10],[19,10],[3,11],[7,11],[11,11],[15,11],[19,11],[3,12],[7,12],[11,12],[15,12],[19,12],[3,13],[7,13],[11,13],[15,13],[19,13],[3,14],[7,14],[11,14],[15,14],[19,14],[3,15],[7,15],[11,15],[15,15],[19,15],[3,16],[7,16],[11,16],[15,16],[19,16],[3,17],[7,17],[11,17],[15,17],[19,17],[3,18],[7,18],[11,18],[15,18],[19,18],[3,19],[7,19],[11,19],[15,19],[19,19],[3,20],[7,20],[11,20],[15,20],[19,20],[3,21],[7,21],[11,21],[15,21],[19,21],[3,22],[7,22],[11,22],[15,22],[19,22],[3,23],[11,23],[19,23],[3,24],[7,24],[11,24],[15,24],[19,24]]",120,"success","success",136,46,47,0,8303,1.1,20.6,21.7
"2026-10-09T04:57:40.178Z","benchmark","benchmark-1791521859669","no-route","no-route",5,"astar",25,25,3,"","",0.04,"1,12","E","23,12","[[12,0],[12,1],[12,2],[12,3],[12,4],[12,5],[12,6],[12,7],[12,8],[12,9],[12,10],[12,11],[12,12],[12,13],[12,14],[12,15],[12,16],[12,17],[12,18],[12,19],[12,20],[12,21],[12,22],[12,23],[12,24]]",25,"no_route","no_route",48,25,25,0,2741,0.1,5.5,5.6
"2026-10-09T04:57:40.187Z","benchmark","benchmark-1791521859669","no-route","no-route",5,"dstar",25,25,3,"","",0.04,"1,12","E","23,12","[[12,0],[12,1],[12,2],[12,3],[12,4],[12,5],[12,6],[12,7],[12,8],[12,9],[12,10],[12,11],[12,12],[12,13],[12,14],[12,15],[12,16],[12,17],[12,18],[12,19],[12,20],[12,21],[12,22],[12,23],[12,24]]",25,"no_route","no_route",46,25,25,0,572,0.3,9.1,9.4
"2026-10-09T04:57:40.188Z","benchmark","benchmark-1791521859669","seeded-low-1701","seeded-low-1701",5,"dstar",25,25,3,1701,0.08,0.0832,"10,16","E","22,19","[[16,0],[9,1],[12,1],[17,2],[18,2],[5,4],[14,5],[12,6],[17,6],[21,6],[5,7],[16,7],[18,7],[1,8],[19,8],[20,8],[0,9],[0,12],[9,12],[13,12],[15,12],[17,13],[23,13],[5,14],[10,14],[20,14],[17,15],[18,15],[22,15],[2,16],[7,16],[8,16],[13,16],[4,17],[7,17],[14,17],[15,17],[8,19],[11,21],[12,21],[16,21],[20,21],[6,22],[12,22],[19,22],[3,23],[6,23],[15,23],[0,24],[9,24],[14,24],[19,24]]",52,"success","success",15,1,2,0,52,0.7,0.1,0.8
"2026-10-09T04:57:40.188Z","benchmark","benchmark-1791521859669","seeded-low-1701","seeded-low-1701",5,"astar",25,25,3,1701,0.08,0.0832,"10,16","E","22,19","[[16,0],[9,1],[12,1],[17,2],[18,2],[5,4],[14,5],[12,6],[17,6],[21,6],[5,7],[16,7],[18,7],[1,8],[19,8],[20,8],[0,9],[0,12],[9,12],[13,12],[15,12],[17,13],[23,13],[5,14],[10,14],[20,14],[17,15],[18,15],[22,15],[2,16],[7,16],[8,16],[13,16],[4,17],[7,17],[14,17],[15,17],[8,19],[11,21],[12,21],[16,21],[20,21],[6,22],[12,22],[19,22],[3,23],[6,23],[15,23],[0,24],[9,24],[14,24],[19,24]]",52,"success","success",15,1,2,0,64,0.1,0.2,0.3
"2026-10-09T04:57:40.189Z","benchmark","benchmark-1791521859669","seeded-low-2718","seeded-low-2718",5,"astar",25,25,3,2718,0.08,0.0736,"4,3","S","18,8","[[7,1],[22,1],[15,2],[19,2],[22,2],[0,3],[1,3],[18,3],[22,3],[9,5],[20,5],[12,7],[14,8],[21,8],[22,8],[24,8],[12,9],[22,9],[7,10],[21,10],[8,11],[20,11],[5,12],[6,12],[12,12],[13,13],[23,13],[18,14],[23,14],[8,15],[12,15],[9,16],[16,17],[17,17],[20,17],[1,18],[1,19],[10,19],[1,20],[2,20],[8,20],[7,21],[21,21],[0,24],[3,24],[6,24]]",46,"success","success",19,1,1,0,111,0.3,0.1,0.4
"2026-10-09T04:57:40.190Z","benchmark","benchmark-1791521859669","seeded-low-2718","seeded-low-2718",5,"dstar",25,25,3,2718,0.08,0.0736,"4,3","S","18,8","[[7,1],[22,1],[15,2],[19,2],[22,2],[0,3],[1,3],[18,3],[22,3],[9,5],[20,5],[12,7],[14,8],[21,8],[22,8],[24,8],[12,9],[22,9],[7,10],[21,10],[8,11],[20,11],[5,12],[6,12],[12,12],[13,13],[23,13],[18,14],[23,14],[8,15],[12,15],[9,16],[16,17],[17,17],[20,17],[1,18],[1,19],[10,19],[1,20],[2,20],[8,20],[7,21],[21,21],[0,24],[3,24],[6,24]]",46,"success","success",19,1,1,0,91,0.8,0,0.8
"2026-10-09T04:57:40.190Z","benchmark","benchmark-1791521859669","seeded-low-3141","seeded-low-3141",5,"dstar",25,25,3,3141,0.08,0.088,"15,6","E","17,24","[[13,0],[14,0],[19,0],[17,1],[3,2],[14,2],[8,3],[11,3],[19,3],[21,3],[24,3],[14,4],[19,4],[5,5],[9,5],[12,5],[17,5],[19,5],[22,5],[2,6],[9,7],[13,7],[14,7],[18,7],[13,8],[14,8],[3,9],[6,9],[8,11],[21,11],[22,11],[3,12],[24,12],[14,13],[19,14],[20,14],[4,15],[15,16],[18,16],[7,18],[16,18],[20,18],[22,18],[0,19],[3,19],[10,20],[12,20],[24,20],[13,21],[12,22],[23,22],[10,23],[19,23],[22,23],[2,24]]",55,"success","success",20,0,0,0,57,0.6,0,0.6
"2026-10-09T04:57:40.190Z","benchmark","benchmark-1791521859669","seeded-low-3141","seeded-low-3141",5,"astar",25,25,3,3141,0.08,0.088,"15,6","E","17,24","[[13,0],[14,0],[19,0],[17,1],[3,2],[14,2],[8,3],[11,3],[19,3],[21,3],[24,3],[14,4],[19,4],[5,5],[9,5],[12,5],[17,5],[19,5],[22,5],[2,6],[9,7],[13,7],[14,7],[18,7],[13,8],[14,8],[3,9],[6,9],[8,11],[21,11],[22,11],[3,12],[24,12],[14,13],[19,14],[20,14],[4,15],[15,16],[18,16],[7,18],[16,18],[20,18],[22,18],[0,19],[3,19],[10,20],[12,20],[24,20],[13,21],[12,22],[23,22],[10,23],[19,23],[22,23],[2,24]]",55,"success","success",20,0,0,0,56,0.1,0,0.1
"2026-10-09T04:57:40.191Z","benchmark","benchmark-1791521859669","seeded-low-4207","seeded-low-4207",5,"astar",25,25,3,4207,0.08,0.0768,"2,7","W","0,21","[[7,0],[14,0],[5,1],[12,1],[17,1],[11,2],[21,2],[24,2],[0,3],[5,3],[10,3],[15,3],[1,4],[15,4],[19,4],[23,5],[4,7],[21,7],[4,9],[9,9],[12,9],[21,9],[12,10],[7,11],[22,11],[10,12],[18,12],[17,14],[8,15],[11,15],[11,16],[4,17],[12,17],[14,17],[0,18],[2,18],[4,18],[5,18],[18,18],[20,18],[24,18],[13,20],[8,21],[11,21],[14,21],[5,22],[7,23],[11,24]]",48,"success","success",16,1,1,0,60,0,0,0
"2026-10-09T04:57:40.191Z","benchmark","benchmark-1791521859669","seeded-low-4207","seeded-low-4207",5,"dstar",25,25,3,4207,0.08,0.0768,"2,7","W","0,21","[[7,0],[14,0],[5,1],[12,1],[17,1],[11,2],[21,2],[24,2],[0,3],[5,3],[10,3],[15,3],[1,4],[15,4],[19,4],[23,5],[4,7],[21,7],[4,9],[9,9],[12,9],[21,9],[12,10],[7,11],[22,11],[10,12],[18,12],[17,14],[8,15],[11,15],[11,16],[4,17],[12,17],[14,17],[0,18],[2,18],[4,18],[5,18],[18,18],[20,18],[24,18],[13,20],[8,21],[11,21],[14,21],[5,22],[7,23],[11,24]]",48,"success","success",16,1,1,0,46,0.4,0,0.4
"2026-10-09T04:57:40.191Z","benchmark","benchmark-1791521859669","seeded-low-5629","seeded-low-5629",5,"dstar",25,25,3,5629,0.08,0.0864,"6,24","E","11,20","[[12,2],[14,2],[23,2],[1,3],[12,3],[21,3],[23,3],[1,4],[8,4],[15,4],[18,4],[14,6],[5,7],[17,7],[1,8],[0,9],[5,9],[10,9],[11,9],[12,9],[20,9],[2,10],[4,10],[21,10],[0,11],[7,11],[16,11],[20,11],[6,12],[11,12],[13,13],[7,14],[9,14],[11,14],[21,14],[23,15],[1,16],[15,16],[14,17],[17,17],[12,18],[17,18],[20,18],[6,20],[15,21],[16,21],[10,22],[17,22],[19,22],[3,23],[12,23],[7,24],[11,24],[14,24]]",54,"success","success",9,1,2,0,30,0.3,0.1,0.4
"2026-10-09T04:57:40.191Z","benchmark","benchmark-1791521859669","seeded-low-5629","seeded-low-5629",5,"astar",25,25,3,5629,0.08,0.0864,"6,24","E","11,20","[[12,2],[14,2],[23,2],[1,3],[12,3],[21,3],[23,3],[1,4],[8,4],[15,4],[18,4],[14,6],[5,7],[17,7],[1,8],[0,9],[5,9],[10,9],[11,9],[12,9],[20,9],[2,10],[4,10],[21,10],[0,11],[7,11],[16,11],[20,11],[6,12],[11,12],[13,13],[7,14],[9,14],[11,14],[21,14],[23,15],[1,16],[15,16],[14,17],[17,17],[12,18],[17,18],[20,18],[6,20],[15,21],[16,21],[10,22],[17,22],[19,22],[3,23],[12,23],[7,24],[11,24],[14,24]]",54,"success","success",9,1,2,0,46,0,0.1,0.1
"2026-10-09T04:57:40.192Z","benchmark","benchmark-1791521859669","seeded-low-7001","seeded-low-7001",5,"astar",25,25,3,7001,0.08,0.1008,"10,16","E","22,19","[[1,0],[9,0],[8,1],[12,1],[0,2],[13,2],[14,2],[23,2],[24,2],[4,3],[8,3],[17,3],[16,4],[7,5],[11,5],[18,5],[1,6],[15,6],[18,6],[0,7],[8,7],[1,8],[5,8],[18,8],[19,8],[23,8],[4,9],[11,9],[0,10],[5,10],[11,10],[6,11],[13,11],[4,12],[16,12],[1,13],[18,13],[20,13],[4,14],[9,14],[13,14],[10,15],[5,16],[7,16],[15,16],[16,16],[24,17],[16,18],[18,18],[20,18],[7,20],[11,20],[23,20],[24,20],[1,21],[15,21],[9,22],[14,22],[18,22],[8,23],[19,23],[5,24],[11,24]]",63,"success","success",15,2,2,0,91,0.1,0,0.1
"2026-10-09T04:57:40.192Z","benchmark","benchmark-1791521859669","seeded-low-7001","seeded-low-7001",5,"dstar",25,25,3,7001,0.08,0.1008,"10,16","E","22,19","[[1,0],[9,0],[8,1],[12,1],[0,2],[13,2],[14,2],[23,2],[24,2],[4,3],[8,3],[17,3],[16,4],[7,5],[11,5],[18,5],[1,6],[15,6],[18,6],[0,7],[8,7],[1,8],[5,8],[18,8],[19,8],[23,8],[4,9],[11,9],[0,10],[5,10],[11,10],[6,11],[13,11],[4,12],[16,12],[1,13],[18,13],[20,13],[4,14],[9,14],[13,14],[10,15],[5,16],[7,16],[15,16],[16,16],[24,17],[16,18],[18,18],[20,18],[7,20],[11,20],[23,20],[24,20],[1,21],[15,21],[9,22],[14,22],[18,22],[8,23],[19,23],[5,24],[11,24]]",63,"success","success",15,2,2,0,53,0.5,0.1,0.6
"2026-10-09T04:57:40.194Z","benchmark","benchmark-1791521859669","seeded-medium-1701","seeded-medium-1701",5,"dstar",25,25,3,1701,0.16,0.1856,"10,16","E","22,19","[[4,0],[6,0],[12,0],[16,0],[19,0],[24,0],[9,1],[10,1],[12,1],[4,2],[8,2],[15,2],[17,2],[18,2],[0,3],[18,3],[5,4],[10,4],[11,4],[22,4],[14,5],[18,5],[7,6],[12,6],[17,6],[18,6],[20,6],[21,6],[5,7],[10,7],[16,7],[18,7],[0,8],[1,8],[2,8],[13,8],[19,8],[20,8],[0,9],[5,9],[8,9],[13,9],[17,9],[7,10],[8,10],[10,10],[20,10],[3,11],[16,11],[22,11],[0,12],[6,12],[9,12],[13,12],[15,12],[16,12],[7,13],[12,13],[17,13],[19,13],[23,13],[0,14],[5,14],[10,14],[20,14],[1,15],[2,15],[17,15],[18,15],[22,15],[23,15],[2,16],[3,16],[7,16],[8,16],[13,16],[0,17],[4,17],[7,17],[14,17],[15,17],[9,18],[10,18],[14,18],[21,18],[22,18],[8,19],[11,19],[20,19],[12,20],[0,21],[3,21],[9,21],[11,21],[12,21],[16,21],[20,21],[22,21],[6,22],[12,22],[15,22],[16,22],[19,22],[21,22],[3,23],[6,23],[7,23],[8,23],[9,23],[12,23],[15,23],[19,23],[0,24],[9,24],[14,24],[19,24]]",116,"success","success",21,6,7,0,83,1,0.8,1.8
"2026-10-09T04:57:40.195Z","benchmark","benchmark-1791521859669","seeded-medium-1701","seeded-medium-1701",5,"astar",25,25,3,1701,0.16,0.1856,"10,16","E","22,19","[[4,0],[6,0],[12,0],[16,0],[19,0],[24,0],[9,1],[10,1],[12,1],[4,2],[8,2],[15,2],[17,2],[18,2],[0,3],[18,3],[5,4],[10,4],[11,4],[22,4],[14,5],[18,5],[7,6],[12,6],[17,6],[18,6],[20,6],[21,6],[5,7],[10,7],[16,7],[18,7],[0,8],[1,8],[2,8],[13,8],[19,8],[20,8],[0,9],[5,9],[8,9],[13,9],[17,9],[7,10],[8,10],[10,10],[20,10],[3,11],[16,11],[22,11],[0,12],[6,12],[9,12],[13,12],[15,12],[16,12],[7,13],[12,13],[17,13],[19,13],[23,13],[0,14],[5,14],[10,14],[20,14],[1,15],[2,15],[17,15],[18,15],[22,15],[23,15],[2,16],[3,16],[7,16],[8,16],[13,16],[0,17],[4,17],[7,17],[14,17],[15,17],[9,18],[10,18],[14,18],[21,18],[22,18],[8,19],[11,19],[20,19],[12,20],[0,21],[3,21],[9,21],[11,21],[12,21],[16,21],[20,21],[22,21],[6,22],[12,22],[15,22],[16,22],[19,22],[21,22],[3,23],[6,23],[7,23],[8,23],[9,23],[12,23],[15,23],[19,23],[0,24],[9,24],[14,24],[19,24]]",116,"success","success",21,5,6,0,112,0.2,0.3,0.5
"2026-10-09T04:57:40.196Z","benchmark","benchmark-1791521859669","seeded-medium-2718","seeded-medium-2718",5,"astar",25,25,3,2718,0.16,0.1504,"4,3","S","18,8","[[7,0],[9,0],[7,1],[9,1],[22,1],[14,2],[15,2],[17,2],[18,2],[19,2],[22,2],[0,3],[1,3],[6,3],[9,3],[10,3],[16,3],[18,3],[22,3],[3,5],[9,5],[14,5],[16,5],[20,5],[11,7],[12,7],[16,7],[17,7],[7,8],[14,8],[21,8],[22,8],[24,8],[12,9],[14,9],[15,9],[22,9],[7,10],[20,10],[21,10],[5,11],[8,11],[15,11],[20,11],[5,12],[6,12],[11,12],[12,12],[4,13],[13,13],[23,13],[18,14],[23,14],[6,15],[8,15],[9,15],[12,15],[21,15],[8,16],[9,16],[16,17],[17,17],[20,17],[1,18],[10,18],[1,19],[7,19],[8,19],[10,19],[19,19],[1,20],[2,20],[8,20],[11,20],[18,20],[21,20],[7,21],[11,21],[14,21],[21,21],[0,22],[4,22],[12,22],[17,22],[0,23],[4,23],[7,23],[22,23],[0,24],[3,24],[6,24],[10,24],[11,24],[22,24]]",94,"success","success",19,1,1,0,165,0.4,0.3,0.7
"2026-10-09T04:57:40.197Z","benchmark","benchmark-1791521859669","seeded-medium-2718","seeded-medium-2718",5,"dstar",25,25,3,2718,0.16,0.1504,"4,3","S","18,8","[[7,0],[9,0],[7,1],[9,1],[22,1],[14,2],[15,2],[17,2],[18,2],[19,2],[22,2],[0,3],[1,3],[6,3],[9,3],[10,3],[16,3],[18,3],[22,3],[3,5],[9,5],[14,5],[16,5],[20,5],[11,7],[12,7],[16,7],[17,7],[7,8],[14,8],[21,8],[22,8],[24,8],[12,9],[14,9],[15,9],[22,9],[7,10],[20,10],[21,10],[5,11],[8,11],[15,11],[20,11],[5,12],[6,12],[11,12],[12,12],[4,13],[13,13],[23,13],[18,14],[23,14],[6,15],[8,15],[9,15],[12,15],[21,15],[8,16],[9,16],[16,17],[17,17],[20,17],[1,18],[10,18],[1,19],[7,19],[8,19],[10,19],[19,19],[1,20],[2,20],[8,20],[11,20],[18,20],[21,20],[7,21],[11,21],[14,21],[21,21],[0,22],[4,22],[12,22],[17,22],[0,23],[4,23],[7,23],[22,23],[0,24],[3,24],[6,24],[10,24],[11,24],[22,24]]",94,"success","success",19,1,1,0,91,1.4,0.1,1.5
"2026-10-09T04:57:40.199Z","benchmark","benchmark-1791521859669","seeded-medium-3141","seeded-medium-3141",5,"dstar",25,25,3,3141,0.16,0.1552,"15,6","E","17,24","[[4,0],[13,0],[14,0],[19,0],[0,1],[1,1],[2,1],[12,1],[17,1],[3,2],[5,2],[14,2],[5,3],[8,3],[11,3],[13,3],[14,3],[19,3],[20,3],[21,3],[22,3],[24,3],[6,4],[14,4],[19,4],[5,5],[9,5],[12,5],[14,5],[17,5],[19,5],[22,5],[2,6],[24,6],[9,7],[13,7],[14,7],[18,7],[19,7],[6,8],[13,8],[14,8],[17,8],[19,8],[3,9],[5,9],[6,9],[17,9],[19,9],[23,9],[10,10],[12,10],[13,10],[0,11],[8,11],[14,11],[21,11],[22,11],[3,12],[6,12],[24,12],[14,13],[0,14],[18,14],[19,14],[20,14],[4,15],[6,15],[15,16],[18,16],[12,17],[14,17],[7,18],[16,18],[17,18],[20,18],[22,18],[0,19],[3,19],[4,19],[10,20],[11,20],[12,20],[15,20],[24,20],[0,21],[8,21],[13,21],[12,22],[19,22],[23,22],[10,23],[19,23],[22,23],[2,24],[13,24],[19,24]]",97,"success","success",30,9,9,0,140,0.5,1.2,1.7
"2026-10-09T04:57:40.200Z","benchmark","benchmark-1791521859669","seeded-medium-3141","seeded-medium-3141",5,"astar",25,25,3,3141,0.16,0.1552,"15,6","E","17,24","[[4,0],[13,0],[14,0],[19,0],[0,1],[1,1],[2,1],[12,1],[17,1],[3,2],[5,2],[14,2],[5,3],[8,3],[11,3],[13,3],[14,3],[19,3],[20,3],[21,3],[22,3],[24,3],[6,4],[14,4],[19,4],[5,5],[9,5],[12,5],[14,5],[17,5],[19,5],[22,5],[2,6],[24,6],[9,7],[13,7],[14,7],[18,7],[19,7],[6,8],[13,8],[14,8],[17,8],[19,8],[3,9],[5,9],[6,9],[17,9],[19,9],[23,9],[10,10],[12,10],[13,10],[0,11],[8,11],[14,11],[21,11],[22,11],[3,12],[6,12],[24,12],[14,13],[0,14],[18,14],[19,14],[20,14],[4,15],[6,15],[15,16],[18,16],[12,17],[14,17],[7,18],[16,18],[17,18],[20,18],[22,18],[0,19],[3,19],[4,19],[10,20],[11,20],[12,20],[15,20],[24,20],[0,21],[8,21],[13,21],[12,22],[19,22],[23,22],[10,23],[19,23],[22,23],[2,24],[13,24],[19,24]]",97,"success","success",24,5,5,0,241,0.2,0.2,0.4
"2026-10-09T04:57:40.200Z","benchmark","benchmark-1791521859669","seeded-medium-4207","seeded-medium-4207",5,"astar",25,25,3,4207,0.16,0.1584,"2,7","W","0,21","[[0,0],[7,0],[14,0],[20,0],[5,1],[12,1],[15,1],[17,1],[6,2],[8,2],[11,2],[16,2],[21,2],[23,2],[24,2],[0,3],[5,3],[10,3],[15,3],[1,4],[15,4],[17,4],[19,4],[24,4],[2,5],[3,5],[5,5],[7,5],[13,5],[23,5],[5,6],[17,6],[18,6],[4,7],[21,7],[24,8],[4,9],[9,9],[11,9],[12,9],[14,9],[21,9],[2,10],[3,10],[4,10],[12,10],[16,10],[2,11],[7,11],[13,11],[22,11],[6,12],[10,12],[12,12],[13,12],[18,12],[22,12],[23,13],[1,14],[17,14],[18,14],[8,15],[11,15],[24,15],[8,16],[11,16],[13,16],[14,16],[4,17],[6,17],[12,17],[14,17],[24,17],[0,18],[2,18],[4,18],[5,18],[12,18],[18,18],[20,18],[24,18],[4,20],[9,20],[13,20],[18,20],[2,21],[8,21],[11,21],[14,21],[23,21],[0,22],[5,22],[7,22],[22,22],[23,22],[7,23],[16,23],[11,24],[16,24]]",99,"success","success",18,3,3,0,102,0,0.2,0.2
"2026-10-09T04:57:40.201Z","benchmark","benchmark-1791521859669","seeded-medium-4207","seeded-medium-4207",5,"dstar",25,25,3,4207,0.16,0.1584,"2,7","W","0,21","[[0,0],[7,0],[14,0],[20,0],[5,1],[12,1],[15,1],[17,1],[6,2],[8,2],[11,2],[16,2],[21,2],[23,2],[24,2],[0,3],[5,3],[10,3],[15,3],[1,4],[15,4],[17,4],[19,4],[24,4],[2,5],[3,5],[5,5],[7,5],[13,5],[23,5],[5,6],[17,6],[18,6],[4,7],[21,7],[24,8],[4,9],[9,9],[11,9],[12,9],[14,9],[21,9],[2,10],[3,10],[4,10],[12,10],[16,10],[2,11],[7,11],[13,11],[22,11],[6,12],[10,12],[12,12],[13,12],[18,12],[22,12],[23,13],[1,14],[17,14],[18,14],[8,15],[11,15],[24,15],[8,16],[11,16],[13,16],[14,16],[4,17],[6,17],[12,17],[14,17],[24,17],[0,18],[2,18],[4,18],[5,18],[12,18],[18,18],[20,18],[24,18],[4,20],[9,20],[13,20],[18,20],[2,21],[8,21],[11,21],[14,21],[23,21],[0,22],[5,22],[7,22],[22,22],[23,22],[7,23],[16,23],[11,24],[16,24]]",99,"success","success",18,3,3,0,56,0.4,0.2,0.6
"2026-10-09T04:57:40.202Z","benchmark","benchmark-1791521859669","seeded-medium-5629","seeded-medium-5629",5,"dstar",25,25,3,5629,0.16,0.1568,"6,24","E","11,20","[[12,0],[14,0],[16,0],[24,0],[14,1],[18,1],[20,1],[22,1],[23,1],[11,2],[12,2],[14,2],[21,2],[23,2],[1,3],[12,3],[13,3],[20,3],[21,3],[22,3],[23,3],[0,4],[1,4],[7,4],[8,4],[15,4],[18,4],[19,5],[14,6],[5,7],[15,7],[17,7],[19,7],[21,7],[1,8],[8,8],[22,8],[0,9],[5,9],[10,9],[11,9],[12,9],[20,9],[22,9],[2,10],[3,10],[4,10],[17,10],[21,10],[24,10],[0,11],[5,11],[6,11],[7,11],[16,11],[20,11],[6,12],[11,12],[13,13],[4,14],[7,14],[9,14],[11,14],[21,14],[14,15],[15,15],[23,15],[1,16],[15,16],[2,17],[4,17],[9,17],[14,17],[17,17],[22,17],[23,17],[12,18],[17,18],[20,18],[4,20],[6,20],[7,20],[15,21],[16,21],[17,21],[10,22],[14,22],[17,22],[19,22],[3,23],[4,23],[11,23],[12,23],[7,24],[9,24],[11,24],[14,24],[15,24]]",98,"success","success",9,2,3,0,31,0.5,0,0.5
"2026-10-09T04:57:40.202Z","benchmark","benchmark-1791521859669","seeded-medium-5629","seeded-medium-5629",5,"astar",25,25,3,5629,0.16,0.1568,"6,24","E","11,20","[[12,0],[14,0],[16,0],[24,0],[14,1],[18,1],[20,1],[22,1],[23,1],[11,2],[12,2],[14,2],[21,2],[23,2],[1,3],[12,3],[13,3],[20,3],[21,3],[22,3],[23,3],[0,4],[1,4],[7,4],[8,4],[15,4],[18,4],[19,5],[14,6],[5,7],[15,7],[17,7],[19,7],[21,7],[1,8],[8,8],[22,8],[0,9],[5,9],[10,9],[11,9],[12,9],[20,9],[22,9],[2,10],[3,10],[4,10],[17,10],[21,10],[24,10],[0,11],[5,11],[6,11],[7,11],[16,11],[20,11],[6,12],[11,12],[13,13],[4,14],[7,14],[9,14],[11,14],[21,14],[14,15],[15,15],[23,15],[1,16],[15,16],[2,17],[4,17],[9,17],[14,17],[17,17],[22,17],[23,17],[12,18],[17,18],[20,18],[4,20],[6,20],[7,20],[15,21],[16,21],[17,21],[10,22],[14,22],[17,22],[19,22],[3,23],[4,23],[11,23],[12,23],[7,24],[9,24],[11,24],[14,24],[15,24]]",98,"success","success",9,2,3,0,54,0,0.1,0.1
"2026-10-09T04:57:40.202Z","benchmark","benchmark-1791521859669","seeded-medium-7001","seeded-medium-7001",5,"astar",25,25,3,7001,0.16,0.1856,"10,16","E","22,19","[[1,0],[9,0],[13,0],[22,0],[2,1],[8,1],[12,1],[0,2],[4,2],[13,2],[14,2],[23,2],[24,2],[4,3],[8,3],[16,3],[17,3],[18,3],[1,4],[6,4],[8,4],[16,4],[23,4],[7,5],[11,5],[18,5],[1,6],[2,6],[9,6],[15,6],[17,6],[18,6],[0,7],[1,7],[8,7],[23,7],[0,8],[1,8],[3,8],[5,8],[10,8],[12,8],[18,8],[19,8],[23,8],[4,9],[6,9],[11,9],[12,9],[13,9],[18,9],[21,9],[24,9],[0,10],[4,10],[5,10],[11,10],[1,11],[2,11],[6,11],[13,11],[18,11],[20,11],[4,12],[16,12],[1,13],[10,13],[16,13],[18,13],[20,13],[4,14],[8,14],[9,14],[13,14],[15,14],[16,14],[17,14],[20,14],[10,15],[15,15],[5,16],[7,16],[15,16],[16,16],[17,16],[21,16],[22,16],[23,17],[24,17],[10,18],[16,18],[18,18],[20,18],[3,19],[24,19],[3,20],[7,20],[11,20],[23,20],[24,20],[1,21],[6,21],[15,21],[9,22],[10,22],[14,22],[18,22],[21,22],[8,23],[19,23],[5,24],[11,24],[13,24],[15,24],[22,24],[24,24]]",116,"success","success",15,2,2,0,94,0.1,0,0.1
"2026-10-09T04:57:40.203Z","benchmark","benchmark-1791521859669","seeded-medium-7001","seeded-medium-7001",5,"dstar",25,25,3,7001,0.16,0.1856,"10,16","E","22,19","[[1,0],[9,0],[13,0],[22,0],[2,1],[8,1],[12,1],[0,2],[4,2],[13,2],[14,2],[23,2],[24,2],[4,3],[8,3],[16,3],[17,3],[18,3],[1,4],[6,4],[8,4],[16,4],[23,4],[7,5],[11,5],[18,5],[1,6],[2,6],[9,6],[15,6],[17,6],[18,6],[0,7],[1,7],[8,7],[23,7],[0,8],[1,8],[3,8],[5,8],[10,8],[12,8],[18,8],[19,8],[23,8],[4,9],[6,9],[11,9],[12,9],[13,9],[18,9],[21,9],[24,9],[0,10],[4,10],[5,10],[11,10],[1,11],[2,11],[6,11],[13,11],[18,11],[20,11],[4,12],[16,12],[1,13],[10,13],[16,13],[18,13],[20,13],[4,14],[8,14],[9,14],[13,14],[15,14],[16,14],[17,14],[20,14],[10,15],[15,15],[5,16],[7,16],[15,16],[16,16],[17,16],[21,16],[22,16],[23,17],[24,17],[10,18],[16,18],[18,18],[20,18],[3,19],[24,19],[3,20],[7,20],[11,20],[23,20],[24,20],[1,21],[6,21],[15,21],[9,22],[10,22],[14,22],[18,22],[21,22],[8,23],[19,23],[5,24],[11,24],[13,24],[15,24],[22,24],[24,24]]",116,"success","success",15,2,2,0,53,0.5,0,0.5
"2026-10-09T04:57:40.204Z","benchmark","benchmark-1791521859669","seeded-high-1701","seeded-high-1701",5,"dstar",25,25,3,1701,0.24,0.2464,"10,16","E","22,19","[[4,0],[5,0],[6,0],[12,0],[16,0],[19,0],[21,0],[22,0],[24,0],[5,1],[9,1],[10,1],[12,1],[4,2],[6,2],[8,2],[15,2],[17,2],[18,2],[20,2],[0,3],[4,3],[6,3],[16,3],[18,3],[22,3],[5,4],[8,4],[9,4],[10,4],[11,4],[13,4],[16,4],[18,4],[22,4],[0,5],[3,5],[12,5],[14,5],[16,5],[18,5],[7,6],[12,6],[17,6],[18,6],[20,6],[21,6],[5,7],[10,7],[16,7],[18,7],[0,8],[1,8],[2,8],[13,8],[18,8],[19,8],[20,8],[23,8],[0,9],[3,9],[5,9],[8,9],[13,9],[17,9],[7,10],[8,10],[9,10],[10,10],[20,10],[3,11],[7,11],[12,11],[16,11],[22,11],[0,12],[6,12],[9,12],[13,12],[15,12],[16,12],[7,13],[12,13],[17,13],[19,13],[23,13],[0,14],[2,14],[5,14],[10,14],[20,14],[1,15],[2,15],[17,15],[18,15],[22,15],[23,15],[2,16],[3,16],[7,16],[8,16],[13,16],[0,17],[4,17],[7,17],[14,17],[15,17],[16,17],[0,18],[8,18],[9,18],[10,18],[14,18],[21,18],[22,18],[8,19],[11,19],[20,19],[12,20],[23,20],[0,21],[3,21],[4,21],[9,21],[10,21],[11,21],[12,21],[16,21],[20,21],[22,21],[2,22],[6,22],[12,22],[15,22],[16,22],[18,22],[19,22],[21,22],[3,23],[6,23],[7,23],[8,23],[9,23],[11,23],[12,23],[15,23],[19,23],[20,23],[23,23],[0,24],[9,24],[10,24],[14,24],[19,24]]",154,"success","success",21,7,8,0,83,0.8,0.4,1.2
"2026-10-09T04:57:40.204Z","benchmark","benchmark-1791521859669","seeded-high-1701","seeded-high-1701",5,"astar",25,25,3,1701,0.24,0.2464,"10,16","E","22,19","[[4,0],[5,0],[6,0],[12,0],[16,0],[19,0],[21,0],[22,0],[24,0],[5,1],[9,1],[10,1],[12,1],[4,2],[6,2],[8,2],[15,2],[17,2],[18,2],[20,2],[0,3],[4,3],[6,3],[16,3],[18,3],[22,3],[5,4],[8,4],[9,4],[10,4],[11,4],[13,4],[16,4],[18,4],[22,4],[0,5],[3,5],[12,5],[14,5],[16,5],[18,5],[7,6],[12,6],[17,6],[18,6],[20,6],[21,6],[5,7],[10,7],[16,7],[18,7],[0,8],[1,8],[2,8],[13,8],[18,8],[19,8],[20,8],[23,8],[0,9],[3,9],[5,9],[8,9],[13,9],[17,9],[7,10],[8,10],[9,10],[10,10],[20,10],[3,11],[7,11],[12,11],[16,11],[22,11],[0,12],[6,12],[9,12],[13,12],[15,12],[16,12],[7,13],[12,13],[17,13],[19,13],[23,13],[0,14],[2,14],[5,14],[10,14],[20,14],[1,15],[2,15],[17,15],[18,15],[22,15],[23,15],[2,16],[3,16],[7,16],[8,16],[13,16],[0,17],[4,17],[7,17],[14,17],[15,17],[16,17],[0,18],[8,18],[9,18],[10,18],[14,18],[21,18],[22,18],[8,19],[11,19],[20,19],[12,20],[23,20],[0,21],[3,21],[4,21],[9,21],[10,21],[11,21],[12,21],[16,21],[20,21],[22,21],[2,22],[6,22],[12,22],[15,22],[16,22],[18,22],[19,22],[21,22],[3,23],[6,23],[7,23],[8,23],[9,23],[11,23],[12,23],[15,23],[19,23],[20,23],[23,23],[0,24],[9,24],[10,24],[14,24],[19,24]]",154,"success","success",21,6,7,0,116,0.1,0.1,0.2
"2026-10-09T04:57:40.205Z","benchmark","benchmark-1791521859669","seeded-high-2718","seeded-high-2718",5,"astar",25,25,3,2718,0.24,0.224,"4,3","S","18,8","[[7,0],[8,0],[9,0],[22,0],[7,1],[9,1],[19,1],[22,1],[3,2],[13,2],[14,2],[15,2],[17,2],[18,2],[19,2],[21,2],[22,2],[0,3],[1,3],[6,3],[9,3],[10,3],[16,3],[18,3],[22,3],[23,3],[5,4],[3,5],[9,5],[14,5],[16,5],[20,5],[7,6],[8,6],[10,6],[4,7],[7,7],[11,7],[12,7],[16,7],[17,7],[7,8],[14,8],[21,8],[22,8],[24,8],[6,9],[12,9],[14,9],[15,9],[22,9],[7,10],[11,10],[17,10],[20,10],[21,10],[23,10],[0,11],[2,11],[3,11],[5,11],[6,11],[8,11],[15,11],[20,11],[5,12],[6,12],[7,12],[11,12],[12,12],[3,13],[4,13],[7,13],[13,13],[23,13],[2,14],[11,14],[17,14],[18,14],[23,14],[4,15],[6,15],[7,15],[8,15],[9,15],[12,15],[21,15],[7,16],[8,16],[9,16],[18,16],[16,17],[17,17],[20,17],[1,18],[2,18],[5,18],[10,18],[14,18],[17,18],[22,18],[1,19],[7,19],[8,19],[10,19],[19,19],[1,20],[2,20],[5,20],[6,20],[8,20],[11,20],[18,20],[21,20],[2,21],[3,21],[7,21],[11,21],[14,21],[21,21],[0,22],[4,22],[8,22],[12,22],[17,22],[0,23],[4,23],[5,23],[7,23],[15,23],[21,23],[22,23],[0,24],[3,24],[6,24],[10,24],[11,24],[12,24],[16,24],[22,24]]",140,"success","success",21,4,4,0,353,0.2,0.5,0.7
"2026-10-09T04:57:40.206Z","benchmark","benchmark-1791521859669","seeded-high-2718","seeded-high-2718",5,"dstar",25,25,3,2718,0.24,0.224,"4,3","S","18,8","[[7,0],[8,0],[9,0],[22,0],[7,1],[9,1],[19,1],[22,1],[3,2],[13,2],[14,2],[15,2],[17,2],[18,2],[19,2],[21,2],[22,2],[0,3],[1,3],[6,3],[9,3],[10,3],[16,3],[18,3],[22,3],[23,3],[5,4],[3,5],[9,5],[14,5],[16,5],[20,5],[7,6],[8,6],[10,6],[4,7],[7,7],[11,7],[12,7],[16,7],[17,7],[7,8],[14,8],[21,8],[22,8],[24,8],[6,9],[12,9],[14,9],[15,9],[22,9],[7,10],[11,10],[17,10],[20,10],[21,10],[23,10],[0,11],[2,11],[3,11],[5,11],[6,11],[8,11],[15,11],[20,11],[5,12],[6,12],[7,12],[11,12],[12,12],[3,13],[4,13],[7,13],[13,13],[23,13],[2,14],[11,14],[17,14],[18,14],[23,14],[4,15],[6,15],[7,15],[8,15],[9,15],[12,15],[21,15],[7,16],[8,16],[9,16],[18,16],[16,17],[17,17],[20,17],[1,18],[2,18],[5,18],[10,18],[14,18],[17,18],[22,18],[1,19],[7,19],[8,19],[10,19],[19,19],[1,20],[2,20],[5,20],[6,20],[8,20],[11,20],[18,20],[21,20],[2,21],[3,21],[7,21],[11,21],[14,21],[21,21],[0,22],[4,22],[8,22],[12,22],[17,22],[0,23],[4,23],[5,23],[7,23],[15,23],[21,23],[22,23],[0,24],[3,24],[6,24],[10,24],[11,24],[12,24],[16,24],[22,24]]",140,"success","success",21,4,4,0,130,0.8,0.5,1.3
"2026-10-09T04:57:40.209Z","benchmark","benchmark-1791521859669","seeded-high-3141","seeded-high-3141",5,"dstar",25,25,3,3141,0.24,0.2336,"15,6","E","17,24","[[4,0],[13,0],[14,0],[19,0],[24,0],[0,1],[1,1],[2,1],[5,1],[12,1],[14,1],[17,1],[18,1],[19,1],[3,2],[5,2],[13,2],[14,2],[1,3],[5,3],[8,3],[11,3],[13,3],[14,3],[19,3],[20,3],[21,3],[22,3],[24,3],[6,4],[14,4],[19,4],[23,4],[5,5],[9,5],[10,5],[11,5],[12,5],[14,5],[16,5],[17,5],[19,5],[22,5],[1,6],[2,6],[5,6],[7,6],[24,6],[1,7],[9,7],[13,7],[14,7],[18,7],[19,7],[21,7],[6,8],[13,8],[14,8],[17,8],[19,8],[3,9],[5,9],[6,9],[17,9],[19,9],[23,9],[0,10],[10,10],[12,10],[13,10],[0,11],[8,11],[14,11],[16,11],[21,11],[22,11],[3,12],[6,12],[15,12],[24,12],[4,13],[14,13],[19,13],[0,14],[14,14],[17,14],[18,14],[19,14],[20,14],[4,15],[6,15],[8,15],[9,15],[15,16],[17,16],[18,16],[3,17],[7,17],[12,17],[14,17],[16,17],[3,18],[7,18],[10,18],[12,18],[14,18],[16,18],[17,18],[20,18],[22,18],[24,18],[0,19],[1,19],[3,19],[4,19],[13,19],[18,19],[19,19],[5,20],[9,20],[10,20],[11,20],[12,20],[15,20],[17,20],[24,20],[0,21],[8,21],[13,21],[23,21],[3,22],[4,22],[9,22],[11,22],[12,22],[19,22],[21,22],[23,22],[10,23],[19,23],[22,23],[23,23],[2,24],[13,24],[15,24],[19,24]]",146,"success","success",48,20,20,0,217,0.6,2.3,2.9
"2026-10-09T04:57:40.211Z","benchmark","benchmark-1791521859669","seeded-high-3141","seeded-high-3141",5,"astar",25,25,3,3141,0.24,0.2336,"15,6","E","17,24","[[4,0],[13,0],[14,0],[19,0],[24,0],[0,1],[1,1],[2,1],[5,1],[12,1],[14,1],[17,1],[18,1],[19,1],[3,2],[5,2],[13,2],[14,2],[1,3],[5,3],[8,3],[11,3],[13,3],[14,3],[19,3],[20,3],[21,3],[22,3],[24,3],[6,4],[14,4],[19,4],[23,4],[5,5],[9,5],[10,5],[11,5],[12,5],[14,5],[16,5],[17,5],[19,5],[22,5],[1,6],[2,6],[5,6],[7,6],[24,6],[1,7],[9,7],[13,7],[14,7],[18,7],[19,7],[21,7],[6,8],[13,8],[14,8],[17,8],[19,8],[3,9],[5,9],[6,9],[17,9],[19,9],[23,9],[0,10],[10,10],[12,10],[13,10],[0,11],[8,11],[14,11],[16,11],[21,11],[22,11],[3,12],[6,12],[15,12],[24,12],[4,13],[14,13],[19,13],[0,14],[14,14],[17,14],[18,14],[19,14],[20,14],[4,15],[6,15],[8,15],[9,15],[15,16],[17,16],[18,16],[3,17],[7,17],[12,17],[14,17],[16,17],[3,18],[7,18],[10,18],[12,18],[14,18],[16,18],[17,18],[20,18],[22,18],[24,18],[0,19],[1,19],[3,19],[4,19],[13,19],[18,19],[19,19],[5,20],[9,20],[10,20],[11,20],[12,20],[15,20],[17,20],[24,20],[0,21],[8,21],[13,21],[23,21],[3,22],[4,22],[9,22],[11,22],[12,22],[19,22],[21,22],[23,22],[10,23],[19,23],[22,23],[23,23],[2,24],[13,24],[15,24],[19,24]]",146,"success","success",44,21,21,0,553,0.1,0.9,1
"2026-10-09T04:57:40.211Z","benchmark","benchmark-1791521859669","seeded-high-4207","seeded-high-4207",5,"astar",25,25,3,4207,0.24,0.2256,"2,7","W","0,21","[[0,0],[7,0],[10,0],[14,0],[20,0],[0,1],[2,1],[5,1],[12,1],[15,1],[17,1],[19,1],[22,1],[6,2],[8,2],[11,2],[16,2],[21,2],[23,2],[24,2],[0,3],[5,3],[9,3],[10,3],[15,3],[21,3],[1,4],[15,4],[17,4],[19,4],[24,4],[2,5],[3,5],[5,5],[7,5],[9,5],[13,5],[21,5],[23,5],[5,6],[6,6],[17,6],[18,6],[23,6],[4,7],[21,7],[12,8],[15,8],[20,8],[21,8],[23,8],[24,8],[4,9],[6,9],[9,9],[11,9],[12,9],[13,9],[14,9],[21,9],[1,10],[2,10],[3,10],[4,10],[12,10],[16,10],[2,11],[4,11],[7,11],[9,11],[11,11],[13,11],[22,11],[0,12],[3,12],[6,12],[10,12],[12,12],[13,12],[18,12],[21,12],[22,12],[23,13],[1,14],[4,14],[12,14],[17,14],[18,14],[20,14],[8,15],[11,15],[24,15],[5,16],[8,16],[11,16],[13,16],[14,16],[4,17],[5,17],[6,17],[12,17],[13,17],[14,17],[24,17],[0,18],[2,18],[4,18],[5,18],[12,18],[16,18],[18,18],[20,18],[24,18],[12,19],[16,19],[4,20],[9,20],[13,20],[18,20],[23,20],[2,21],[8,21],[11,21],[12,21],[14,21],[23,21],[0,22],[5,22],[6,22],[7,22],[9,22],[22,22],[23,22],[4,23],[7,23],[14,23],[16,23],[1,24],[11,24],[14,24],[16,24]]",141,"success","success",20,6,6,0,159,0,0.2,0.2
"2026-10-09T04:57:40.212Z","benchmark","benchmark-1791521859669","seeded-high-4207","seeded-high-4207",5,"dstar",25,25,3,4207,0.24,0.2256,"2,7","W","0,21","[[0,0],[7,0],[10,0],[14,0],[20,0],[0,1],[2,1],[5,1],[12,1],[15,1],[17,1],[19,1],[22,1],[6,2],[8,2],[11,2],[16,2],[21,2],[23,2],[24,2],[0,3],[5,3],[9,3],[10,3],[15,3],[21,3],[1,4],[15,4],[17,4],[19,4],[24,4],[2,5],[3,5],[5,5],[7,5],[9,5],[13,5],[21,5],[23,5],[5,6],[6,6],[17,6],[18,6],[23,6],[4,7],[21,7],[12,8],[15,8],[20,8],[21,8],[23,8],[24,8],[4,9],[6,9],[9,9],[11,9],[12,9],[13,9],[14,9],[21,9],[1,10],[2,10],[3,10],[4,10],[12,10],[16,10],[2,11],[4,11],[7,11],[9,11],[11,11],[13,11],[22,11],[0,12],[3,12],[6,12],[10,12],[12,12],[13,12],[18,12],[21,12],[22,12],[23,13],[1,14],[4,14],[12,14],[17,14],[18,14],[20,14],[8,15],[11,15],[24,15],[5,16],[8,16],[11,16],[13,16],[14,16],[4,17],[5,17],[6,17],[12,17],[13,17],[14,17],[24,17],[0,18],[2,18],[4,18],[5,18],[12,18],[16,18],[18,18],[20,18],[24,18],[12,19],[16,19],[4,20],[9,20],[13,20],[18,20],[23,20],[2,21],[8,21],[11,21],[12,21],[14,21],[23,21],[0,22],[5,22],[6,22],[7,22],[9,22],[22,22],[23,22],[4,23],[7,23],[14,23],[16,23],[1,24],[11,24],[14,24],[16,24]]",141,"success","success",20,6,6,0,66,0.3,0.4,0.7
"2026-10-09T04:57:40.212Z","benchmark","benchmark-1791521859669","seeded-high-5629","seeded-high-5629",5,"dstar",25,25,3,5629,0.24,0.232,"6,24","E","11,20","[[3,0],[6,0],[12,0],[14,0],[16,0],[24,0],[14,1],[18,1],[20,1],[22,1],[23,1],[11,2],[12,2],[14,2],[21,2],[22,2],[23,2],[24,2],[0,3],[1,3],[6,3],[11,3],[12,3],[13,3],[20,3],[21,3],[22,3],[23,3],[24,3],[0,4],[1,4],[7,4],[8,4],[11,4],[15,4],[18,4],[22,4],[1,5],[18,5],[19,5],[20,5],[14,6],[2,7],[5,7],[15,7],[17,7],[19,7],[21,7],[24,7],[1,8],[5,8],[8,8],[11,8],[14,8],[22,8],[23,8],[0,9],[5,9],[10,9],[11,9],[12,9],[20,9],[22,9],[2,10],[3,10],[4,10],[17,10],[21,10],[22,10],[24,10],[0,11],[5,11],[6,11],[7,11],[12,11],[14,11],[16,11],[20,11],[2,12],[3,12],[6,12],[11,12],[13,13],[18,13],[3,14],[4,14],[7,14],[9,14],[11,14],[15,14],[21,14],[3,15],[11,15],[14,15],[15,15],[18,15],[19,15],[23,15],[1,16],[13,16],[15,16],[2,17],[3,17],[4,17],[9,17],[13,17],[14,17],[17,17],[22,17],[23,17],[5,18],[12,18],[17,18],[20,18],[6,19],[19,19],[4,20],[6,20],[7,20],[19,20],[22,20],[23,20],[8,21],[14,21],[15,21],[16,21],[17,21],[10,22],[14,22],[17,22],[19,22],[3,23],[4,23],[11,23],[12,23],[17,23],[24,23],[7,24],[9,24],[11,24],[12,24],[14,24],[15,24],[22,24],[24,24]]",145,"success","success",11,4,5,0,43,0.3,0.1,0.4
"2026-10-09T04:57:40.213Z","benchmark","benchmark-1791521859669","seeded-high-5629","seeded-high-5629",5,"astar",25,25,3,5629,0.24,0.232,"6,24","E","11,20","[[3,0],[6,0],[12,0],[14,0],[16,0],[24,0],[14,1],[18,1],[20,1],[22,1],[23,1],[11,2],[12,2],[14,2],[21,2],[22,2],[23,2],[24,2],[0,3],[1,3],[6,3],[11,3],[12,3],[13,3],[20,3],[21,3],[22,3],[23,3],[24,3],[0,4],[1,4],[7,4],[8,4],[11,4],[15,4],[18,4],[22,4],[1,5],[18,5],[19,5],[20,5],[14,6],[2,7],[5,7],[15,7],[17,7],[19,7],[21,7],[24,7],[1,8],[5,8],[8,8],[11,8],[14,8],[22,8],[23,8],[0,9],[5,9],[10,9],[11,9],[12,9],[20,9],[22,9],[2,10],[3,10],[4,10],[17,10],[21,10],[22,10],[24,10],[0,11],[5,11],[6,11],[7,11],[12,11],[14,11],[16,11],[20,11],[2,12],[3,12],[6,12],[11,12],[13,13],[18,13],[3,14],[4,14],[7,14],[9,14],[11,14],[15,14],[21,14],[3,15],[11,15],[14,15],[15,15],[18,15],[19,15],[23,15],[1,16],[13,16],[15,16],[2,17],[3,17],[4,17],[9,17],[13,17],[14,17],[17,17],[22,17],[23,17],[5,18],[12,18],[17,18],[20,18],[6,19],[19,19],[4,20],[6,20],[7,20],[19,20],[22,20],[23,20],[8,21],[14,21],[15,21],[16,21],[17,21],[10,22],[14,22],[17,22],[19,22],[3,23],[4,23],[11,23],[12,23],[17,23],[24,23],[7,24],[9,24],[11,24],[12,24],[14,24],[15,24],[22,24],[24,24]]",145,"success","success",11,4,5,0,73,0,0.2,0.2
"2026-10-09T04:57:40.213Z","benchmark","benchmark-1791521859669","seeded-high-7001","seeded-high-7001",5,"astar",25,25,3,7001,0.24,0.2752,"10,16","E","22,19","[[1,0],[9,0],[13,0],[14,0],[20,0],[22,0],[2,1],[8,1],[12,1],[15,1],[0,2],[4,2],[13,2],[14,2],[18,2],[23,2],[24,2],[2,3],[4,3],[6,3],[8,3],[12,3],[14,3],[16,3],[17,3],[18,3],[1,4],[4,4],[6,4],[7,4],[8,4],[10,4],[16,4],[20,4],[23,4],[7,5],[11,5],[13,5],[15,5],[18,5],[20,5],[1,6],[2,6],[9,6],[15,6],[16,6],[17,6],[18,6],[0,7],[1,7],[2,7],[4,7],[8,7],[18,7],[23,7],[0,8],[1,8],[2,8],[3,8],[5,8],[10,8],[12,8],[18,8],[19,8],[23,8],[4,9],[6,9],[11,9],[12,9],[13,9],[18,9],[21,9],[24,9],[0,10],[4,10],[5,10],[11,10],[14,10],[18,10],[1,11],[2,11],[6,11],[7,11],[13,11],[18,11],[20,11],[21,11],[23,11],[4,12],[5,12],[9,12],[16,12],[1,13],[3,13],[10,13],[15,13],[16,13],[17,13],[18,13],[20,13],[0,14],[4,14],[8,14],[9,14],[13,14],[15,14],[16,14],[17,14],[20,14],[5,15],[10,15],[15,15],[19,15],[21,15],[4,16],[5,16],[7,16],[13,16],[15,16],[16,16],[17,16],[21,16],[22,16],[23,16],[23,17],[24,17],[2,18],[10,18],[13,18],[15,18],[16,18],[18,18],[20,18],[3,19],[5,19],[7,19],[10,19],[24,19],[3,20],[7,20],[9,20],[10,20],[11,20],[23,20],[24,20],[1,21],[6,21],[7,21],[10,21],[15,21],[19,21],[23,21],[2,22],[8,22],[9,22],[10,22],[11,22],[12,22],[14,22],[18,22],[21,22],[8,23],[11,23],[12,23],[19,23],[5,24],[11,24],[12,24],[13,24],[15,24],[22,24],[24,24]]",172,"success","success",15,1,2,0,49,0,0,0
"2026-10-09T04:57:40.213Z","benchmark","benchmark-1791521859669","seeded-high-7001","seeded-high-7001",5,"dstar",25,25,3,7001,0.24,0.2752,"10,16","E","22,19","[[1,0],[9,0],[13,0],[14,0],[20,0],[22,0],[2,1],[8,1],[12,1],[15,1],[0,2],[4,2],[13,2],[14,2],[18,2],[23,2],[24,2],[2,3],[4,3],[6,3],[8,3],[12,3],[14,3],[16,3],[17,3],[18,3],[1,4],[4,4],[6,4],[7,4],[8,4],[10,4],[16,4],[20,4],[23,4],[7,5],[11,5],[13,5],[15,5],[18,5],[20,5],[1,6],[2,6],[9,6],[15,6],[16,6],[17,6],[18,6],[0,7],[1,7],[2,7],[4,7],[8,7],[18,7],[23,7],[0,8],[1,8],[2,8],[3,8],[5,8],[10,8],[12,8],[18,8],[19,8],[23,8],[4,9],[6,9],[11,9],[12,9],[13,9],[18,9],[21,9],[24,9],[0,10],[4,10],[5,10],[11,10],[14,10],[18,10],[1,11],[2,11],[6,11],[7,11],[13,11],[18,11],[20,11],[21,11],[23,11],[4,12],[5,12],[9,12],[16,12],[1,13],[3,13],[10,13],[15,13],[16,13],[17,13],[18,13],[20,13],[0,14],[4,14],[8,14],[9,14],[13,14],[15,14],[16,14],[17,14],[20,14],[5,15],[10,15],[15,15],[19,15],[21,15],[4,16],[5,16],[7,16],[13,16],[15,16],[16,16],[17,16],[21,16],[22,16],[23,16],[23,17],[24,17],[2,18],[10,18],[13,18],[15,18],[16,18],[18,18],[20,18],[3,19],[5,19],[7,19],[10,19],[24,19],[3,20],[7,20],[9,20],[10,20],[11,20],[23,20],[24,20],[1,21],[6,21],[7,21],[10,21],[15,21],[19,21],[23,21],[2,22],[8,22],[9,22],[10,22],[11,22],[12,22],[14,22],[18,22],[21,22],[8,23],[11,23],[12,23],[19,23],[5,24],[11,24],[12,24],[13,24],[15,24],[22,24],[24,24]]",172,"success","success",15,1,2,0,51,0.3,0,0.3
"2026-10-09T04:57:40.214Z","benchmark","benchmark-1791521859669","open","open",6,"astar",25,25,3,"","",0,"1,22","E","23,2","[]",0,"success","success",42,0,0,0,482,1.1,0,1.1
"2026-10-09T04:57:40.221Z","benchmark","benchmark-1791521859669","open","open",6,"dstar",25,25,3,"","",0,"1,22","E","23,2","[]",0,"success","success",42,0,0,0,483,6,0,6
"2026-10-09T04:57:40.221Z","benchmark","benchmark-1791521859669","blocker","blocker",6,"dstar",25,25,3,"","",0.0016,"1,12","E","23,12","[[12,12]]",1,"success","success",24,1,1,0,62,0.3,0.5,0.8
"2026-10-09T04:57:40.221Z","benchmark","benchmark-1791521859669","blocker","blocker",6,"astar",25,25,3,"","",0.0016,"1,12","E","23,12","[[12,12]]",1,"success","success",24,1,1,0,66,0,0.1,0.1
"2026-10-09T04:57:40.225Z","benchmark","benchmark-1791521859669","detour","detour",6,"astar",25,25,3,"","",0.0384,"1,12","E","23,12","[[12,0],[12,1],[12,2],[12,3],[12,4],[12,6],[12,7],[12,8],[12,9],[12,10],[12,11],[12,12],[12,13],[12,14],[12,15],[12,16],[12,17],[12,18],[12,19],[12,20],[12,21],[12,22],[12,23],[12,24]]",24,"success","success",62,19,19,0,1726,0,3.5,3.5
"2026-10-09T04:57:40.228Z","benchmark","benchmark-1791521859669","detour","detour",6,"dstar",25,25,3,"","",0.0384,"1,12","E","23,12","[[12,0],[12,1],[12,2],[12,3],[12,4],[12,6],[12,7],[12,8],[12,9],[12,10],[12,11],[12,12],[12,13],[12,14],[12,15],[12,16],[12,17],[12,18],[12,19],[12,20],[12,21],[12,22],[12,23],[12,24]]",24,"success","success",36,7,7,0,200,0.3,2,2.3
"2026-10-09T04:57:40.236Z","benchmark","benchmark-1791521859669","corridor","corridor",6,"dstar",25,25,3,"","",0.0768,"1,20","E","23,5","[[8,0],[17,0],[8,1],[17,1],[8,2],[17,2],[8,3],[17,3],[8,4],[17,4],[8,5],[8,6],[17,6],[8,7],[17,7],[8,8],[17,8],[8,9],[17,9],[8,10],[17,10],[8,11],[17,11],[8,12],[17,12],[8,13],[17,13],[8,14],[17,14],[8,15],[17,15],[8,16],[17,16],[8,17],[17,17],[8,18],[17,18],[8,19],[17,19],[17,20],[8,21],[17,21],[8,22],[17,22],[8,23],[17,23],[8,24],[17,24]]",48,"success","success",77,20,20,0,596,3.5,4.2,7.7
"2026-10-09T04:57:40.243Z","benchmark","benchmark-1791521859669","corridor","corridor",6,"astar",25,25,3,"","",0.0768,"1,20","E","23,5","[[8,0],[17,0],[8,1],[17,1],[8,2],[17,2],[8,3],[17,3],[8,4],[17,4],[8,5],[8,6],[17,6],[8,7],[17,7],[8,8],[17,8],[8,9],[17,9],[8,10],[17,10],[8,11],[17,11],[8,12],[17,12],[8,13],[17,13],[8,14],[17,14],[8,15],[17,15],[8,16],[17,16],[8,17],[17,17],[8,18],[17,18],[8,19],[17,19],[17,20],[8,21],[17,21],[8,22],[17,22],[8,23],[17,23],[8,24],[17,24]]",48,"success","success",69,16,16,0,2751,1.2,6,7.2
"2026-10-09T04:57:40.263Z","benchmark","benchmark-1791521859669","maze","maze",6,"astar",25,25,3,"","",0.192,"1,23","E","23,1","[[3,0],[7,0],[11,0],[15,0],[19,0],[7,1],[15,1],[3,2],[7,2],[11,2],[15,2],[19,2],[3,3],[7,3],[11,3],[15,3],[19,3],[3,4],[7,4],[11,4],[15,4],[19,4],[3,5],[7,5],[11,5],[15,5],[19,5],[3,6],[7,6],[11,6],[15,6],[19,6],[3,7],[7,7],[11,7],[15,7],[19,7],[3,8],[7,8],[11,8],[15,8],[19,8],[3,9],[7,9],[11,9],[15,9],[19,9],[3,10],[7,10],[11,10],[15,10],[19,10],[3,11],[7,11],[11,11],[15,11],[19,11],[3,12],[7,12],[11,12],[15,12],[19,12],[3,13],[7,13],[11,13],[15,13],[19,13],[3,14],[7,14],[11,14],[15,14],[19,14],[3,15],[7,15],[11,15],[15,15],[19,15],[3,16],[7,16],[11,16],[15,16],[19,16],[3,17],[7,17],[11,17],[15,17],[19,17],[3,18],[7,18],[11,18],[15,18],[19,18],[3,19],[7,19],[11,19],[15,19],[19,19],[3,20],[7,20],[11,20],[15,20],[19,20],[3,21],[7,21],[11,21],[15,21],[19,21],[3,22],[7,22],[11,22],[15,22],[19,22],[3,23],[11,23],[19,23],[3,24],[7,24],[11,24],[15,24],[19,24]]",120,"success","success",136,46,47,0,8303,1.4,18.2,19.6
"2026-10-09T04:57:40.275Z","benchmark","benchmark-1791521859669","maze","maze",6,"dstar",25,25,3,"","",0.192,"1,23","E","23,1","[[3,0],[7,0],[11,0],[15,0],[19,0],[7,1],[15,1],[3,2],[7,2],[11,2],[15,2],[19,2],[3,3],[7,3],[11,3],[15,3],[19,3],[3,4],[7,4],[11,4],[15,4],[19,4],[3,5],[7,5],[11,5],[15,5],[19,5],[3,6],[7,6],[11,6],[15,6],[19,6],[3,7],[7,7],[11,7],[15,7],[19,7],[3,8],[7,8],[11,8],[15,8],[19,8],[3,9],[7,9],[11,9],[15,9],[19,9],[3,10],[7,10],[11,10],[15,10],[19,10],[3,11],[7,11],[11,11],[15,11],[19,11],[3,12],[7,12],[11,12],[15,12],[19,12],[3,13],[7,13],[11,13],[15,13],[19,13],[3,14],[7,14],[11,14],[15,14],[19,14],[3,15],[7,15],[11,15],[15,15],[19,15],[3,16],[7,16],[11,16],[15,16],[19,16],[3,17],[7,17],[11,17],[15,17],[19,17],[3,18],[7,18],[11,18],[15,18],[19,18],[3,19],[7,19],[11,19],[15,19],[19,19],[3,20],[7,20],[11,20],[15,20],[19,20],[3,21],[7,21],[11,21],[15,21],[19,21],[3,22],[7,22],[11,22],[15,22],[19,22],[3,23],[11,23],[19,23],[3,24],[7,24],[11,24],[15,24],[19,24]]",120,"success","success",136,46,47,0,812,5.8,6.2,12
"2026-10-09T04:57:40.283Z","benchmark","benchmark-1791521859669","no-route","no-route",6,"dstar",25,25,3,"","",0.04,"1,12","E","23,12","[[12,0],[12,1],[12,2],[12,3],[12,4],[12,5],[12,6],[12,7],[12,8],[12,9],[12,10],[12,11],[12,12],[12,13],[12,14],[12,15],[12,16],[12,17],[12,18],[12,19],[12,20],[12,21],[12,22],[12,23],[12,24]]",25,"no_route","no_route",46,25,25,0,572,0.3,7.3,7.6
"2026-10-09T04:57:40.289Z","benchmark","benchmark-1791521859669","no-route","no-route",6,"astar",25,25,3,"","",0.04,"1,12","E","23,12","[[12,0],[12,1],[12,2],[12,3],[12,4],[12,5],[12,6],[12,7],[12,8],[12,9],[12,10],[12,11],[12,12],[12,13],[12,14],[12,15],[12,16],[12,17],[12,18],[12,19],[12,20],[12,21],[12,22],[12,23],[12,24]]",25,"no_route","no_route",48,25,25,0,2741,0,5.9,5.9
"2026-10-09T04:57:40.289Z","benchmark","benchmark-1791521859669","seeded-low-1701","seeded-low-1701",6,"astar",25,25,3,1701,0.08,0.0832,"10,16","E","22,19","[[16,0],[9,1],[12,1],[17,2],[18,2],[5,4],[14,5],[12,6],[17,6],[21,6],[5,7],[16,7],[18,7],[1,8],[19,8],[20,8],[0,9],[0,12],[9,12],[13,12],[15,12],[17,13],[23,13],[5,14],[10,14],[20,14],[17,15],[18,15],[22,15],[2,16],[7,16],[8,16],[13,16],[4,17],[7,17],[14,17],[15,17],[8,19],[11,21],[12,21],[16,21],[20,21],[6,22],[12,22],[19,22],[3,23],[6,23],[15,23],[0,24],[9,24],[14,24],[19,24]]",52,"success","success",15,1,2,0,64,0.1,0,0.1
"2026-10-09T04:57:40.290Z","benchmark","benchmark-1791521859669","seeded-low-1701","seeded-low-1701",6,"dstar",25,25,3,1701,0.08,0.0832,"10,16","E","22,19","[[16,0],[9,1],[12,1],[17,2],[18,2],[5,4],[14,5],[12,6],[17,6],[21,6],[5,7],[16,7],[18,7],[1,8],[19,8],[20,8],[0,9],[0,12],[9,12],[13,12],[15,12],[17,13],[23,13],[5,14],[10,14],[20,14],[17,15],[18,15],[22,15],[2,16],[7,16],[8,16],[13,16],[4,17],[7,17],[14,17],[15,17],[8,19],[11,21],[12,21],[16,21],[20,21],[6,22],[12,22],[19,22],[3,23],[6,23],[15,23],[0,24],[9,24],[14,24],[19,24]]",52,"success","success",15,1,2,0,52,0.7,0,0.7
"2026-10-09T04:57:40.291Z","benchmark","benchmark-1791521859669","seeded-low-2718","seeded-low-2718",6,"dstar",25,25,3,2718,0.08,0.0736,"4,3","S","18,8","[[7,1],[22,1],[15,2],[19,2],[22,2],[0,3],[1,3],[18,3],[22,3],[9,5],[20,5],[12,7],[14,8],[21,8],[22,8],[24,8],[12,9],[22,9],[7,10],[21,10],[8,11],[20,11],[5,12],[6,12],[12,12],[13,13],[23,13],[18,14],[23,14],[8,15],[12,15],[9,16],[16,17],[17,17],[20,17],[1,18],[1,19],[10,19],[1,20],[2,20],[8,20],[7,21],[21,21],[0,24],[3,24],[6,24]]",46,"success","success",19,1,1,0,91,0.7,0,0.7
"2026-10-09T04:57:40.291Z","benchmark","benchmark-1791521859669","seeded-low-2718","seeded-low-2718",6,"astar",25,25,3,2718,0.08,0.0736,"4,3","S","18,8","[[7,1],[22,1],[15,2],[19,2],[22,2],[0,3],[1,3],[18,3],[22,3],[9,5],[20,5],[12,7],[14,8],[21,8],[22,8],[24,8],[12,9],[22,9],[7,10],[21,10],[8,11],[20,11],[5,12],[6,12],[12,12],[13,13],[23,13],[18,14],[23,14],[8,15],[12,15],[9,16],[16,17],[17,17],[20,17],[1,18],[1,19],[10,19],[1,20],[2,20],[8,20],[7,21],[21,21],[0,24],[3,24],[6,24]]",46,"success","success",19,1,1,0,111,0.1,0.1,0.2
"2026-10-09T04:57:40.291Z","benchmark","benchmark-1791521859669","seeded-low-3141","seeded-low-3141",6,"astar",25,25,3,3141,0.08,0.088,"15,6","E","17,24","[[13,0],[14,0],[19,0],[17,1],[3,2],[14,2],[8,3],[11,3],[19,3],[21,3],[24,3],[14,4],[19,4],[5,5],[9,5],[12,5],[17,5],[19,5],[22,5],[2,6],[9,7],[13,7],[14,7],[18,7],[13,8],[14,8],[3,9],[6,9],[8,11],[21,11],[22,11],[3,12],[24,12],[14,13],[19,14],[20,14],[4,15],[15,16],[18,16],[7,18],[16,18],[20,18],[22,18],[0,19],[3,19],[10,20],[12,20],[24,20],[13,21],[12,22],[23,22],[10,23],[19,23],[22,23],[2,24]]",55,"success","success",20,0,0,0,56,0.1,0,0.1
"2026-10-09T04:57:40.292Z","benchmark","benchmark-1791521859669","seeded-low-3141","seeded-low-3141",6,"dstar",25,25,3,3141,0.08,0.088,"15,6","E","17,24","[[13,0],[14,0],[19,0],[17,1],[3,2],[14,2],[8,3],[11,3],[19,3],[21,3],[24,3],[14,4],[19,4],[5,5],[9,5],[12,5],[17,5],[19,5],[22,5],[2,6],[9,7],[13,7],[14,7],[18,7],[13,8],[14,8],[3,9],[6,9],[8,11],[21,11],[22,11],[3,12],[24,12],[14,13],[19,14],[20,14],[4,15],[15,16],[18,16],[7,18],[16,18],[20,18],[22,18],[0,19],[3,19],[10,20],[12,20],[24,20],[13,21],[12,22],[23,22],[10,23],[19,23],[22,23],[2,24]]",55,"success","success",20,0,0,0,57,0.8,0,0.8
"2026-10-09T04:57:40.293Z","benchmark","benchmark-1791521859669","seeded-low-4207","seeded-low-4207",6,"dstar",25,25,3,4207,0.08,0.0768,"2,7","W","0,21","[[7,0],[14,0],[5,1],[12,1],[17,1],[11,2],[21,2],[24,2],[0,3],[5,3],[10,3],[15,3],[1,4],[15,4],[19,4],[23,5],[4,7],[21,7],[4,9],[9,9],[12,9],[21,9],[12,10],[7,11],[22,11],[10,12],[18,12],[17,14],[8,15],[11,15],[11,16],[4,17],[12,17],[14,17],[0,18],[2,18],[4,18],[5,18],[18,18],[20,18],[24,18],[13,20],[8,21],[11,21],[14,21],[5,22],[7,23],[11,24]]",48,"success","success",16,1,1,0,46,0.5,0.1,0.6
"2026-10-09T04:57:40.293Z","benchmark","benchmark-1791521859669","seeded-low-4207","seeded-low-4207",6,"astar",25,25,3,4207,0.08,0.0768,"2,7","W","0,21","[[7,0],[14,0],[5,1],[12,1],[17,1],[11,2],[21,2],[24,2],[0,3],[5,3],[10,3],[15,3],[1,4],[15,4],[19,4],[23,5],[4,7],[21,7],[4,9],[9,9],[12,9],[21,9],[12,10],[7,11],[22,11],[10,12],[18,12],[17,14],[8,15],[11,15],[11,16],[4,17],[12,17],[14,17],[0,18],[2,18],[4,18],[5,18],[18,18],[20,18],[24,18],[13,20],[8,21],[11,21],[14,21],[5,22],[7,23],[11,24]]",48,"success","success",16,1,1,0,60,0.1,0,0.1
"2026-10-09T04:57:40.293Z","benchmark","benchmark-1791521859669","seeded-low-5629","seeded-low-5629",6,"astar",25,25,3,5629,0.08,0.0864,"6,24","E","11,20","[[12,2],[14,2],[23,2],[1,3],[12,3],[21,3],[23,3],[1,4],[8,4],[15,4],[18,4],[14,6],[5,7],[17,7],[1,8],[0,9],[5,9],[10,9],[11,9],[12,9],[20,9],[2,10],[4,10],[21,10],[0,11],[7,11],[16,11],[20,11],[6,12],[11,12],[13,13],[7,14],[9,14],[11,14],[21,14],[23,15],[1,16],[15,16],[14,17],[17,17],[12,18],[17,18],[20,18],[6,20],[15,21],[16,21],[10,22],[17,22],[19,22],[3,23],[12,23],[7,24],[11,24],[14,24]]",54,"success","success",9,1,2,0,46,0.1,0.1,0.2
"2026-10-09T04:57:40.293Z","benchmark","benchmark-1791521859669","seeded-low-5629","seeded-low-5629",6,"dstar",25,25,3,5629,0.08,0.0864,"6,24","E","11,20","[[12,2],[14,2],[23,2],[1,3],[12,3],[21,3],[23,3],[1,4],[8,4],[15,4],[18,4],[14,6],[5,7],[17,7],[1,8],[0,9],[5,9],[10,9],[11,9],[12,9],[20,9],[2,10],[4,10],[21,10],[0,11],[7,11],[16,11],[20,11],[6,12],[11,12],[13,13],[7,14],[9,14],[11,14],[21,14],[23,15],[1,16],[15,16],[14,17],[17,17],[12,18],[17,18],[20,18],[6,20],[15,21],[16,21],[10,22],[17,22],[19,22],[3,23],[12,23],[7,24],[11,24],[14,24]]",54,"success","success",9,1,2,0,30,0.3,0,0.3
"2026-10-09T04:57:40.294Z","benchmark","benchmark-1791521859669","seeded-low-7001","seeded-low-7001",6,"dstar",25,25,3,7001,0.08,0.1008,"10,16","E","22,19","[[1,0],[9,0],[8,1],[12,1],[0,2],[13,2],[14,2],[23,2],[24,2],[4,3],[8,3],[17,3],[16,4],[7,5],[11,5],[18,5],[1,6],[15,6],[18,6],[0,7],[8,7],[1,8],[5,8],[18,8],[19,8],[23,8],[4,9],[11,9],[0,10],[5,10],[11,10],[6,11],[13,11],[4,12],[16,12],[1,13],[18,13],[20,13],[4,14],[9,14],[13,14],[10,15],[5,16],[7,16],[15,16],[16,16],[24,17],[16,18],[18,18],[20,18],[7,20],[11,20],[23,20],[24,20],[1,21],[15,21],[9,22],[14,22],[18,22],[8,23],[19,23],[5,24],[11,24]]",63,"success","success",15,2,2,0,53,0.5,0,0.5
"2026-10-09T04:57:40.294Z","benchmark","benchmark-1791521859669","seeded-low-7001","seeded-low-7001",6,"astar",25,25,3,7001,0.08,0.1008,"10,16","E","22,19","[[1,0],[9,0],[8,1],[12,1],[0,2],[13,2],[14,2],[23,2],[24,2],[4,3],[8,3],[17,3],[16,4],[7,5],[11,5],[18,5],[1,6],[15,6],[18,6],[0,7],[8,7],[1,8],[5,8],[18,8],[19,8],[23,8],[4,9],[11,9],[0,10],[5,10],[11,10],[6,11],[13,11],[4,12],[16,12],[1,13],[18,13],[20,13],[4,14],[9,14],[13,14],[10,15],[5,16],[7,16],[15,16],[16,16],[24,17],[16,18],[18,18],[20,18],[7,20],[11,20],[23,20],[24,20],[1,21],[15,21],[9,22],[14,22],[18,22],[8,23],[19,23],[5,24],[11,24]]",63,"success","success",15,2,2,0,91,0.1,0.1,0.2
"2026-10-09T04:57:40.294Z","benchmark","benchmark-1791521859669","seeded-medium-1701","seeded-medium-1701",6,"astar",25,25,3,1701,0.16,0.1856,"10,16","E","22,19","[[4,0],[6,0],[12,0],[16,0],[19,0],[24,0],[9,1],[10,1],[12,1],[4,2],[8,2],[15,2],[17,2],[18,2],[0,3],[18,3],[5,4],[10,4],[11,4],[22,4],[14,5],[18,5],[7,6],[12,6],[17,6],[18,6],[20,6],[21,6],[5,7],[10,7],[16,7],[18,7],[0,8],[1,8],[2,8],[13,8],[19,8],[20,8],[0,9],[5,9],[8,9],[13,9],[17,9],[7,10],[8,10],[10,10],[20,10],[3,11],[16,11],[22,11],[0,12],[6,12],[9,12],[13,12],[15,12],[16,12],[7,13],[12,13],[17,13],[19,13],[23,13],[0,14],[5,14],[10,14],[20,14],[1,15],[2,15],[17,15],[18,15],[22,15],[23,15],[2,16],[3,16],[7,16],[8,16],[13,16],[0,17],[4,17],[7,17],[14,17],[15,17],[9,18],[10,18],[14,18],[21,18],[22,18],[8,19],[11,19],[20,19],[12,20],[0,21],[3,21],[9,21],[11,21],[12,21],[16,21],[20,21],[22,21],[6,22],[12,22],[15,22],[16,22],[19,22],[21,22],[3,23],[6,23],[7,23],[8,23],[9,23],[12,23],[15,23],[19,23],[0,24],[9,24],[14,24],[19,24]]",116,"success","success",21,5,6,0,112,0,0.1,0.1
"2026-10-09T04:57:40.296Z","benchmark","benchmark-1791521859669","seeded-medium-1701","seeded-medium-1701",6,"dstar",25,25,3,1701,0.16,0.1856,"10,16","E","22,19","[[4,0],[6,0],[12,0],[16,0],[19,0],[24,0],[9,1],[10,1],[12,1],[4,2],[8,2],[15,2],[17,2],[18,2],[0,3],[18,3],[5,4],[10,4],[11,4],[22,4],[14,5],[18,5],[7,6],[12,6],[17,6],[18,6],[20,6],[21,6],[5,7],[10,7],[16,7],[18,7],[0,8],[1,8],[2,8],[13,8],[19,8],[20,8],[0,9],[5,9],[8,9],[13,9],[17,9],[7,10],[8,10],[10,10],[20,10],[3,11],[16,11],[22,11],[0,12],[6,12],[9,12],[13,12],[15,12],[16,12],[7,13],[12,13],[17,13],[19,13],[23,13],[0,14],[5,14],[10,14],[20,14],[1,15],[2,15],[17,15],[18,15],[22,15],[23,15],[2,16],[3,16],[7,16],[8,16],[13,16],[0,17],[4,17],[7,17],[14,17],[15,17],[9,18],[10,18],[14,18],[21,18],[22,18],[8,19],[11,19],[20,19],[12,20],[0,21],[3,21],[9,21],[11,21],[12,21],[16,21],[20,21],[22,21],[6,22],[12,22],[15,22],[16,22],[19,22],[21,22],[3,23],[6,23],[7,23],[8,23],[9,23],[12,23],[15,23],[19,23],[0,24],[9,24],[14,24],[19,24]]",116,"success","success",21,6,7,0,83,0.7,0.7,1.4
"2026-10-09T04:57:40.297Z","benchmark","benchmark-1791521859669","seeded-medium-2718","seeded-medium-2718",6,"dstar",25,25,3,2718,0.16,0.1504,"4,3","S","18,8","[[7,0],[9,0],[7,1],[9,1],[22,1],[14,2],[15,2],[17,2],[18,2],[19,2],[22,2],[0,3],[1,3],[6,3],[9,3],[10,3],[16,3],[18,3],[22,3],[3,5],[9,5],[14,5],[16,5],[20,5],[11,7],[12,7],[16,7],[17,7],[7,8],[14,8],[21,8],[22,8],[24,8],[12,9],[14,9],[15,9],[22,9],[7,10],[20,10],[21,10],[5,11],[8,11],[15,11],[20,11],[5,12],[6,12],[11,12],[12,12],[4,13],[13,13],[23,13],[18,14],[23,14],[6,15],[8,15],[9,15],[12,15],[21,15],[8,16],[9,16],[16,17],[17,17],[20,17],[1,18],[10,18],[1,19],[7,19],[8,19],[10,19],[19,19],[1,20],[2,20],[8,20],[11,20],[18,20],[21,20],[7,21],[11,21],[14,21],[21,21],[0,22],[4,22],[12,22],[17,22],[0,23],[4,23],[7,23],[22,23],[0,24],[3,24],[6,24],[10,24],[11,24],[22,24]]",94,"success","success",19,1,1,0,91,0.9,0,0.9
"2026-10-09T04:57:40.297Z","benchmark","benchmark-1791521859669","seeded-medium-2718","seeded-medium-2718",6,"astar",25,25,3,2718,0.16,0.1504,"4,3","S","18,8","[[7,0],[9,0],[7,1],[9,1],[22,1],[14,2],[15,2],[17,2],[18,2],[19,2],[22,2],[0,3],[1,3],[6,3],[9,3],[10,3],[16,3],[18,3],[22,3],[3,5],[9,5],[14,5],[16,5],[20,5],[11,7],[12,7],[16,7],[17,7],[7,8],[14,8],[21,8],[22,8],[24,8],[12,9],[14,9],[15,9],[22,9],[7,10],[20,10],[21,10],[5,11],[8,11],[15,11],[20,11],[5,12],[6,12],[11,12],[12,12],[4,13],[13,13],[23,13],[18,14],[23,14],[6,15],[8,15],[9,15],[12,15],[21,15],[8,16],[9,16],[16,17],[17,17],[20,17],[1,18],[10,18],[1,19],[7,19],[8,19],[10,19],[19,19],[1,20],[2,20],[8,20],[11,20],[18,20],[21,20],[7,21],[11,21],[14,21],[21,21],[0,22],[4,22],[12,22],[17,22],[0,23],[4,23],[7,23],[22,23],[0,24],[3,24],[6,24],[10,24],[11,24],[22,24]]",94,"success","success",19,1,1,0,165,0.2,0,0.2
"2026-10-09T04:57:40.298Z","benchmark","benchmark-1791521859669","seeded-medium-3141","seeded-medium-3141",6,"astar",25,25,3,3141,0.16,0.1552,"15,6","E","17,24","[[4,0],[13,0],[14,0],[19,0],[0,1],[1,1],[2,1],[12,1],[17,1],[3,2],[5,2],[14,2],[5,3],[8,3],[11,3],[13,3],[14,3],[19,3],[20,3],[21,3],[22,3],[24,3],[6,4],[14,4],[19,4],[5,5],[9,5],[12,5],[14,5],[17,5],[19,5],[22,5],[2,6],[24,6],[9,7],[13,7],[14,7],[18,7],[19,7],[6,8],[13,8],[14,8],[17,8],[19,8],[3,9],[5,9],[6,9],[17,9],[19,9],[23,9],[10,10],[12,10],[13,10],[0,11],[8,11],[14,11],[21,11],[22,11],[3,12],[6,12],[24,12],[14,13],[0,14],[18,14],[19,14],[20,14],[4,15],[6,15],[15,16],[18,16],[12,17],[14,17],[7,18],[16,18],[17,18],[20,18],[22,18],[0,19],[3,19],[4,19],[10,20],[11,20],[12,20],[15,20],[24,20],[0,21],[8,21],[13,21],[12,22],[19,22],[23,22],[10,23],[19,23],[22,23],[2,24],[13,24],[19,24]]",97,"success","success",24,5,5,0,241,0.4,0.2,0.6
"2026-10-09T04:57:40.300Z","benchmark","benchmark-1791521859669","seeded-medium-3141","seeded-medium-3141",6,"dstar",25,25,3,3141,0.16,0.1552,"15,6","E","17,24","[[4,0],[13,0],[14,0],[19,0],[0,1],[1,1],[2,1],[12,1],[17,1],[3,2],[5,2],[14,2],[5,3],[8,3],[11,3],[13,3],[14,3],[19,3],[20,3],[21,3],[22,3],[24,3],[6,4],[14,4],[19,4],[5,5],[9,5],[12,5],[14,5],[17,5],[19,5],[22,5],[2,6],[24,6],[9,7],[13,7],[14,7],[18,7],[19,7],[6,8],[13,8],[14,8],[17,8],[19,8],[3,9],[5,9],[6,9],[17,9],[19,9],[23,9],[10,10],[12,10],[13,10],[0,11],[8,11],[14,11],[21,11],[22,11],[3,12],[6,12],[24,12],[14,13],[0,14],[18,14],[19,14],[20,14],[4,15],[6,15],[15,16],[18,16],[12,17],[14,17],[7,18],[16,18],[17,18],[20,18],[22,18],[0,19],[3,19],[4,19],[10,20],[11,20],[12,20],[15,20],[24,20],[0,21],[8,21],[13,21],[12,22],[19,22],[23,22],[10,23],[19,23],[22,23],[2,24],[13,24],[19,24]]",97,"success","success",30,9,9,0,140,0.8,1.3,2.1
"2026-10-09T04:57:40.301Z","benchmark","benchmark-1791521859669","seeded-medium-4207","seeded-medium-4207",6,"dstar",25,25,3,4207,0.16,0.1584,"2,7","W","0,21","[[0,0],[7,0],[14,0],[20,0],[5,1],[12,1],[15,1],[17,1],[6,2],[8,2],[11,2],[16,2],[21,2],[23,2],[24,2],[0,3],[5,3],[10,3],[15,3],[1,4],[15,4],[17,4],[19,4],[24,4],[2,5],[3,5],[5,5],[7,5],[13,5],[23,5],[5,6],[17,6],[18,6],[4,7],[21,7],[24,8],[4,9],[9,9],[11,9],[12,9],[14,9],[21,9],[2,10],[3,10],[4,10],[12,10],[16,10],[2,11],[7,11],[13,11],[22,11],[6,12],[10,12],[12,12],[13,12],[18,12],[22,12],[23,13],[1,14],[17,14],[18,14],[8,15],[11,15],[24,15],[8,16],[11,16],[13,16],[14,16],[4,17],[6,17],[12,17],[14,17],[24,17],[0,18],[2,18],[4,18],[5,18],[12,18],[18,18],[20,18],[24,18],[4,20],[9,20],[13,20],[18,20],[2,21],[8,21],[11,21],[14,21],[23,21],[0,22],[5,22],[7,22],[22,22],[23,22],[7,23],[16,23],[11,24],[16,24]]",99,"success","success",18,3,3,0,56,0.4,0.5,0.9
"2026-10-09T04:57:40.302Z","benchmark","benchmark-1791521859669","seeded-medium-4207","seeded-medium-4207",6,"astar",25,25,3,4207,0.16,0.1584,"2,7","W","0,21","[[0,0],[7,0],[14,0],[20,0],[5,1],[12,1],[15,1],[17,1],[6,2],[8,2],[11,2],[16,2],[21,2],[23,2],[24,2],[0,3],[5,3],[10,3],[15,3],[1,4],[15,4],[17,4],[19,4],[24,4],[2,5],[3,5],[5,5],[7,5],[13,5],[23,5],[5,6],[17,6],[18,6],[4,7],[21,7],[24,8],[4,9],[9,9],[11,9],[12,9],[14,9],[21,9],[2,10],[3,10],[4,10],[12,10],[16,10],[2,11],[7,11],[13,11],[22,11],[6,12],[10,12],[12,12],[13,12],[18,12],[22,12],[23,13],[1,14],[17,14],[18,14],[8,15],[11,15],[24,15],[8,16],[11,16],[13,16],[14,16],[4,17],[6,17],[12,17],[14,17],[24,17],[0,18],[2,18],[4,18],[5,18],[12,18],[18,18],[20,18],[24,18],[4,20],[9,20],[13,20],[18,20],[2,21],[8,21],[11,21],[14,21],[23,21],[0,22],[5,22],[7,22],[22,22],[23,22],[7,23],[16,23],[11,24],[16,24]]",99,"success","success",18,3,3,0,102,0.2,0.1,0.3
"2026-10-09T04:57:40.302Z","benchmark","benchmark-1791521859669","seeded-medium-5629","seeded-medium-5629",6,"astar",25,25,3,5629,0.16,0.1568,"6,24","E","11,20","[[12,0],[14,0],[16,0],[24,0],[14,1],[18,1],[20,1],[22,1],[23,1],[11,2],[12,2],[14,2],[21,2],[23,2],[1,3],[12,3],[13,3],[20,3],[21,3],[22,3],[23,3],[0,4],[1,4],[7,4],[8,4],[15,4],[18,4],[19,5],[14,6],[5,7],[15,7],[17,7],[19,7],[21,7],[1,8],[8,8],[22,8],[0,9],[5,9],[10,9],[11,9],[12,9],[20,9],[22,9],[2,10],[3,10],[4,10],[17,10],[21,10],[24,10],[0,11],[5,11],[6,11],[7,11],[16,11],[20,11],[6,12],[11,12],[13,13],[4,14],[7,14],[9,14],[11,14],[21,14],[14,15],[15,15],[23,15],[1,16],[15,16],[2,17],[4,17],[9,17],[14,17],[17,17],[22,17],[23,17],[12,18],[17,18],[20,18],[4,20],[6,20],[7,20],[15,21],[16,21],[17,21],[10,22],[14,22],[17,22],[19,22],[3,23],[4,23],[11,23],[12,23],[7,24],[9,24],[11,24],[14,24],[15,24]]",98,"success","success",9,2,3,0,54,0.2,0,0.2
"2026-10-09T04:57:40.302Z","benchmark","benchmark-1791521859669","seeded-medium-5629","seeded-medium-5629",6,"dstar",25,25,3,5629,0.16,0.1568,"6,24","E","11,20","[[12,0],[14,0],[16,0],[24,0],[14,1],[18,1],[20,1],[22,1],[23,1],[11,2],[12,2],[14,2],[21,2],[23,2],[1,3],[12,3],[13,3],[20,3],[21,3],[22,3],[23,3],[0,4],[1,4],[7,4],[8,4],[15,4],[18,4],[19,5],[14,6],[5,7],[15,7],[17,7],[19,7],[21,7],[1,8],[8,8],[22,8],[0,9],[5,9],[10,9],[11,9],[12,9],[20,9],[22,9],[2,10],[3,10],[4,10],[17,10],[21,10],[24,10],[0,11],[5,11],[6,11],[7,11],[16,11],[20,11],[6,12],[11,12],[13,13],[4,14],[7,14],[9,14],[11,14],[21,14],[14,15],[15,15],[23,15],[1,16],[15,16],[2,17],[4,17],[9,17],[14,17],[17,17],[22,17],[23,17],[12,18],[17,18],[20,18],[4,20],[6,20],[7,20],[15,21],[16,21],[17,21],[10,22],[14,22],[17,22],[19,22],[3,23],[4,23],[11,23],[12,23],[7,24],[9,24],[11,24],[14,24],[15,24]]",98,"success","success",9,2,3,0,31,0.3,0.1,0.4
"2026-10-09T04:57:40.303Z","benchmark","benchmark-1791521859669","seeded-medium-7001","seeded-medium-7001",6,"dstar",25,25,3,7001,0.16,0.1856,"10,16","E","22,19","[[1,0],[9,0],[13,0],[22,0],[2,1],[8,1],[12,1],[0,2],[4,2],[13,2],[14,2],[23,2],[24,2],[4,3],[8,3],[16,3],[17,3],[18,3],[1,4],[6,4],[8,4],[16,4],[23,4],[7,5],[11,5],[18,5],[1,6],[2,6],[9,6],[15,6],[17,6],[18,6],[0,7],[1,7],[8,7],[23,7],[0,8],[1,8],[3,8],[5,8],[10,8],[12,8],[18,8],[19,8],[23,8],[4,9],[6,9],[11,9],[12,9],[13,9],[18,9],[21,9],[24,9],[0,10],[4,10],[5,10],[11,10],[1,11],[2,11],[6,11],[13,11],[18,11],[20,11],[4,12],[16,12],[1,13],[10,13],[16,13],[18,13],[20,13],[4,14],[8,14],[9,14],[13,14],[15,14],[16,14],[17,14],[20,14],[10,15],[15,15],[5,16],[7,16],[15,16],[16,16],[17,16],[21,16],[22,16],[23,17],[24,17],[10,18],[16,18],[18,18],[20,18],[3,19],[24,19],[3,20],[7,20],[11,20],[23,20],[24,20],[1,21],[6,21],[15,21],[9,22],[10,22],[14,22],[18,22],[21,22],[8,23],[19,23],[5,24],[11,24],[13,24],[15,24],[22,24],[24,24]]",116,"success","success",15,2,2,0,53,0.5,0.1,0.6
"2026-10-09T04:57:40.303Z","benchmark","benchmark-1791521859669","seeded-medium-7001","seeded-medium-7001",6,"astar",25,25,3,7001,0.16,0.1856,"10,16","E","22,19","[[1,0],[9,0],[13,0],[22,0],[2,1],[8,1],[12,1],[0,2],[4,2],[13,2],[14,2],[23,2],[24,2],[4,3],[8,3],[16,3],[17,3],[18,3],[1,4],[6,4],[8,4],[16,4],[23,4],[7,5],[11,5],[18,5],[1,6],[2,6],[9,6],[15,6],[17,6],[18,6],[0,7],[1,7],[8,7],[23,7],[0,8],[1,8],[3,8],[5,8],[10,8],[12,8],[18,8],[19,8],[23,8],[4,9],[6,9],[11,9],[12,9],[13,9],[18,9],[21,9],[24,9],[0,10],[4,10],[5,10],[11,10],[1,11],[2,11],[6,11],[13,11],[18,11],[20,11],[4,12],[16,12],[1,13],[10,13],[16,13],[18,13],[20,13],[4,14],[8,14],[9,14],[13,14],[15,14],[16,14],[17,14],[20,14],[10,15],[15,15],[5,16],[7,16],[15,16],[16,16],[17,16],[21,16],[22,16],[23,17],[24,17],[10,18],[16,18],[18,18],[20,18],[3,19],[24,19],[3,20],[7,20],[11,20],[23,20],[24,20],[1,21],[6,21],[15,21],[9,22],[10,22],[14,22],[18,22],[21,22],[8,23],[19,23],[5,24],[11,24],[13,24],[15,24],[22,24],[24,24]]",116,"success","success",15,2,2,0,94,0,0.2,0.2
"2026-10-09T04:57:40.303Z","benchmark","benchmark-1791521859669","seeded-high-1701","seeded-high-1701",6,"astar",25,25,3,1701,0.24,0.2464,"10,16","E","22,19","[[4,0],[5,0],[6,0],[12,0],[16,0],[19,0],[21,0],[22,0],[24,0],[5,1],[9,1],[10,1],[12,1],[4,2],[6,2],[8,2],[15,2],[17,2],[18,2],[20,2],[0,3],[4,3],[6,3],[16,3],[18,3],[22,3],[5,4],[8,4],[9,4],[10,4],[11,4],[13,4],[16,4],[18,4],[22,4],[0,5],[3,5],[12,5],[14,5],[16,5],[18,5],[7,6],[12,6],[17,6],[18,6],[20,6],[21,6],[5,7],[10,7],[16,7],[18,7],[0,8],[1,8],[2,8],[13,8],[18,8],[19,8],[20,8],[23,8],[0,9],[3,9],[5,9],[8,9],[13,9],[17,9],[7,10],[8,10],[9,10],[10,10],[20,10],[3,11],[7,11],[12,11],[16,11],[22,11],[0,12],[6,12],[9,12],[13,12],[15,12],[16,12],[7,13],[12,13],[17,13],[19,13],[23,13],[0,14],[2,14],[5,14],[10,14],[20,14],[1,15],[2,15],[17,15],[18,15],[22,15],[23,15],[2,16],[3,16],[7,16],[8,16],[13,16],[0,17],[4,17],[7,17],[14,17],[15,17],[16,17],[0,18],[8,18],[9,18],[10,18],[14,18],[21,18],[22,18],[8,19],[11,19],[20,19],[12,20],[23,20],[0,21],[3,21],[4,21],[9,21],[10,21],[11,21],[12,21],[16,21],[20,21],[22,21],[2,22],[6,22],[12,22],[15,22],[16,22],[18,22],[19,22],[21,22],[3,23],[6,23],[7,23],[8,23],[9,23],[11,23],[12,23],[15,23],[19,23],[20,23],[23,23],[0,24],[9,24],[10,24],[14,24],[19,24]]",154,"success","success",21,6,7,0,116,0.1,0.1,0.2
"2026-10-09T04:57:40.305Z","benchmark","benchmark-1791521859669","seeded-high-1701","seeded-high-1701",6,"dstar",25,25,3,1701,0.24,0.2464,"10,16","E","22,19","[[4,0],[5,0],[6,0],[12,0],[16,0],[19,0],[21,0],[22,0],[24,0],[5,1],[9,1],[10,1],[12,1],[4,2],[6,2],[8,2],[15,2],[17,2],[18,2],[20,2],[0,3],[4,3],[6,3],[16,3],[18,3],[22,3],[5,4],[8,4],[9,4],[10,4],[11,4],[13,4],[16,4],[18,4],[22,4],[0,5],[3,5],[12,5],[14,5],[16,5],[18,5],[7,6],[12,6],[17,6],[18,6],[20,6],[21,6],[5,7],[10,7],[16,7],[18,7],[0,8],[1,8],[2,8],[13,8],[18,8],[19,8],[20,8],[23,8],[0,9],[3,9],[5,9],[8,9],[13,9],[17,9],[7,10],[8,10],[9,10],[10,10],[20,10],[3,11],[7,11],[12,11],[16,11],[22,11],[0,12],[6,12],[9,12],[13,12],[15,12],[16,12],[7,13],[12,13],[17,13],[19,13],[23,13],[0,14],[2,14],[5,14],[10,14],[20,14],[1,15],[2,15],[17,15],[18,15],[22,15],[23,15],[2,16],[3,16],[7,16],[8,16],[13,16],[0,17],[4,17],[7,17],[14,17],[15,17],[16,17],[0,18],[8,18],[9,18],[10,18],[14,18],[21,18],[22,18],[8,19],[11,19],[20,19],[12,20],[23,20],[0,21],[3,21],[4,21],[9,21],[10,21],[11,21],[12,21],[16,21],[20,21],[22,21],[2,22],[6,22],[12,22],[15,22],[16,22],[18,22],[19,22],[21,22],[3,23],[6,23],[7,23],[8,23],[9,23],[11,23],[12,23],[15,23],[19,23],[20,23],[23,23],[0,24],[9,24],[10,24],[14,24],[19,24]]",154,"success","success",21,7,8,0,83,0.8,0.7,1.5
"2026-10-09T04:57:40.307Z","benchmark","benchmark-1791521859669","seeded-high-2718","seeded-high-2718",6,"dstar",25,25,3,2718,0.24,0.224,"4,3","S","18,8","[[7,0],[8,0],[9,0],[22,0],[7,1],[9,1],[19,1],[22,1],[3,2],[13,2],[14,2],[15,2],[17,2],[18,2],[19,2],[21,2],[22,2],[0,3],[1,3],[6,3],[9,3],[10,3],[16,3],[18,3],[22,3],[23,3],[5,4],[3,5],[9,5],[14,5],[16,5],[20,5],[7,6],[8,6],[10,6],[4,7],[7,7],[11,7],[12,7],[16,7],[17,7],[7,8],[14,8],[21,8],[22,8],[24,8],[6,9],[12,9],[14,9],[15,9],[22,9],[7,10],[11,10],[17,10],[20,10],[21,10],[23,10],[0,11],[2,11],[3,11],[5,11],[6,11],[8,11],[15,11],[20,11],[5,12],[6,12],[7,12],[11,12],[12,12],[3,13],[4,13],[7,13],[13,13],[23,13],[2,14],[11,14],[17,14],[18,14],[23,14],[4,15],[6,15],[7,15],[8,15],[9,15],[12,15],[21,15],[7,16],[8,16],[9,16],[18,16],[16,17],[17,17],[20,17],[1,18],[2,18],[5,18],[10,18],[14,18],[17,18],[22,18],[1,19],[7,19],[8,19],[10,19],[19,19],[1,20],[2,20],[5,20],[6,20],[8,20],[11,20],[18,20],[21,20],[2,21],[3,21],[7,21],[11,21],[14,21],[21,21],[0,22],[4,22],[8,22],[12,22],[17,22],[0,23],[4,23],[5,23],[7,23],[15,23],[21,23],[22,23],[0,24],[3,24],[6,24],[10,24],[11,24],[12,24],[16,24],[22,24]]",140,"success","success",21,4,4,0,130,1.3,0.6,1.9
"2026-10-09T04:57:40.308Z","benchmark","benchmark-1791521859669","seeded-high-2718","seeded-high-2718",6,"astar",25,25,3,2718,0.24,0.224,"4,3","S","18,8","[[7,0],[8,0],[9,0],[22,0],[7,1],[9,1],[19,1],[22,1],[3,2],[13,2],[14,2],[15,2],[17,2],[18,2],[19,2],[21,2],[22,2],[0,3],[1,3],[6,3],[9,3],[10,3],[16,3],[18,3],[22,3],[23,3],[5,4],[3,5],[9,5],[14,5],[16,5],[20,5],[7,6],[8,6],[10,6],[4,7],[7,7],[11,7],[12,7],[16,7],[17,7],[7,8],[14,8],[21,8],[22,8],[24,8],[6,9],[12,9],[14,9],[15,9],[22,9],[7,10],[11,10],[17,10],[20,10],[21,10],[23,10],[0,11],[2,11],[3,11],[5,11],[6,11],[8,11],[15,11],[20,11],[5,12],[6,12],[7,12],[11,12],[12,12],[3,13],[4,13],[7,13],[13,13],[23,13],[2,14],[11,14],[17,14],[18,14],[23,14],[4,15],[6,15],[7,15],[8,15],[9,15],[12,15],[21,15],[7,16],[8,16],[9,16],[18,16],[16,17],[17,17],[20,17],[1,18],[2,18],[5,18],[10,18],[14,18],[17,18],[22,18],[1,19],[7,19],[8,19],[10,19],[19,19],[1,20],[2,20],[5,20],[6,20],[8,20],[11,20],[18,20],[21,20],[2,21],[3,21],[7,21],[11,21],[14,21],[21,21],[0,22],[4,22],[8,22],[12,22],[17,22],[0,23],[4,23],[5,23],[7,23],[15,23],[21,23],[22,23],[0,24],[3,24],[6,24],[10,24],[11,24],[12,24],[16,24],[22,24]]",140,"success","success",21,4,4,0,353,0.6,0.5,1.1
"2026-10-09T04:57:40.309Z","benchmark","benchmark-1791521859669","seeded-high-3141","seeded-high-3141",6,"astar",25,25,3,3141,0.24,0.2336,"15,6","E","17,24","[[4,0],[13,0],[14,0],[19,0],[24,0],[0,1],[1,1],[2,1],[5,1],[12,1],[14,1],[17,1],[18,1],[19,1],[3,2],[5,2],[13,2],[14,2],[1,3],[5,3],[8,3],[11,3],[13,3],[14,3],[19,3],[20,3],[21,3],[22,3],[24,3],[6,4],[14,4],[19,4],[23,4],[5,5],[9,5],[10,5],[11,5],[12,5],[14,5],[16,5],[17,5],[19,5],[22,5],[1,6],[2,6],[5,6],[7,6],[24,6],[1,7],[9,7],[13,7],[14,7],[18,7],[19,7],[21,7],[6,8],[13,8],[14,8],[17,8],[19,8],[3,9],[5,9],[6,9],[17,9],[19,9],[23,9],[0,10],[10,10],[12,10],[13,10],[0,11],[8,11],[14,11],[16,11],[21,11],[22,11],[3,12],[6,12],[15,12],[24,12],[4,13],[14,13],[19,13],[0,14],[14,14],[17,14],[18,14],[19,14],[20,14],[4,15],[6,15],[8,15],[9,15],[15,16],[17,16],[18,16],[3,17],[7,17],[12,17],[14,17],[16,17],[3,18],[7,18],[10,18],[12,18],[14,18],[16,18],[17,18],[20,18],[22,18],[24,18],[0,19],[1,19],[3,19],[4,19],[13,19],[18,19],[19,19],[5,20],[9,20],[10,20],[11,20],[12,20],[15,20],[17,20],[24,20],[0,21],[8,21],[13,21],[23,21],[3,22],[4,22],[9,22],[11,22],[12,22],[19,22],[21,22],[23,22],[10,23],[19,23],[22,23],[23,23],[2,24],[13,24],[15,24],[19,24]]",146,"success","success",44,21,21,0,553,0.1,0.9,1
"2026-10-09T04:57:40.313Z","benchmark","benchmark-1791521859669","seeded-high-3141","seeded-high-3141",6,"dstar",25,25,3,3141,0.24,0.2336,"15,6","E","17,24","[[4,0],[13,0],[14,0],[19,0],[24,0],[0,1],[1,1],[2,1],[5,1],[12,1],[14,1],[17,1],[18,1],[19,1],[3,2],[5,2],[13,2],[14,2],[1,3],[5,3],[8,3],[11,3],[13,3],[14,3],[19,3],[20,3],[21,3],[22,3],[24,3],[6,4],[14,4],[19,4],[23,4],[5,5],[9,5],[10,5],[11,5],[12,5],[14,5],[16,5],[17,5],[19,5],[22,5],[1,6],[2,6],[5,6],[7,6],[24,6],[1,7],[9,7],[13,7],[14,7],[18,7],[19,7],[21,7],[6,8],[13,8],[14,8],[17,8],[19,8],[3,9],[5,9],[6,9],[17,9],[19,9],[23,9],[0,10],[10,10],[12,10],[13,10],[0,11],[8,11],[14,11],[16,11],[21,11],[22,11],[3,12],[6,12],[15,12],[24,12],[4,13],[14,13],[19,13],[0,14],[14,14],[17,14],[18,14],[19,14],[20,14],[4,15],[6,15],[8,15],[9,15],[15,16],[17,16],[18,16],[3,17],[7,17],[12,17],[14,17],[16,17],[3,18],[7,18],[10,18],[12,18],[14,18],[16,18],[17,18],[20,18],[22,18],[24,18],[0,19],[1,19],[3,19],[4,19],[13,19],[18,19],[19,19],[5,20],[9,20],[10,20],[11,20],[12,20],[15,20],[17,20],[24,20],[0,21],[8,21],[13,21],[23,21],[3,22],[4,22],[9,22],[11,22],[12,22],[19,22],[21,22],[23,22],[10,23],[19,23],[22,23],[23,23],[2,24],[13,24],[15,24],[19,24]]",146,"success","success",48,20,20,0,217,1,2.7,3.7
"2026-10-09T04:57:40.314Z","benchmark","benchmark-1791521859669","seeded-high-4207","seeded-high-4207",6,"dstar",25,25,3,4207,0.24,0.2256,"2,7","W","0,21","[[0,0],[7,0],[10,0],[14,0],[20,0],[0,1],[2,1],[5,1],[12,1],[15,1],[17,1],[19,1],[22,1],[6,2],[8,2],[11,2],[16,2],[21,2],[23,2],[24,2],[0,3],[5,3],[9,3],[10,3],[15,3],[21,3],[1,4],[15,4],[17,4],[19,4],[24,4],[2,5],[3,5],[5,5],[7,5],[9,5],[13,5],[21,5],[23,5],[5,6],[6,6],[17,6],[18,6],[23,6],[4,7],[21,7],[12,8],[15,8],[20,8],[21,8],[23,8],[24,8],[4,9],[6,9],[9,9],[11,9],[12,9],[13,9],[14,9],[21,9],[1,10],[2,10],[3,10],[4,10],[12,10],[16,10],[2,11],[4,11],[7,11],[9,11],[11,11],[13,11],[22,11],[0,12],[3,12],[6,12],[10,12],[12,12],[13,12],[18,12],[21,12],[22,12],[23,13],[1,14],[4,14],[12,14],[17,14],[18,14],[20,14],[8,15],[11,15],[24,15],[5,16],[8,16],[11,16],[13,16],[14,16],[4,17],[5,17],[6,17],[12,17],[13,17],[14,17],[24,17],[0,18],[2,18],[4,18],[5,18],[12,18],[16,18],[18,18],[20,18],[24,18],[12,19],[16,19],[4,20],[9,20],[13,20],[18,20],[23,20],[2,21],[8,21],[11,21],[12,21],[14,21],[23,21],[0,22],[5,22],[6,22],[7,22],[9,22],[22,22],[23,22],[4,23],[7,23],[14,23],[16,23],[1,24],[11,24],[14,24],[16,24]]",141,"success","success",20,6,6,0,66,0.5,0.4,0.9
"2026-10-09T04:57:40.315Z","benchmark","benchmark-1791521859669","seeded-high-4207","seeded-high-4207",6,"astar",25,25,3,4207,0.24,0.2256,"2,7","W","0,21","[[0,0],[7,0],[10,0],[14,0],[20,0],[0,1],[2,1],[5,1],[12,1],[15,1],[17,1],[19,1],[22,1],[6,2],[8,2],[11,2],[16,2],[21,2],[23,2],[24,2],[0,3],[5,3],[9,3],[10,3],[15,3],[21,3],[1,4],[15,4],[17,4],[19,4],[24,4],[2,5],[3,5],[5,5],[7,5],[9,5],[13,5],[21,5],[23,5],[5,6],[6,6],[17,6],[18,6],[23,6],[4,7],[21,7],[12,8],[15,8],[20,8],[21,8],[23,8],[24,8],[4,9],[6,9],[9,9],[11,9],[12,9],[13,9],[14,9],[21,9],[1,10],[2,10],[3,10],[4,10],[12,10],[16,10],[2,11],[4,11],[7,11],[9,11],[11,11],[13,11],[22,11],[0,12],[3,12],[6,12],[10,12],[12,12],[13,12],[18,12],[21,12],[22,12],[23,13],[1,14],[4,14],[12,14],[17,14],[18,14],[20,14],[8,15],[11,15],[24,15],[5,16],[8,16],[11,16],[13,16],[14,16],[4,17],[5,17],[6,17],[12,17],[13,17],[14,17],[24,17],[0,18],[2,18],[4,18],[5,18],[12,18],[16,18],[18,18],[20,18],[24,18],[12,19],[16,19],[4,20],[9,20],[13,20],[18,20],[23,20],[2,21],[8,21],[11,21],[12,21],[14,21],[23,21],[0,22],[5,22],[6,22],[7,22],[9,22],[22,22],[23,22],[4,23],[7,23],[14,23],[16,23],[1,24],[11,24],[14,24],[16,24]]",141,"success","success",20,6,6,0,159,0,0.3,0.3
"2026-10-09T04:57:40.315Z","benchmark","benchmark-1791521859669","seeded-high-5629","seeded-high-5629",6,"astar",25,25,3,5629,0.24,0.232,"6,24","E","11,20","[[3,0],[6,0],[12,0],[14,0],[16,0],[24,0],[14,1],[18,1],[20,1],[22,1],[23,1],[11,2],[12,2],[14,2],[21,2],[22,2],[23,2],[24,2],[0,3],[1,3],[6,3],[11,3],[12,3],[13,3],[20,3],[21,3],[22,3],[23,3],[24,3],[0,4],[1,4],[7,4],[8,4],[11,4],[15,4],[18,4],[22,4],[1,5],[18,5],[19,5],[20,5],[14,6],[2,7],[5,7],[15,7],[17,7],[19,7],[21,7],[24,7],[1,8],[5,8],[8,8],[11,8],[14,8],[22,8],[23,8],[0,9],[5,9],[10,9],[11,9],[12,9],[20,9],[22,9],[2,10],[3,10],[4,10],[17,10],[21,10],[22,10],[24,10],[0,11],[5,11],[6,11],[7,11],[12,11],[14,11],[16,11],[20,11],[2,12],[3,12],[6,12],[11,12],[13,13],[18,13],[3,14],[4,14],[7,14],[9,14],[11,14],[15,14],[21,14],[3,15],[11,15],[14,15],[15,15],[18,15],[19,15],[23,15],[1,16],[13,16],[15,16],[2,17],[3,17],[4,17],[9,17],[13,17],[14,17],[17,17],[22,17],[23,17],[5,18],[12,18],[17,18],[20,18],[6,19],[19,19],[4,20],[6,20],[7,20],[19,20],[22,20],[23,20],[8,21],[14,21],[15,21],[16,21],[17,21],[10,22],[14,22],[17,22],[19,22],[3,23],[4,23],[11,23],[12,23],[17,23],[24,23],[7,24],[9,24],[11,24],[12,24],[14,24],[15,24],[22,24],[24,24]]",145,"success","success",11,4,5,0,73,0.1,0,0.1
"2026-10-09T04:57:40.315Z","benchmark","benchmark-1791521859669","seeded-high-5629","seeded-high-5629",6,"dstar",25,25,3,5629,0.24,0.232,"6,24","E","11,20","[[3,0],[6,0],[12,0],[14,0],[16,0],[24,0],[14,1],[18,1],[20,1],[22,1],[23,1],[11,2],[12,2],[14,2],[21,2],[22,2],[23,2],[24,2],[0,3],[1,3],[6,3],[11,3],[12,3],[13,3],[20,3],[21,3],[22,3],[23,3],[24,3],[0,4],[1,4],[7,4],[8,4],[11,4],[15,4],[18,4],[22,4],[1,5],[18,5],[19,5],[20,5],[14,6],[2,7],[5,7],[15,7],[17,7],[19,7],[21,7],[24,7],[1,8],[5,8],[8,8],[11,8],[14,8],[22,8],[23,8],[0,9],[5,9],[10,9],[11,9],[12,9],[20,9],[22,9],[2,10],[3,10],[4,10],[17,10],[21,10],[22,10],[24,10],[0,11],[5,11],[6,11],[7,11],[12,11],[14,11],[16,11],[20,11],[2,12],[3,12],[6,12],[11,12],[13,13],[18,13],[3,14],[4,14],[7,14],[9,14],[11,14],[15,14],[21,14],[3,15],[11,15],[14,15],[15,15],[18,15],[19,15],[23,15],[1,16],[13,16],[15,16],[2,17],[3,17],[4,17],[9,17],[13,17],[14,17],[17,17],[22,17],[23,17],[5,18],[12,18],[17,18],[20,18],[6,19],[19,19],[4,20],[6,20],[7,20],[19,20],[22,20],[23,20],[8,21],[14,21],[15,21],[16,21],[17,21],[10,22],[14,22],[17,22],[19,22],[3,23],[4,23],[11,23],[12,23],[17,23],[24,23],[7,24],[9,24],[11,24],[12,24],[14,24],[15,24],[22,24],[24,24]]",145,"success","success",11,4,5,0,43,0.3,0.2,0.5
"2026-10-09T04:57:40.316Z","benchmark","benchmark-1791521859669","seeded-high-7001","seeded-high-7001",6,"dstar",25,25,3,7001,0.24,0.2752,"10,16","E","22,19","[[1,0],[9,0],[13,0],[14,0],[20,0],[22,0],[2,1],[8,1],[12,1],[15,1],[0,2],[4,2],[13,2],[14,2],[18,2],[23,2],[24,2],[2,3],[4,3],[6,3],[8,3],[12,3],[14,3],[16,3],[17,3],[18,3],[1,4],[4,4],[6,4],[7,4],[8,4],[10,4],[16,4],[20,4],[23,4],[7,5],[11,5],[13,5],[15,5],[18,5],[20,5],[1,6],[2,6],[9,6],[15,6],[16,6],[17,6],[18,6],[0,7],[1,7],[2,7],[4,7],[8,7],[18,7],[23,7],[0,8],[1,8],[2,8],[3,8],[5,8],[10,8],[12,8],[18,8],[19,8],[23,8],[4,9],[6,9],[11,9],[12,9],[13,9],[18,9],[21,9],[24,9],[0,10],[4,10],[5,10],[11,10],[14,10],[18,10],[1,11],[2,11],[6,11],[7,11],[13,11],[18,11],[20,11],[21,11],[23,11],[4,12],[5,12],[9,12],[16,12],[1,13],[3,13],[10,13],[15,13],[16,13],[17,13],[18,13],[20,13],[0,14],[4,14],[8,14],[9,14],[13,14],[15,14],[16,14],[17,14],[20,14],[5,15],[10,15],[15,15],[19,15],[21,15],[4,16],[5,16],[7,16],[13,16],[15,16],[16,16],[17,16],[21,16],[22,16],[23,16],[23,17],[24,17],[2,18],[10,18],[13,18],[15,18],[16,18],[18,18],[20,18],[3,19],[5,19],[7,19],[10,19],[24,19],[3,20],[7,20],[9,20],[10,20],[11,20],[23,20],[24,20],[1,21],[6,21],[7,21],[10,21],[15,21],[19,21],[23,21],[2,22],[8,22],[9,22],[10,22],[11,22],[12,22],[14,22],[18,22],[21,22],[8,23],[11,23],[12,23],[19,23],[5,24],[11,24],[12,24],[13,24],[15,24],[22,24],[24,24]]",172,"success","success",15,1,2,0,51,0.8,0,0.8
"2026-10-09T04:57:40.316Z","benchmark","benchmark-1791521859669","seeded-high-7001","seeded-high-7001",6,"astar",25,25,3,7001,0.24,0.2752,"10,16","E","22,19","[[1,0],[9,0],[13,0],[14,0],[20,0],[22,0],[2,1],[8,1],[12,1],[15,1],[0,2],[4,2],[13,2],[14,2],[18,2],[23,2],[24,2],[2,3],[4,3],[6,3],[8,3],[12,3],[14,3],[16,3],[17,3],[18,3],[1,4],[4,4],[6,4],[7,4],[8,4],[10,4],[16,4],[20,4],[23,4],[7,5],[11,5],[13,5],[15,5],[18,5],[20,5],[1,6],[2,6],[9,6],[15,6],[16,6],[17,6],[18,6],[0,7],[1,7],[2,7],[4,7],[8,7],[18,7],[23,7],[0,8],[1,8],[2,8],[3,8],[5,8],[10,8],[12,8],[18,8],[19,8],[23,8],[4,9],[6,9],[11,9],[12,9],[13,9],[18,9],[21,9],[24,9],[0,10],[4,10],[5,10],[11,10],[14,10],[18,10],[1,11],[2,11],[6,11],[7,11],[13,11],[18,11],[20,11],[21,11],[23,11],[4,12],[5,12],[9,12],[16,12],[1,13],[3,13],[10,13],[15,13],[16,13],[17,13],[18,13],[20,13],[0,14],[4,14],[8,14],[9,14],[13,14],[15,14],[16,14],[17,14],[20,14],[5,15],[10,15],[15,15],[19,15],[21,15],[4,16],[5,16],[7,16],[13,16],[15,16],[16,16],[17,16],[21,16],[22,16],[23,16],[23,17],[24,17],[2,18],[10,18],[13,18],[15,18],[16,18],[18,18],[20,18],[3,19],[5,19],[7,19],[10,19],[24,19],[3,20],[7,20],[9,20],[10,20],[11,20],[23,20],[24,20],[1,21],[6,21],[7,21],[10,21],[15,21],[19,21],[23,21],[2,22],[8,22],[9,22],[10,22],[11,22],[12,22],[14,22],[18,22],[21,22],[8,23],[11,23],[12,23],[19,23],[5,24],[11,24],[12,24],[13,24],[15,24],[22,24],[24,24]]",172,"success","success",15,1,2,0,49,0.1,0,0.1
"2026-10-09T04:57:40.321Z","benchmark","benchmark-1791521859669","open","open",7,"dstar",25,25,3,"","",0,"1,22","E","23,2","[]",0,"success","success",42,0,0,0,483,4.5,0,4.5
"2026-10-09T04:57:40.322Z","benchmark","benchmark-1791521859669","open","open",7,"astar",25,25,3,"","",0,"1,22","E","23,2","[]",0,"success","success",42,0,0,0,482,1.2,0,1.2
"2026-10-09T04:57:40.322Z","benchmark","benchmark-1791521859669","blocker","blocker",7,"astar",25,25,3,"","",0.0016,"1,12","E","23,12","[[12,12]]",1,"success","success",24,1,1,0,66,0.1,0.1,0.2
"2026-10-09T04:57:40.323Z","benchmark","benchmark-1791521859669","blocker","blocker",7,"dstar",25,25,3,"","",0.0016,"1,12","E","23,12","[[12,12]]",1,"success","success",24,1,1,0,62,0.2,0.4,0.6
"2026-10-09T04:57:40.327Z","benchmark","benchmark-1791521859669","detour","detour",7,"dstar",25,25,3,"","",0.0384,"1,12","E","23,12","[[12,0],[12,1],[12,2],[12,3],[12,4],[12,6],[12,7],[12,8],[12,9],[12,10],[12,11],[12,12],[12,13],[12,14],[12,15],[12,16],[12,17],[12,18],[12,19],[12,20],[12,21],[12,22],[12,23],[12,24]]",24,"success","success",36,7,7,0,200,0.8,3.6,4.4
"2026-10-09T04:57:40.330Z","benchmark","benchmark-1791521859669","detour","detour",7,"astar",25,25,3,"","",0.0384,"1,12","E","23,12","[[12,0],[12,1],[12,2],[12,3],[12,4],[12,6],[12,7],[12,8],[12,9],[12,10],[12,11],[12,12],[12,13],[12,14],[12,15],[12,16],[12,17],[12,18],[12,19],[12,20],[12,21],[12,22],[12,23],[12,24]]",24,"success","success",62,19,19,0,1726,0,3,3
"2026-10-09T04:57:40.337Z","benchmark","benchmark-1791521859669","corridor","corridor",7,"astar",25,25,3,"","",0.0768,"1,20","E","23,5","[[8,0],[17,0],[8,1],[17,1],[8,2],[17,2],[8,3],[17,3],[8,4],[17,4],[8,5],[8,6],[17,6],[8,7],[17,7],[8,8],[17,8],[8,9],[17,9],[8,10],[17,10],[8,11],[17,11],[8,12],[17,12],[8,13],[17,13],[8,14],[17,14],[8,15],[17,15],[8,16],[17,16],[8,17],[17,17],[8,18],[17,18],[8,19],[17,19],[17,20],[8,21],[17,21],[8,22],[17,22],[8,23],[17,23],[8,24],[17,24]]",48,"success","success",69,16,16,0,2751,1.1,5.8,6.9
"2026-10-09T04:57:40.345Z","benchmark","benchmark-1791521859669","corridor","corridor",7,"dstar",25,25,3,"","",0.0768,"1,20","E","23,5","[[8,0],[17,0],[8,1],[17,1],[8,2],[17,2],[8,3],[17,3],[8,4],[17,4],[8,5],[8,6],[17,6],[8,7],[17,7],[8,8],[17,8],[8,9],[17,9],[8,10],[17,10],[8,11],[17,11],[8,12],[17,12],[8,13],[17,13],[8,14],[17,14],[8,15],[17,15],[8,16],[17,16],[8,17],[17,17],[8,18],[17,18],[8,19],[17,19],[17,20],[8,21],[17,21],[8,22],[17,22],[8,23],[17,23],[8,24],[17,24]]",48,"success","success",77,20,20,0,596,4.3,3.2,7.5
"2026-10-09T04:57:40.358Z","benchmark","benchmark-1791521859669","maze","maze",7,"dstar",25,25,3,"","",0.192,"1,23","E","23,1","[[3,0],[7,0],[11,0],[15,0],[19,0],[7,1],[15,1],[3,2],[7,2],[11,2],[15,2],[19,2],[3,3],[7,3],[11,3],[15,3],[19,3],[3,4],[7,4],[11,4],[15,4],[19,4],[3,5],[7,5],[11,5],[15,5],[19,5],[3,6],[7,6],[11,6],[15,6],[19,6],[3,7],[7,7],[11,7],[15,7],[19,7],[3,8],[7,8],[11,8],[15,8],[19,8],[3,9],[7,9],[11,9],[15,9],[19,9],[3,10],[7,10],[11,10],[15,10],[19,10],[3,11],[7,11],[11,11],[15,11],[19,11],[3,12],[7,12],[11,12],[15,12],[19,12],[3,13],[7,13],[11,13],[15,13],[19,13],[3,14],[7,14],[11,14],[15,14],[19,14],[3,15],[7,15],[11,15],[15,15],[19,15],[3,16],[7,16],[11,16],[15,16],[19,16],[3,17],[7,17],[11,17],[15,17],[19,17],[3,18],[7,18],[11,18],[15,18],[19,18],[3,19],[7,19],[11,19],[15,19],[19,19],[3,20],[7,20],[11,20],[15,20],[19,20],[3,21],[7,21],[11,21],[15,21],[19,21],[3,22],[7,22],[11,22],[15,22],[19,22],[3,23],[11,23],[19,23],[3,24],[7,24],[11,24],[15,24],[19,24]]",120,"success","success",136,46,47,0,812,6.4,6.2,12.6
"2026-10-09T04:57:40.380Z","benchmark","benchmark-1791521859669","maze","maze",7,"astar",25,25,3,"","",0.192,"1,23","E","23,1","[[3,0],[7,0],[11,0],[15,0],[19,0],[7,1],[15,1],[3,2],[7,2],[11,2],[15,2],[19,2],[3,3],[7,3],[11,3],[15,3],[19,3],[3,4],[7,4],[11,4],[15,4],[19,4],[3,5],[7,5],[11,5],[15,5],[19,5],[3,6],[7,6],[11,6],[15,6],[19,6],[3,7],[7,7],[11,7],[15,7],[19,7],[3,8],[7,8],[11,8],[15,8],[19,8],[3,9],[7,9],[11,9],[15,9],[19,9],[3,10],[7,10],[11,10],[15,10],[19,10],[3,11],[7,11],[11,11],[15,11],[19,11],[3,12],[7,12],[11,12],[15,12],[19,12],[3,13],[7,13],[11,13],[15,13],[19,13],[3,14],[7,14],[11,14],[15,14],[19,14],[3,15],[7,15],[11,15],[15,15],[19,15],[3,16],[7,16],[11,16],[15,16],[19,16],[3,17],[7,17],[11,17],[15,17],[19,17],[3,18],[7,18],[11,18],[15,18],[19,18],[3,19],[7,19],[11,19],[15,19],[19,19],[3,20],[7,20],[11,20],[15,20],[19,20],[3,21],[7,21],[11,21],[15,21],[19,21],[3,22],[7,22],[11,22],[15,22],[19,22],[3,23],[11,23],[19,23],[3,24],[7,24],[11,24],[15,24],[19,24]]",120,"success","success",136,46,47,0,8303,1.3,20.1,21.4
"2026-10-09T04:57:40.385Z","benchmark","benchmark-1791521859669","no-route","no-route",7,"astar",25,25,3,"","",0.04,"1,12","E","23,12","[[12,0],[12,1],[12,2],[12,3],[12,4],[12,5],[12,6],[12,7],[12,8],[12,9],[12,10],[12,11],[12,12],[12,13],[12,14],[12,15],[12,16],[12,17],[12,18],[12,19],[12,20],[12,21],[12,22],[12,23],[12,24]]",25,"no_route","no_route",48,25,25,0,2741,0.1,5.4,5.5
"2026-10-09T04:57:40.393Z","benchmark","benchmark-1791521859669","no-route","no-route",7,"dstar",25,25,3,"","",0.04,"1,12","E","23,12","[[12,0],[12,1],[12,2],[12,3],[12,4],[12,5],[12,6],[12,7],[12,8],[12,9],[12,10],[12,11],[12,12],[12,13],[12,14],[12,15],[12,16],[12,17],[12,18],[12,19],[12,20],[12,21],[12,22],[12,23],[12,24]]",25,"no_route","no_route",46,25,25,0,572,0.3,7.4,7.7
"2026-10-09T04:57:40.393Z","benchmark","benchmark-1791521859669","seeded-low-1701","seeded-low-1701",7,"dstar",25,25,3,1701,0.08,0.0832,"10,16","E","22,19","[[16,0],[9,1],[12,1],[17,2],[18,2],[5,4],[14,5],[12,6],[17,6],[21,6],[5,7],[16,7],[18,7],[1,8],[19,8],[20,8],[0,9],[0,12],[9,12],[13,12],[15,12],[17,13],[23,13],[5,14],[10,14],[20,14],[17,15],[18,15],[22,15],[2,16],[7,16],[8,16],[13,16],[4,17],[7,17],[14,17],[15,17],[8,19],[11,21],[12,21],[16,21],[20,21],[6,22],[12,22],[19,22],[3,23],[6,23],[15,23],[0,24],[9,24],[14,24],[19,24]]",52,"success","success",15,1,2,0,52,0.4,0.1,0.5
"2026-10-09T04:57:40.394Z","benchmark","benchmark-1791521859669","seeded-low-1701","seeded-low-1701",7,"astar",25,25,3,1701,0.08,0.0832,"10,16","E","22,19","[[16,0],[9,1],[12,1],[17,2],[18,2],[5,4],[14,5],[12,6],[17,6],[21,6],[5,7],[16,7],[18,7],[1,8],[19,8],[20,8],[0,9],[0,12],[9,12],[13,12],[15,12],[17,13],[23,13],[5,14],[10,14],[20,14],[17,15],[18,15],[22,15],[2,16],[7,16],[8,16],[13,16],[4,17],[7,17],[14,17],[15,17],[8,19],[11,21],[12,21],[16,21],[20,21],[6,22],[12,22],[19,22],[3,23],[6,23],[15,23],[0,24],[9,24],[14,24],[19,24]]",52,"success","success",15,1,2,0,64,0.1,0,0.1
"2026-10-09T04:57:40.394Z","benchmark","benchmark-1791521859669","seeded-low-2718","seeded-low-2718",7,"astar",25,25,3,2718,0.08,0.0736,"4,3","S","18,8","[[7,1],[22,1],[15,2],[19,2],[22,2],[0,3],[1,3],[18,3],[22,3],[9,5],[20,5],[12,7],[14,8],[21,8],[22,8],[24,8],[12,9],[22,9],[7,10],[21,10],[8,11],[20,11],[5,12],[6,12],[12,12],[13,13],[23,13],[18,14],[23,14],[8,15],[12,15],[9,16],[16,17],[17,17],[20,17],[1,18],[1,19],[10,19],[1,20],[2,20],[8,20],[7,21],[21,21],[0,24],[3,24],[6,24]]",46,"success","success",19,1,1,0,111,0.2,0,0.2
"2026-10-09T04:57:40.395Z","benchmark","benchmark-1791521859669","seeded-low-2718","seeded-low-2718",7,"dstar",25,25,3,2718,0.08,0.0736,"4,3","S","18,8","[[7,1],[22,1],[15,2],[19,2],[22,2],[0,3],[1,3],[18,3],[22,3],[9,5],[20,5],[12,7],[14,8],[21,8],[22,8],[24,8],[12,9],[22,9],[7,10],[21,10],[8,11],[20,11],[5,12],[6,12],[12,12],[13,13],[23,13],[18,14],[23,14],[8,15],[12,15],[9,16],[16,17],[17,17],[20,17],[1,18],[1,19],[10,19],[1,20],[2,20],[8,20],[7,21],[21,21],[0,24],[3,24],[6,24]]",46,"success","success",19,1,1,0,91,0.7,0,0.7
"2026-10-09T04:57:40.395Z","benchmark","benchmark-1791521859669","seeded-low-3141","seeded-low-3141",7,"dstar",25,25,3,3141,0.08,0.088,"15,6","E","17,24","[[13,0],[14,0],[19,0],[17,1],[3,2],[14,2],[8,3],[11,3],[19,3],[21,3],[24,3],[14,4],[19,4],[5,5],[9,5],[12,5],[17,5],[19,5],[22,5],[2,6],[9,7],[13,7],[14,7],[18,7],[13,8],[14,8],[3,9],[6,9],[8,11],[21,11],[22,11],[3,12],[24,12],[14,13],[19,14],[20,14],[4,15],[15,16],[18,16],[7,18],[16,18],[20,18],[22,18],[0,19],[3,19],[10,20],[12,20],[24,20],[13,21],[12,22],[23,22],[10,23],[19,23],[22,23],[2,24]]",55,"success","success",20,0,0,0,57,0.6,0,0.6
"2026-10-09T04:57:40.395Z","benchmark","benchmark-1791521859669","seeded-low-3141","seeded-low-3141",7,"astar",25,25,3,3141,0.08,0.088,"15,6","E","17,24","[[13,0],[14,0],[19,0],[17,1],[3,2],[14,2],[8,3],[11,3],[19,3],[21,3],[24,3],[14,4],[19,4],[5,5],[9,5],[12,5],[17,5],[19,5],[22,5],[2,6],[9,7],[13,7],[14,7],[18,7],[13,8],[14,8],[3,9],[6,9],[8,11],[21,11],[22,11],[3,12],[24,12],[14,13],[19,14],[20,14],[4,15],[15,16],[18,16],[7,18],[16,18],[20,18],[22,18],[0,19],[3,19],[10,20],[12,20],[24,20],[13,21],[12,22],[23,22],[10,23],[19,23],[22,23],[2,24]]",55,"success","success",20,0,0,0,56,0.1,0,0.1
"2026-10-09T04:57:40.396Z","benchmark","benchmark-1791521859669","seeded-low-4207","seeded-low-4207",7,"astar",25,25,3,4207,0.08,0.0768,"2,7","W","0,21","[[7,0],[14,0],[5,1],[12,1],[17,1],[11,2],[21,2],[24,2],[0,3],[5,3],[10,3],[15,3],[1,4],[15,4],[19,4],[23,5],[4,7],[21,7],[4,9],[9,9],[12,9],[21,9],[12,10],[7,11],[22,11],[10,12],[18,12],[17,14],[8,15],[11,15],[11,16],[4,17],[12,17],[14,17],[0,18],[2,18],[4,18],[5,18],[18,18],[20,18],[24,18],[13,20],[8,21],[11,21],[14,21],[5,22],[7,23],[11,24]]",48,"success","success",16,1,1,0,60,0.1,0.1,0.2
"2026-10-09T04:57:40.397Z","benchmark","benchmark-1791521859669","seeded-low-4207","seeded-low-4207",7,"dstar",25,25,3,4207,0.08,0.0768,"2,7","W","0,21","[[7,0],[14,0],[5,1],[12,1],[17,1],[11,2],[21,2],[24,2],[0,3],[5,3],[10,3],[15,3],[1,4],[15,4],[19,4],[23,5],[4,7],[21,7],[4,9],[9,9],[12,9],[21,9],[12,10],[7,11],[22,11],[10,12],[18,12],[17,14],[8,15],[11,15],[11,16],[4,17],[12,17],[14,17],[0,18],[2,18],[4,18],[5,18],[18,18],[20,18],[24,18],[13,20],[8,21],[11,21],[14,21],[5,22],[7,23],[11,24]]",48,"success","success",16,1,1,0,46,0.9,0.2,1.1
"2026-10-09T04:57:40.398Z","benchmark","benchmark-1791521859669","seeded-low-5629","seeded-low-5629",7,"dstar",25,25,3,5629,0.08,0.0864,"6,24","E","11,20","[[12,2],[14,2],[23,2],[1,3],[12,3],[21,3],[23,3],[1,4],[8,4],[15,4],[18,4],[14,6],[5,7],[17,7],[1,8],[0,9],[5,9],[10,9],[11,9],[12,9],[20,9],[2,10],[4,10],[21,10],[0,11],[7,11],[16,11],[20,11],[6,12],[11,12],[13,13],[7,14],[9,14],[11,14],[21,14],[23,15],[1,16],[15,16],[14,17],[17,17],[12,18],[17,18],[20,18],[6,20],[15,21],[16,21],[10,22],[17,22],[19,22],[3,23],[12,23],[7,24],[11,24],[14,24]]",54,"success","success",9,1,2,0,30,0.8,0.1,0.9
"2026-10-09T04:57:40.398Z","benchmark","benchmark-1791521859669","seeded-low-5629","seeded-low-5629",7,"astar",25,25,3,5629,0.08,0.0864,"6,24","E","11,20","[[12,2],[14,2],[23,2],[1,3],[12,3],[21,3],[23,3],[1,4],[8,4],[15,4],[18,4],[14,6],[5,7],[17,7],[1,8],[0,9],[5,9],[10,9],[11,9],[12,9],[20,9],[2,10],[4,10],[21,10],[0,11],[7,11],[16,11],[20,11],[6,12],[11,12],[13,13],[7,14],[9,14],[11,14],[21,14],[23,15],[1,16],[15,16],[14,17],[17,17],[12,18],[17,18],[20,18],[6,20],[15,21],[16,21],[10,22],[17,22],[19,22],[3,23],[12,23],[7,24],[11,24],[14,24]]",54,"success","success",9,1,2,0,46,0.1,0,0.1
"2026-10-09T04:57:40.398Z","benchmark","benchmark-1791521859669","seeded-low-7001","seeded-low-7001",7,"astar",25,25,3,7001,0.08,0.1008,"10,16","E","22,19","[[1,0],[9,0],[8,1],[12,1],[0,2],[13,2],[14,2],[23,2],[24,2],[4,3],[8,3],[17,3],[16,4],[7,5],[11,5],[18,5],[1,6],[15,6],[18,6],[0,7],[8,7],[1,8],[5,8],[18,8],[19,8],[23,8],[4,9],[11,9],[0,10],[5,10],[11,10],[6,11],[13,11],[4,12],[16,12],[1,13],[18,13],[20,13],[4,14],[9,14],[13,14],[10,15],[5,16],[7,16],[15,16],[16,16],[24,17],[16,18],[18,18],[20,18],[7,20],[11,20],[23,20],[24,20],[1,21],[15,21],[9,22],[14,22],[18,22],[8,23],[19,23],[5,24],[11,24]]",63,"success","success",15,2,2,0,91,0.2,0.1,0.3
"2026-10-09T04:57:40.399Z","benchmark","benchmark-1791521859669","seeded-low-7001","seeded-low-7001",7,"dstar",25,25,3,7001,0.08,0.1008,"10,16","E","22,19","[[1,0],[9,0],[8,1],[12,1],[0,2],[13,2],[14,2],[23,2],[24,2],[4,3],[8,3],[17,3],[16,4],[7,5],[11,5],[18,5],[1,6],[15,6],[18,6],[0,7],[8,7],[1,8],[5,8],[18,8],[19,8],[23,8],[4,9],[11,9],[0,10],[5,10],[11,10],[6,11],[13,11],[4,12],[16,12],[1,13],[18,13],[20,13],[4,14],[9,14],[13,14],[10,15],[5,16],[7,16],[15,16],[16,16],[24,17],[16,18],[18,18],[20,18],[7,20],[11,20],[23,20],[24,20],[1,21],[15,21],[9,22],[14,22],[18,22],[8,23],[19,23],[5,24],[11,24]]",63,"success","success",15,2,2,0,53,0.4,0,0.4
"2026-10-09T04:57:40.400Z","benchmark","benchmark-1791521859669","seeded-medium-1701","seeded-medium-1701",7,"dstar",25,25,3,1701,0.16,0.1856,"10,16","E","22,19","[[4,0],[6,0],[12,0],[16,0],[19,0],[24,0],[9,1],[10,1],[12,1],[4,2],[8,2],[15,2],[17,2],[18,2],[0,3],[18,3],[5,4],[10,4],[11,4],[22,4],[14,5],[18,5],[7,6],[12,6],[17,6],[18,6],[20,6],[21,6],[5,7],[10,7],[16,7],[18,7],[0,8],[1,8],[2,8],[13,8],[19,8],[20,8],[0,9],[5,9],[8,9],[13,9],[17,9],[7,10],[8,10],[10,10],[20,10],[3,11],[16,11],[22,11],[0,12],[6,12],[9,12],[13,12],[15,12],[16,12],[7,13],[12,13],[17,13],[19,13],[23,13],[0,14],[5,14],[10,14],[20,14],[1,15],[2,15],[17,15],[18,15],[22,15],[23,15],[2,16],[3,16],[7,16],[8,16],[13,16],[0,17],[4,17],[7,17],[14,17],[15,17],[9,18],[10,18],[14,18],[21,18],[22,18],[8,19],[11,19],[20,19],[12,20],[0,21],[3,21],[9,21],[11,21],[12,21],[16,21],[20,21],[22,21],[6,22],[12,22],[15,22],[16,22],[19,22],[21,22],[3,23],[6,23],[7,23],[8,23],[9,23],[12,23],[15,23],[19,23],[0,24],[9,24],[14,24],[19,24]]",116,"success","success",21,6,7,0,83,0.5,0.5,1
"2026-10-09T04:57:40.400Z","benchmark","benchmark-1791521859669","seeded-medium-1701","seeded-medium-1701",7,"astar",25,25,3,1701,0.16,0.1856,"10,16","E","22,19","[[4,0],[6,0],[12,0],[16,0],[19,0],[24,0],[9,1],[10,1],[12,1],[4,2],[8,2],[15,2],[17,2],[18,2],[0,3],[18,3],[5,4],[10,4],[11,4],[22,4],[14,5],[18,5],[7,6],[12,6],[17,6],[18,6],[20,6],[21,6],[5,7],[10,7],[16,7],[18,7],[0,8],[1,8],[2,8],[13,8],[19,8],[20,8],[0,9],[5,9],[8,9],[13,9],[17,9],[7,10],[8,10],[10,10],[20,10],[3,11],[16,11],[22,11],[0,12],[6,12],[9,12],[13,12],[15,12],[16,12],[7,13],[12,13],[17,13],[19,13],[23,13],[0,14],[5,14],[10,14],[20,14],[1,15],[2,15],[17,15],[18,15],[22,15],[23,15],[2,16],[3,16],[7,16],[8,16],[13,16],[0,17],[4,17],[7,17],[14,17],[15,17],[9,18],[10,18],[14,18],[21,18],[22,18],[8,19],[11,19],[20,19],[12,20],[0,21],[3,21],[9,21],[11,21],[12,21],[16,21],[20,21],[22,21],[6,22],[12,22],[15,22],[16,22],[19,22],[21,22],[3,23],[6,23],[7,23],[8,23],[9,23],[12,23],[15,23],[19,23],[0,24],[9,24],[14,24],[19,24]]",116,"success","success",21,5,6,0,112,0.2,0,0.2
"2026-10-09T04:57:40.400Z","benchmark","benchmark-1791521859669","seeded-medium-2718","seeded-medium-2718",7,"astar",25,25,3,2718,0.16,0.1504,"4,3","S","18,8","[[7,0],[9,0],[7,1],[9,1],[22,1],[14,2],[15,2],[17,2],[18,2],[19,2],[22,2],[0,3],[1,3],[6,3],[9,3],[10,3],[16,3],[18,3],[22,3],[3,5],[9,5],[14,5],[16,5],[20,5],[11,7],[12,7],[16,7],[17,7],[7,8],[14,8],[21,8],[22,8],[24,8],[12,9],[14,9],[15,9],[22,9],[7,10],[20,10],[21,10],[5,11],[8,11],[15,11],[20,11],[5,12],[6,12],[11,12],[12,12],[4,13],[13,13],[23,13],[18,14],[23,14],[6,15],[8,15],[9,15],[12,15],[21,15],[8,16],[9,16],[16,17],[17,17],[20,17],[1,18],[10,18],[1,19],[7,19],[8,19],[10,19],[19,19],[1,20],[2,20],[8,20],[11,20],[18,20],[21,20],[7,21],[11,21],[14,21],[21,21],[0,22],[4,22],[12,22],[17,22],[0,23],[4,23],[7,23],[22,23],[0,24],[3,24],[6,24],[10,24],[11,24],[22,24]]",94,"success","success",19,1,1,0,165,0.1,0.1,0.2
"2026-10-09T04:57:40.401Z","benchmark","benchmark-1791521859669","seeded-medium-2718","seeded-medium-2718",7,"dstar",25,25,3,2718,0.16,0.1504,"4,3","S","18,8","[[7,0],[9,0],[7,1],[9,1],[22,1],[14,2],[15,2],[17,2],[18,2],[19,2],[22,2],[0,3],[1,3],[6,3],[9,3],[10,3],[16,3],[18,3],[22,3],[3,5],[9,5],[14,5],[16,5],[20,5],[11,7],[12,7],[16,7],[17,7],[7,8],[14,8],[21,8],[22,8],[24,8],[12,9],[14,9],[15,9],[22,9],[7,10],[20,10],[21,10],[5,11],[8,11],[15,11],[20,11],[5,12],[6,12],[11,12],[12,12],[4,13],[13,13],[23,13],[18,14],[23,14],[6,15],[8,15],[9,15],[12,15],[21,15],[8,16],[9,16],[16,17],[17,17],[20,17],[1,18],[10,18],[1,19],[7,19],[8,19],[10,19],[19,19],[1,20],[2,20],[8,20],[11,20],[18,20],[21,20],[7,21],[11,21],[14,21],[21,21],[0,22],[4,22],[12,22],[17,22],[0,23],[4,23],[7,23],[22,23],[0,24],[3,24],[6,24],[10,24],[11,24],[22,24]]",94,"success","success",19,1,1,0,91,0.7,0,0.7
"2026-10-09T04:57:40.404Z","benchmark","benchmark-1791521859669","seeded-medium-3141","seeded-medium-3141",7,"dstar",25,25,3,3141,0.16,0.1552,"15,6","E","17,24","[[4,0],[13,0],[14,0],[19,0],[0,1],[1,1],[2,1],[12,1],[17,1],[3,2],[5,2],[14,2],[5,3],[8,3],[11,3],[13,3],[14,3],[19,3],[20,3],[21,3],[22,3],[24,3],[6,4],[14,4],[19,4],[5,5],[9,5],[12,5],[14,5],[17,5],[19,5],[22,5],[2,6],[24,6],[9,7],[13,7],[14,7],[18,7],[19,7],[6,8],[13,8],[14,8],[17,8],[19,8],[3,9],[5,9],[6,9],[17,9],[19,9],[23,9],[10,10],[12,10],[13,10],[0,11],[8,11],[14,11],[21,11],[22,11],[3,12],[6,12],[24,12],[14,13],[0,14],[18,14],[19,14],[20,14],[4,15],[6,15],[15,16],[18,16],[12,17],[14,17],[7,18],[16,18],[17,18],[20,18],[22,18],[0,19],[3,19],[4,19],[10,20],[11,20],[12,20],[15,20],[24,20],[0,21],[8,21],[13,21],[12,22],[19,22],[23,22],[10,23],[19,23],[22,23],[2,24],[13,24],[19,24]]",97,"success","success",30,9,9,0,140,0.5,1.8,2.3
"2026-10-09T04:57:40.405Z","benchmark","benchmark-1791521859669","seeded-medium-3141","seeded-medium-3141",7,"astar",25,25,3,3141,0.16,0.1552,"15,6","E","17,24","[[4,0],[13,0],[14,0],[19,0],[0,1],[1,1],[2,1],[12,1],[17,1],[3,2],[5,2],[14,2],[5,3],[8,3],[11,3],[13,3],[14,3],[19,3],[20,3],[21,3],[22,3],[24,3],[6,4],[14,4],[19,4],[5,5],[9,5],[12,5],[14,5],[17,5],[19,5],[22,5],[2,6],[24,6],[9,7],[13,7],[14,7],[18,7],[19,7],[6,8],[13,8],[14,8],[17,8],[19,8],[3,9],[5,9],[6,9],[17,9],[19,9],[23,9],[10,10],[12,10],[13,10],[0,11],[8,11],[14,11],[21,11],[22,11],[3,12],[6,12],[24,12],[14,13],[0,14],[18,14],[19,14],[20,14],[4,15],[6,15],[15,16],[18,16],[12,17],[14,17],[7,18],[16,18],[17,18],[20,18],[22,18],[0,19],[3,19],[4,19],[10,20],[11,20],[12,20],[15,20],[24,20],[0,21],[8,21],[13,21],[12,22],[19,22],[23,22],[10,23],[19,23],[22,23],[2,24],[13,24],[19,24]]",97,"success","success",24,5,5,0,241,0.3,0.4,0.7
"2026-10-09T04:57:40.405Z","benchmark","benchmark-1791521859669","seeded-medium-4207","seeded-medium-4207",7,"astar",25,25,3,4207,0.16,0.1584,"2,7","W","0,21","[[0,0],[7,0],[14,0],[20,0],[5,1],[12,1],[15,1],[17,1],[6,2],[8,2],[11,2],[16,2],[21,2],[23,2],[24,2],[0,3],[5,3],[10,3],[15,3],[1,4],[15,4],[17,4],[19,4],[24,4],[2,5],[3,5],[5,5],[7,5],[13,5],[23,5],[5,6],[17,6],[18,6],[4,7],[21,7],[24,8],[4,9],[9,9],[11,9],[12,9],[14,9],[21,9],[2,10],[3,10],[4,10],[12,10],[16,10],[2,11],[7,11],[13,11],[22,11],[6,12],[10,12],[12,12],[13,12],[18,12],[22,12],[23,13],[1,14],[17,14],[18,14],[8,15],[11,15],[24,15],[8,16],[11,16],[13,16],[14,16],[4,17],[6,17],[12,17],[14,17],[24,17],[0,18],[2,18],[4,18],[5,18],[12,18],[18,18],[20,18],[24,18],[4,20],[9,20],[13,20],[18,20],[2,21],[8,21],[11,21],[14,21],[23,21],[0,22],[5,22],[7,22],[22,22],[23,22],[7,23],[16,23],[11,24],[16,24]]",99,"success","success",18,3,3,0,102,0.1,0.1,0.2
"2026-10-09T04:57:40.406Z","benchmark","benchmark-1791521859669","seeded-medium-4207","seeded-medium-4207",7,"dstar",25,25,3,4207,0.16,0.1584,"2,7","W","0,21","[[0,0],[7,0],[14,0],[20,0],[5,1],[12,1],[15,1],[17,1],[6,2],[8,2],[11,2],[16,2],[21,2],[23,2],[24,2],[0,3],[5,3],[10,3],[15,3],[1,4],[15,4],[17,4],[19,4],[24,4],[2,5],[3,5],[5,5],[7,5],[13,5],[23,5],[5,6],[17,6],[18,6],[4,7],[21,7],[24,8],[4,9],[9,9],[11,9],[12,9],[14,9],[21,9],[2,10],[3,10],[4,10],[12,10],[16,10],[2,11],[7,11],[13,11],[22,11],[6,12],[10,12],[12,12],[13,12],[18,12],[22,12],[23,13],[1,14],[17,14],[18,14],[8,15],[11,15],[24,15],[8,16],[11,16],[13,16],[14,16],[4,17],[6,17],[12,17],[14,17],[24,17],[0,18],[2,18],[4,18],[5,18],[12,18],[18,18],[20,18],[24,18],[4,20],[9,20],[13,20],[18,20],[2,21],[8,21],[11,21],[14,21],[23,21],[0,22],[5,22],[7,22],[22,22],[23,22],[7,23],[16,23],[11,24],[16,24]]",99,"success","success",18,3,3,0,56,0.4,0.5,0.9
"2026-10-09T04:57:40.406Z","benchmark","benchmark-1791521859669","seeded-medium-5629","seeded-medium-5629",7,"dstar",25,25,3,5629,0.16,0.1568,"6,24","E","11,20","[[12,0],[14,0],[16,0],[24,0],[14,1],[18,1],[20,1],[22,1],[23,1],[11,2],[12,2],[14,2],[21,2],[23,2],[1,3],[12,3],[13,3],[20,3],[21,3],[22,3],[23,3],[0,4],[1,4],[7,4],[8,4],[15,4],[18,4],[19,5],[14,6],[5,7],[15,7],[17,7],[19,7],[21,7],[1,8],[8,8],[22,8],[0,9],[5,9],[10,9],[11,9],[12,9],[20,9],[22,9],[2,10],[3,10],[4,10],[17,10],[21,10],[24,10],[0,11],[5,11],[6,11],[7,11],[16,11],[20,11],[6,12],[11,12],[13,13],[4,14],[7,14],[9,14],[11,14],[21,14],[14,15],[15,15],[23,15],[1,16],[15,16],[2,17],[4,17],[9,17],[14,17],[17,17],[22,17],[23,17],[12,18],[17,18],[20,18],[4,20],[6,20],[7,20],[15,21],[16,21],[17,21],[10,22],[14,22],[17,22],[19,22],[3,23],[4,23],[11,23],[12,23],[7,24],[9,24],[11,24],[14,24],[15,24]]",98,"success","success",9,2,3,0,31,0.2,0.2,0.4
"2026-10-09T04:57:40.406Z","benchmark","benchmark-1791521859669","seeded-medium-5629","seeded-medium-5629",7,"astar",25,25,3,5629,0.16,0.1568,"6,24","E","11,20","[[12,0],[14,0],[16,0],[24,0],[14,1],[18,1],[20,1],[22,1],[23,1],[11,2],[12,2],[14,2],[21,2],[23,2],[1,3],[12,3],[13,3],[20,3],[21,3],[22,3],[23,3],[0,4],[1,4],[7,4],[8,4],[15,4],[18,4],[19,5],[14,6],[5,7],[15,7],[17,7],[19,7],[21,7],[1,8],[8,8],[22,8],[0,9],[5,9],[10,9],[11,9],[12,9],[20,9],[22,9],[2,10],[3,10],[4,10],[17,10],[21,10],[24,10],[0,11],[5,11],[6,11],[7,11],[16,11],[20,11],[6,12],[11,12],[13,13],[4,14],[7,14],[9,14],[11,14],[21,14],[14,15],[15,15],[23,15],[1,16],[15,16],[2,17],[4,17],[9,17],[14,17],[17,17],[22,17],[23,17],[12,18],[17,18],[20,18],[4,20],[6,20],[7,20],[15,21],[16,21],[17,21],[10,22],[14,22],[17,22],[19,22],[3,23],[4,23],[11,23],[12,23],[7,24],[9,24],[11,24],[14,24],[15,24]]",98,"success","success",9,2,3,0,54,0,0,0
"2026-10-09T04:57:40.407Z","benchmark","benchmark-1791521859669","seeded-medium-7001","seeded-medium-7001",7,"astar",25,25,3,7001,0.16,0.1856,"10,16","E","22,19","[[1,0],[9,0],[13,0],[22,0],[2,1],[8,1],[12,1],[0,2],[4,2],[13,2],[14,2],[23,2],[24,2],[4,3],[8,3],[16,3],[17,3],[18,3],[1,4],[6,4],[8,4],[16,4],[23,4],[7,5],[11,5],[18,5],[1,6],[2,6],[9,6],[15,6],[17,6],[18,6],[0,7],[1,7],[8,7],[23,7],[0,8],[1,8],[3,8],[5,8],[10,8],[12,8],[18,8],[19,8],[23,8],[4,9],[6,9],[11,9],[12,9],[13,9],[18,9],[21,9],[24,9],[0,10],[4,10],[5,10],[11,10],[1,11],[2,11],[6,11],[13,11],[18,11],[20,11],[4,12],[16,12],[1,13],[10,13],[16,13],[18,13],[20,13],[4,14],[8,14],[9,14],[13,14],[15,14],[16,14],[17,14],[20,14],[10,15],[15,15],[5,16],[7,16],[15,16],[16,16],[17,16],[21,16],[22,16],[23,17],[24,17],[10,18],[16,18],[18,18],[20,18],[3,19],[24,19],[3,20],[7,20],[11,20],[23,20],[24,20],[1,21],[6,21],[15,21],[9,22],[10,22],[14,22],[18,22],[21,22],[8,23],[19,23],[5,24],[11,24],[13,24],[15,24],[22,24],[24,24]]",116,"success","success",15,2,2,0,94,0.1,0.1,0.2
"2026-10-09T04:57:40.407Z","benchmark","benchmark-1791521859669","seeded-medium-7001","seeded-medium-7001",7,"dstar",25,25,3,7001,0.16,0.1856,"10,16","E","22,19","[[1,0],[9,0],[13,0],[22,0],[2,1],[8,1],[12,1],[0,2],[4,2],[13,2],[14,2],[23,2],[24,2],[4,3],[8,3],[16,3],[17,3],[18,3],[1,4],[6,4],[8,4],[16,4],[23,4],[7,5],[11,5],[18,5],[1,6],[2,6],[9,6],[15,6],[17,6],[18,6],[0,7],[1,7],[8,7],[23,7],[0,8],[1,8],[3,8],[5,8],[10,8],[12,8],[18,8],[19,8],[23,8],[4,9],[6,9],[11,9],[12,9],[13,9],[18,9],[21,9],[24,9],[0,10],[4,10],[5,10],[11,10],[1,11],[2,11],[6,11],[13,11],[18,11],[20,11],[4,12],[16,12],[1,13],[10,13],[16,13],[18,13],[20,13],[4,14],[8,14],[9,14],[13,14],[15,14],[16,14],[17,14],[20,14],[10,15],[15,15],[5,16],[7,16],[15,16],[16,16],[17,16],[21,16],[22,16],[23,17],[24,17],[10,18],[16,18],[18,18],[20,18],[3,19],[24,19],[3,20],[7,20],[11,20],[23,20],[24,20],[1,21],[6,21],[15,21],[9,22],[10,22],[14,22],[18,22],[21,22],[8,23],[19,23],[5,24],[11,24],[13,24],[15,24],[22,24],[24,24]]",116,"success","success",15,2,2,0,53,0.5,0.1,0.6
"2026-10-09T04:57:40.408Z","benchmark","benchmark-1791521859669","seeded-high-1701","seeded-high-1701",7,"dstar",25,25,3,1701,0.24,0.2464,"10,16","E","22,19","[[4,0],[5,0],[6,0],[12,0],[16,0],[19,0],[21,0],[22,0],[24,0],[5,1],[9,1],[10,1],[12,1],[4,2],[6,2],[8,2],[15,2],[17,2],[18,2],[20,2],[0,3],[4,3],[6,3],[16,3],[18,3],[22,3],[5,4],[8,4],[9,4],[10,4],[11,4],[13,4],[16,4],[18,4],[22,4],[0,5],[3,5],[12,5],[14,5],[16,5],[18,5],[7,6],[12,6],[17,6],[18,6],[20,6],[21,6],[5,7],[10,7],[16,7],[18,7],[0,8],[1,8],[2,8],[13,8],[18,8],[19,8],[20,8],[23,8],[0,9],[3,9],[5,9],[8,9],[13,9],[17,9],[7,10],[8,10],[9,10],[10,10],[20,10],[3,11],[7,11],[12,11],[16,11],[22,11],[0,12],[6,12],[9,12],[13,12],[15,12],[16,12],[7,13],[12,13],[17,13],[19,13],[23,13],[0,14],[2,14],[5,14],[10,14],[20,14],[1,15],[2,15],[17,15],[18,15],[22,15],[23,15],[2,16],[3,16],[7,16],[8,16],[13,16],[0,17],[4,17],[7,17],[14,17],[15,17],[16,17],[0,18],[8,18],[9,18],[10,18],[14,18],[21,18],[22,18],[8,19],[11,19],[20,19],[12,20],[23,20],[0,21],[3,21],[4,21],[9,21],[10,21],[11,21],[12,21],[16,21],[20,21],[22,21],[2,22],[6,22],[12,22],[15,22],[16,22],[18,22],[19,22],[21,22],[3,23],[6,23],[7,23],[8,23],[9,23],[11,23],[12,23],[15,23],[19,23],[20,23],[23,23],[0,24],[9,24],[10,24],[14,24],[19,24]]",154,"success","success",21,7,8,0,83,0.5,0.5,1
"2026-10-09T04:57:40.409Z","benchmark","benchmark-1791521859669","seeded-high-1701","seeded-high-1701",7,"astar",25,25,3,1701,0.24,0.2464,"10,16","E","22,19","[[4,0],[5,0],[6,0],[12,0],[16,0],[19,0],[21,0],[22,0],[24,0],[5,1],[9,1],[10,1],[12,1],[4,2],[6,2],[8,2],[15,2],[17,2],[18,2],[20,2],[0,3],[4,3],[6,3],[16,3],[18,3],[22,3],[5,4],[8,4],[9,4],[10,4],[11,4],[13,4],[16,4],[18,4],[22,4],[0,5],[3,5],[12,5],[14,5],[16,5],[18,5],[7,6],[12,6],[17,6],[18,6],[20,6],[21,6],[5,7],[10,7],[16,7],[18,7],[0,8],[1,8],[2,8],[13,8],[18,8],[19,8],[20,8],[23,8],[0,9],[3,9],[5,9],[8,9],[13,9],[17,9],[7,10],[8,10],[9,10],[10,10],[20,10],[3,11],[7,11],[12,11],[16,11],[22,11],[0,12],[6,12],[9,12],[13,12],[15,12],[16,12],[7,13],[12,13],[17,13],[19,13],[23,13],[0,14],[2,14],[5,14],[10,14],[20,14],[1,15],[2,15],[17,15],[18,15],[22,15],[23,15],[2,16],[3,16],[7,16],[8,16],[13,16],[0,17],[4,17],[7,17],[14,17],[15,17],[16,17],[0,18],[8,18],[9,18],[10,18],[14,18],[21,18],[22,18],[8,19],[11,19],[20,19],[12,20],[23,20],[0,21],[3,21],[4,21],[9,21],[10,21],[11,21],[12,21],[16,21],[20,21],[22,21],[2,22],[6,22],[12,22],[15,22],[16,22],[18,22],[19,22],[21,22],[3,23],[6,23],[7,23],[8,23],[9,23],[11,23],[12,23],[15,23],[19,23],[20,23],[23,23],[0,24],[9,24],[10,24],[14,24],[19,24]]",154,"success","success",21,6,7,0,116,0.1,0.2,0.3
"2026-10-09T04:57:40.409Z","benchmark","benchmark-1791521859669","seeded-high-2718","seeded-high-2718",7,"astar",25,25,3,2718,0.24,0.224,"4,3","S","18,8","[[7,0],[8,0],[9,0],[22,0],[7,1],[9,1],[19,1],[22,1],[3,2],[13,2],[14,2],[15,2],[17,2],[18,2],[19,2],[21,2],[22,2],[0,3],[1,3],[6,3],[9,3],[10,3],[16,3],[18,3],[22,3],[23,3],[5,4],[3,5],[9,5],[14,5],[16,5],[20,5],[7,6],[8,6],[10,6],[4,7],[7,7],[11,7],[12,7],[16,7],[17,7],[7,8],[14,8],[21,8],[22,8],[24,8],[6,9],[12,9],[14,9],[15,9],[22,9],[7,10],[11,10],[17,10],[20,10],[21,10],[23,10],[0,11],[2,11],[3,11],[5,11],[6,11],[8,11],[15,11],[20,11],[5,12],[6,12],[7,12],[11,12],[12,12],[3,13],[4,13],[7,13],[13,13],[23,13],[2,14],[11,14],[17,14],[18,14],[23,14],[4,15],[6,15],[7,15],[8,15],[9,15],[12,15],[21,15],[7,16],[8,16],[9,16],[18,16],[16,17],[17,17],[20,17],[1,18],[2,18],[5,18],[10,18],[14,18],[17,18],[22,18],[1,19],[7,19],[8,19],[10,19],[19,19],[1,20],[2,20],[5,20],[6,20],[8,20],[11,20],[18,20],[21,20],[2,21],[3,21],[7,21],[11,21],[14,21],[21,21],[0,22],[4,22],[8,22],[12,22],[17,22],[0,23],[4,23],[5,23],[7,23],[15,23],[21,23],[22,23],[0,24],[3,24],[6,24],[10,24],[11,24],[12,24],[16,24],[22,24]]",140,"success","success",21,4,4,0,353,0.2,0.4,0.6
"2026-10-09T04:57:40.411Z","benchmark","benchmark-1791521859669","seeded-high-2718","seeded-high-2718",7,"dstar",25,25,3,2718,0.24,0.224,"4,3","S","18,8","[[7,0],[8,0],[9,0],[22,0],[7,1],[9,1],[19,1],[22,1],[3,2],[13,2],[14,2],[15,2],[17,2],[18,2],[19,2],[21,2],[22,2],[0,3],[1,3],[6,3],[9,3],[10,3],[16,3],[18,3],[22,3],[23,3],[5,4],[3,5],[9,5],[14,5],[16,5],[20,5],[7,6],[8,6],[10,6],[4,7],[7,7],[11,7],[12,7],[16,7],[17,7],[7,8],[14,8],[21,8],[22,8],[24,8],[6,9],[12,9],[14,9],[15,9],[22,9],[7,10],[11,10],[17,10],[20,10],[21,10],[23,10],[0,11],[2,11],[3,11],[5,11],[6,11],[8,11],[15,11],[20,11],[5,12],[6,12],[7,12],[11,12],[12,12],[3,13],[4,13],[7,13],[13,13],[23,13],[2,14],[11,14],[17,14],[18,14],[23,14],[4,15],[6,15],[7,15],[8,15],[9,15],[12,15],[21,15],[7,16],[8,16],[9,16],[18,16],[16,17],[17,17],[20,17],[1,18],[2,18],[5,18],[10,18],[14,18],[17,18],[22,18],[1,19],[7,19],[8,19],[10,19],[19,19],[1,20],[2,20],[5,20],[6,20],[8,20],[11,20],[18,20],[21,20],[2,21],[3,21],[7,21],[11,21],[14,21],[21,21],[0,22],[4,22],[8,22],[12,22],[17,22],[0,23],[4,23],[5,23],[7,23],[15,23],[21,23],[22,23],[0,24],[3,24],[6,24],[10,24],[11,24],[12,24],[16,24],[22,24]]",140,"success","success",21,4,4,0,130,1.3,0.5,1.8
"2026-10-09T04:57:40.414Z","benchmark","benchmark-1791521859669","seeded-high-3141","seeded-high-3141",7,"dstar",25,25,3,3141,0.24,0.2336,"15,6","E","17,24","[[4,0],[13,0],[14,0],[19,0],[24,0],[0,1],[1,1],[2,1],[5,1],[12,1],[14,1],[17,1],[18,1],[19,1],[3,2],[5,2],[13,2],[14,2],[1,3],[5,3],[8,3],[11,3],[13,3],[14,3],[19,3],[20,3],[21,3],[22,3],[24,3],[6,4],[14,4],[19,4],[23,4],[5,5],[9,5],[10,5],[11,5],[12,5],[14,5],[16,5],[17,5],[19,5],[22,5],[1,6],[2,6],[5,6],[7,6],[24,6],[1,7],[9,7],[13,7],[14,7],[18,7],[19,7],[21,7],[6,8],[13,8],[14,8],[17,8],[19,8],[3,9],[5,9],[6,9],[17,9],[19,9],[23,9],[0,10],[10,10],[12,10],[13,10],[0,11],[8,11],[14,11],[16,11],[21,11],[22,11],[3,12],[6,12],[15,12],[24,12],[4,13],[14,13],[19,13],[0,14],[14,14],[17,14],[18,14],[19,14],[20,14],[4,15],[6,15],[8,15],[9,15],[15,16],[17,16],[18,16],[3,17],[7,17],[12,17],[14,17],[16,17],[3,18],[7,18],[10,18],[12,18],[14,18],[16,18],[17,18],[20,18],[22,18],[24,18],[0,19],[1,19],[3,19],[4,19],[13,19],[18,19],[19,19],[5,20],[9,20],[10,20],[11,20],[12,20],[15,20],[17,20],[24,20],[0,21],[8,21],[13,21],[23,21],[3,22],[4,22],[9,22],[11,22],[12,22],[19,22],[21,22],[23,22],[10,23],[19,23],[22,23],[23,23],[2,24],[13,24],[15,24],[19,24]]",146,"success","success",48,20,20,0,217,0.6,2.5,3.1
"2026-10-09T04:57:40.415Z","benchmark","benchmark-1791521859669","seeded-high-3141","seeded-high-3141",7,"astar",25,25,3,3141,0.24,0.2336,"15,6","E","17,24","[[4,0],[13,0],[14,0],[19,0],[24,0],[0,1],[1,1],[2,1],[5,1],[12,1],[14,1],[17,1],[18,1],[19,1],[3,2],[5,2],[13,2],[14,2],[1,3],[5,3],[8,3],[11,3],[13,3],[14,3],[19,3],[20,3],[21,3],[22,3],[24,3],[6,4],[14,4],[19,4],[23,4],[5,5],[9,5],[10,5],[11,5],[12,5],[14,5],[16,5],[17,5],[19,5],[22,5],[1,6],[2,6],[5,6],[7,6],[24,6],[1,7],[9,7],[13,7],[14,7],[18,7],[19,7],[21,7],[6,8],[13,8],[14,8],[17,8],[19,8],[3,9],[5,9],[6,9],[17,9],[19,9],[23,9],[0,10],[10,10],[12,10],[13,10],[0,11],[8,11],[14,11],[16,11],[21,11],[22,11],[3,12],[6,12],[15,12],[24,12],[4,13],[14,13],[19,13],[0,14],[14,14],[17,14],[18,14],[19,14],[20,14],[4,15],[6,15],[8,15],[9,15],[15,16],[17,16],[18,16],[3,17],[7,17],[12,17],[14,17],[16,17],[3,18],[7,18],[10,18],[12,18],[14,18],[16,18],[17,18],[20,18],[22,18],[24,18],[0,19],[1,19],[3,19],[4,19],[13,19],[18,19],[19,19],[5,20],[9,20],[10,20],[11,20],[12,20],[15,20],[17,20],[24,20],[0,21],[8,21],[13,21],[23,21],[3,22],[4,22],[9,22],[11,22],[12,22],[19,22],[21,22],[23,22],[10,23],[19,23],[22,23],[23,23],[2,24],[13,24],[15,24],[19,24]]",146,"success","success",44,21,21,0,553,0.2,0.6,0.8
"2026-10-09T04:57:40.416Z","benchmark","benchmark-1791521859669","seeded-high-4207","seeded-high-4207",7,"astar",25,25,3,4207,0.24,0.2256,"2,7","W","0,21","[[0,0],[7,0],[10,0],[14,0],[20,0],[0,1],[2,1],[5,1],[12,1],[15,1],[17,1],[19,1],[22,1],[6,2],[8,2],[11,2],[16,2],[21,2],[23,2],[24,2],[0,3],[5,3],[9,3],[10,3],[15,3],[21,3],[1,4],[15,4],[17,4],[19,4],[24,4],[2,5],[3,5],[5,5],[7,5],[9,5],[13,5],[21,5],[23,5],[5,6],[6,6],[17,6],[18,6],[23,6],[4,7],[21,7],[12,8],[15,8],[20,8],[21,8],[23,8],[24,8],[4,9],[6,9],[9,9],[11,9],[12,9],[13,9],[14,9],[21,9],[1,10],[2,10],[3,10],[4,10],[12,10],[16,10],[2,11],[4,11],[7,11],[9,11],[11,11],[13,11],[22,11],[0,12],[3,12],[6,12],[10,12],[12,12],[13,12],[18,12],[21,12],[22,12],[23,13],[1,14],[4,14],[12,14],[17,14],[18,14],[20,14],[8,15],[11,15],[24,15],[5,16],[8,16],[11,16],[13,16],[14,16],[4,17],[5,17],[6,17],[12,17],[13,17],[14,17],[24,17],[0,18],[2,18],[4,18],[5,18],[12,18],[16,18],[18,18],[20,18],[24,18],[12,19],[16,19],[4,20],[9,20],[13,20],[18,20],[23,20],[2,21],[8,21],[11,21],[12,21],[14,21],[23,21],[0,22],[5,22],[6,22],[7,22],[9,22],[22,22],[23,22],[4,23],[7,23],[14,23],[16,23],[1,24],[11,24],[14,24],[16,24]]",141,"success","success",20,6,6,0,159,0.1,0.2,0.3
"2026-10-09T04:57:40.416Z","benchmark","benchmark-1791521859669","seeded-high-4207","seeded-high-4207",7,"dstar",25,25,3,4207,0.24,0.2256,"2,7","W","0,21","[[0,0],[7,0],[10,0],[14,0],[20,0],[0,1],[2,1],[5,1],[12,1],[15,1],[17,1],[19,1],[22,1],[6,2],[8,2],[11,2],[16,2],[21,2],[23,2],[24,2],[0,3],[5,3],[9,3],[10,3],[15,3],[21,3],[1,4],[15,4],[17,4],[19,4],[24,4],[2,5],[3,5],[5,5],[7,5],[9,5],[13,5],[21,5],[23,5],[5,6],[6,6],[17,6],[18,6],[23,6],[4,7],[21,7],[12,8],[15,8],[20,8],[21,8],[23,8],[24,8],[4,9],[6,9],[9,9],[11,9],[12,9],[13,9],[14,9],[21,9],[1,10],[2,10],[3,10],[4,10],[12,10],[16,10],[2,11],[4,11],[7,11],[9,11],[11,11],[13,11],[22,11],[0,12],[3,12],[6,12],[10,12],[12,12],[13,12],[18,12],[21,12],[22,12],[23,13],[1,14],[4,14],[12,14],[17,14],[18,14],[20,14],[8,15],[11,15],[24,15],[5,16],[8,16],[11,16],[13,16],[14,16],[4,17],[5,17],[6,17],[12,17],[13,17],[14,17],[24,17],[0,18],[2,18],[4,18],[5,18],[12,18],[16,18],[18,18],[20,18],[24,18],[12,19],[16,19],[4,20],[9,20],[13,20],[18,20],[23,20],[2,21],[8,21],[11,21],[12,21],[14,21],[23,21],[0,22],[5,22],[6,22],[7,22],[9,22],[22,22],[23,22],[4,23],[7,23],[14,23],[16,23],[1,24],[11,24],[14,24],[16,24]]",141,"success","success",20,6,6,0,66,0.4,0.4,0.8
"2026-10-09T04:57:40.418Z","benchmark","benchmark-1791521859669","seeded-high-5629","seeded-high-5629",7,"dstar",25,25,3,5629,0.24,0.232,"6,24","E","11,20","[[3,0],[6,0],[12,0],[14,0],[16,0],[24,0],[14,1],[18,1],[20,1],[22,1],[23,1],[11,2],[12,2],[14,2],[21,2],[22,2],[23,2],[24,2],[0,3],[1,3],[6,3],[11,3],[12,3],[13,3],[20,3],[21,3],[22,3],[23,3],[24,3],[0,4],[1,4],[7,4],[8,4],[11,4],[15,4],[18,4],[22,4],[1,5],[18,5],[19,5],[20,5],[14,6],[2,7],[5,7],[15,7],[17,7],[19,7],[21,7],[24,7],[1,8],[5,8],[8,8],[11,8],[14,8],[22,8],[23,8],[0,9],[5,9],[10,9],[11,9],[12,9],[20,9],[22,9],[2,10],[3,10],[4,10],[17,10],[21,10],[22,10],[24,10],[0,11],[5,11],[6,11],[7,11],[12,11],[14,11],[16,11],[20,11],[2,12],[3,12],[6,12],[11,12],[13,13],[18,13],[3,14],[4,14],[7,14],[9,14],[11,14],[15,14],[21,14],[3,15],[11,15],[14,15],[15,15],[18,15],[19,15],[23,15],[1,16],[13,16],[15,16],[2,17],[3,17],[4,17],[9,17],[13,17],[14,17],[17,17],[22,17],[23,17],[5,18],[12,18],[17,18],[20,18],[6,19],[19,19],[4,20],[6,20],[7,20],[19,20],[22,20],[23,20],[8,21],[14,21],[15,21],[16,21],[17,21],[10,22],[14,22],[17,22],[19,22],[3,23],[4,23],[11,23],[12,23],[17,23],[24,23],[7,24],[9,24],[11,24],[12,24],[14,24],[15,24],[22,24],[24,24]]",145,"success","success",11,4,5,0,43,0.6,0.3,0.9
"2026-10-09T04:57:40.418Z","benchmark","benchmark-1791521859669","seeded-high-5629","seeded-high-5629",7,"astar",25,25,3,5629,0.24,0.232,"6,24","E","11,20","[[3,0],[6,0],[12,0],[14,0],[16,0],[24,0],[14,1],[18,1],[20,1],[22,1],[23,1],[11,2],[12,2],[14,2],[21,2],[22,2],[23,2],[24,2],[0,3],[1,3],[6,3],[11,3],[12,3],[13,3],[20,3],[21,3],[22,3],[23,3],[24,3],[0,4],[1,4],[7,4],[8,4],[11,4],[15,4],[18,4],[22,4],[1,5],[18,5],[19,5],[20,5],[14,6],[2,7],[5,7],[15,7],[17,7],[19,7],[21,7],[24,7],[1,8],[5,8],[8,8],[11,8],[14,8],[22,8],[23,8],[0,9],[5,9],[10,9],[11,9],[12,9],[20,9],[22,9],[2,10],[3,10],[4,10],[17,10],[21,10],[22,10],[24,10],[0,11],[5,11],[6,11],[7,11],[12,11],[14,11],[16,11],[20,11],[2,12],[3,12],[6,12],[11,12],[13,13],[18,13],[3,14],[4,14],[7,14],[9,14],[11,14],[15,14],[21,14],[3,15],[11,15],[14,15],[15,15],[18,15],[19,15],[23,15],[1,16],[13,16],[15,16],[2,17],[3,17],[4,17],[9,17],[13,17],[14,17],[17,17],[22,17],[23,17],[5,18],[12,18],[17,18],[20,18],[6,19],[19,19],[4,20],[6,20],[7,20],[19,20],[22,20],[23,20],[8,21],[14,21],[15,21],[16,21],[17,21],[10,22],[14,22],[17,22],[19,22],[3,23],[4,23],[11,23],[12,23],[17,23],[24,23],[7,24],[9,24],[11,24],[12,24],[14,24],[15,24],[22,24],[24,24]]",145,"success","success",11,4,5,0,73,0.1,0.1,0.2
"2026-10-09T04:57:40.418Z","benchmark","benchmark-1791521859669","seeded-high-7001","seeded-high-7001",7,"astar",25,25,3,7001,0.24,0.2752,"10,16","E","22,19","[[1,0],[9,0],[13,0],[14,0],[20,0],[22,0],[2,1],[8,1],[12,1],[15,1],[0,2],[4,2],[13,2],[14,2],[18,2],[23,2],[24,2],[2,3],[4,3],[6,3],[8,3],[12,3],[14,3],[16,3],[17,3],[18,3],[1,4],[4,4],[6,4],[7,4],[8,4],[10,4],[16,4],[20,4],[23,4],[7,5],[11,5],[13,5],[15,5],[18,5],[20,5],[1,6],[2,6],[9,6],[15,6],[16,6],[17,6],[18,6],[0,7],[1,7],[2,7],[4,7],[8,7],[18,7],[23,7],[0,8],[1,8],[2,8],[3,8],[5,8],[10,8],[12,8],[18,8],[19,8],[23,8],[4,9],[6,9],[11,9],[12,9],[13,9],[18,9],[21,9],[24,9],[0,10],[4,10],[5,10],[11,10],[14,10],[18,10],[1,11],[2,11],[6,11],[7,11],[13,11],[18,11],[20,11],[21,11],[23,11],[4,12],[5,12],[9,12],[16,12],[1,13],[3,13],[10,13],[15,13],[16,13],[17,13],[18,13],[20,13],[0,14],[4,14],[8,14],[9,14],[13,14],[15,14],[16,14],[17,14],[20,14],[5,15],[10,15],[15,15],[19,15],[21,15],[4,16],[5,16],[7,16],[13,16],[15,16],[16,16],[17,16],[21,16],[22,16],[23,16],[23,17],[24,17],[2,18],[10,18],[13,18],[15,18],[16,18],[18,18],[20,18],[3,19],[5,19],[7,19],[10,19],[24,19],[3,20],[7,20],[9,20],[10,20],[11,20],[23,20],[24,20],[1,21],[6,21],[7,21],[10,21],[15,21],[19,21],[23,21],[2,22],[8,22],[9,22],[10,22],[11,22],[12,22],[14,22],[18,22],[21,22],[8,23],[11,23],[12,23],[19,23],[5,24],[11,24],[12,24],[13,24],[15,24],[22,24],[24,24]]",172,"success","success",15,1,2,0,49,0.1,0.1,0.2
"2026-10-09T04:57:40.419Z","benchmark","benchmark-1791521859669","seeded-high-7001","seeded-high-7001",7,"dstar",25,25,3,7001,0.24,0.2752,"10,16","E","22,19","[[1,0],[9,0],[13,0],[14,0],[20,0],[22,0],[2,1],[8,1],[12,1],[15,1],[0,2],[4,2],[13,2],[14,2],[18,2],[23,2],[24,2],[2,3],[4,3],[6,3],[8,3],[12,3],[14,3],[16,3],[17,3],[18,3],[1,4],[4,4],[6,4],[7,4],[8,4],[10,4],[16,4],[20,4],[23,4],[7,5],[11,5],[13,5],[15,5],[18,5],[20,5],[1,6],[2,6],[9,6],[15,6],[16,6],[17,6],[18,6],[0,7],[1,7],[2,7],[4,7],[8,7],[18,7],[23,7],[0,8],[1,8],[2,8],[3,8],[5,8],[10,8],[12,8],[18,8],[19,8],[23,8],[4,9],[6,9],[11,9],[12,9],[13,9],[18,9],[21,9],[24,9],[0,10],[4,10],[5,10],[11,10],[14,10],[18,10],[1,11],[2,11],[6,11],[7,11],[13,11],[18,11],[20,11],[21,11],[23,11],[4,12],[5,12],[9,12],[16,12],[1,13],[3,13],[10,13],[15,13],[16,13],[17,13],[18,13],[20,13],[0,14],[4,14],[8,14],[9,14],[13,14],[15,14],[16,14],[17,14],[20,14],[5,15],[10,15],[15,15],[19,15],[21,15],[4,16],[5,16],[7,16],[13,16],[15,16],[16,16],[17,16],[21,16],[22,16],[23,16],[23,17],[24,17],[2,18],[10,18],[13,18],[15,18],[16,18],[18,18],[20,18],[3,19],[5,19],[7,19],[10,19],[24,19],[3,20],[7,20],[9,20],[10,20],[11,20],[23,20],[24,20],[1,21],[6,21],[7,21],[10,21],[15,21],[19,21],[23,21],[2,22],[8,22],[9,22],[10,22],[11,22],[12,22],[14,22],[18,22],[21,22],[8,23],[11,23],[12,23],[19,23],[5,24],[11,24],[12,24],[13,24],[15,24],[22,24],[24,24]]",172,"success","success",15,1,2,0,51,1,0,1
"2026-10-09T04:57:40.421Z","benchmark","benchmark-1791521859669","open","open",8,"astar",25,25,3,"","",0,"1,22","E","23,2","[]",0,"success","success",42,0,0,0,482,1,0,1
"2026-10-09T04:57:40.426Z","benchmark","benchmark-1791521859669","open","open",8,"dstar",25,25,3,"","",0,"1,22","E","23,2","[]",0,"success","success",42,0,0,0,483,5.7,0,5.7
"2026-10-09T04:57:40.427Z","benchmark","benchmark-1791521859669","blocker","blocker",8,"dstar",25,25,3,"","",0.0016,"1,12","E","23,12","[[12,12]]",1,"success","success",24,1,1,0,62,0.3,0.4,0.7
"2026-10-09T04:57:40.427Z","benchmark","benchmark-1791521859669","blocker","blocker",8,"astar",25,25,3,"","",0.0016,"1,12","E","23,12","[[12,12]]",1,"success","success",24,1,1,0,66,0.1,0.1,0.2
"2026-10-09T04:57:40.431Z","benchmark","benchmark-1791521859669","detour","detour",8,"astar",25,25,3,"","",0.0384,"1,12","E","23,12","[[12,0],[12,1],[12,2],[12,3],[12,4],[12,6],[12,7],[12,8],[12,9],[12,10],[12,11],[12,12],[12,13],[12,14],[12,15],[12,16],[12,17],[12,18],[12,19],[12,20],[12,21],[12,22],[12,23],[12,24]]",24,"success","success",62,19,19,0,1726,0.1,3.9,4
"2026-10-09T04:57:40.434Z","benchmark","benchmark-1791521859669","detour","detour",8,"dstar",25,25,3,"","",0.0384,"1,12","E","23,12","[[12,0],[12,1],[12,2],[12,3],[12,4],[12,6],[12,7],[12,8],[12,9],[12,10],[12,11],[12,12],[12,13],[12,14],[12,15],[12,16],[12,17],[12,18],[12,19],[12,20],[12,21],[12,22],[12,23],[12,24]]",24,"success","success",36,7,7,0,200,0.2,2.3,2.5
"2026-10-09T04:57:40.442Z","benchmark","benchmark-1791521859669","corridor","corridor",8,"dstar",25,25,3,"","",0.0768,"1,20","E","23,5","[[8,0],[17,0],[8,1],[17,1],[8,2],[17,2],[8,3],[17,3],[8,4],[17,4],[8,5],[8,6],[17,6],[8,7],[17,7],[8,8],[17,8],[8,9],[17,9],[8,10],[17,10],[8,11],[17,11],[8,12],[17,12],[8,13],[17,13],[8,14],[17,14],[8,15],[17,15],[8,16],[17,16],[8,17],[17,17],[8,18],[17,18],[8,19],[17,19],[17,20],[8,21],[17,21],[8,22],[17,22],[8,23],[17,23],[8,24],[17,24]]",48,"success","success",77,20,20,0,596,4.9,3.4,8.3
"2026-10-09T04:57:40.449Z","benchmark","benchmark-1791521859669","corridor","corridor",8,"astar",25,25,3,"","",0.0768,"1,20","E","23,5","[[8,0],[17,0],[8,1],[17,1],[8,2],[17,2],[8,3],[17,3],[8,4],[17,4],[8,5],[8,6],[17,6],[8,7],[17,7],[8,8],[17,8],[8,9],[17,9],[8,10],[17,10],[8,11],[17,11],[8,12],[17,12],[8,13],[17,13],[8,14],[17,14],[8,15],[17,15],[8,16],[17,16],[8,17],[17,17],[8,18],[17,18],[8,19],[17,19],[17,20],[8,21],[17,21],[8,22],[17,22],[8,23],[17,23],[8,24],[17,24]]",48,"success","success",69,16,16,0,2751,0.9,5.7,6.6
"2026-10-09T04:57:40.470Z","benchmark","benchmark-1791521859669","maze","maze",8,"astar",25,25,3,"","",0.192,"1,23","E","23,1","[[3,0],[7,0],[11,0],[15,0],[19,0],[7,1],[15,1],[3,2],[7,2],[11,2],[15,2],[19,2],[3,3],[7,3],[11,3],[15,3],[19,3],[3,4],[7,4],[11,4],[15,4],[19,4],[3,5],[7,5],[11,5],[15,5],[19,5],[3,6],[7,6],[11,6],[15,6],[19,6],[3,7],[7,7],[11,7],[15,7],[19,7],[3,8],[7,8],[11,8],[15,8],[19,8],[3,9],[7,9],[11,9],[15,9],[19,9],[3,10],[7,10],[11,10],[15,10],[19,10],[3,11],[7,11],[11,11],[15,11],[19,11],[3,12],[7,12],[11,12],[15,12],[19,12],[3,13],[7,13],[11,13],[15,13],[19,13],[3,14],[7,14],[11,14],[15,14],[19,14],[3,15],[7,15],[11,15],[15,15],[19,15],[3,16],[7,16],[11,16],[15,16],[19,16],[3,17],[7,17],[11,17],[15,17],[19,17],[3,18],[7,18],[11,18],[15,18],[19,18],[3,19],[7,19],[11,19],[15,19],[19,19],[3,20],[7,20],[11,20],[15,20],[19,20],[3,21],[7,21],[11,21],[15,21],[19,21],[3,22],[7,22],[11,22],[15,22],[19,22],[3,23],[11,23],[19,23],[3,24],[7,24],[11,24],[15,24],[19,24]]",120,"success","success",136,46,47,0,8303,1.8,19.1,20.9
"2026-10-09T04:57:40.482Z","benchmark","benchmark-1791521859669","maze","maze",8,"dstar",25,25,3,"","",0.192,"1,23","E","23,1","[[3,0],[7,0],[11,0],[15,0],[19,0],[7,1],[15,1],[3,2],[7,2],[11,2],[15,2],[19,2],[3,3],[7,3],[11,3],[15,3],[19,3],[3,4],[7,4],[11,4],[15,4],[19,4],[3,5],[7,5],[11,5],[15,5],[19,5],[3,6],[7,6],[11,6],[15,6],[19,6],[3,7],[7,7],[11,7],[15,7],[19,7],[3,8],[7,8],[11,8],[15,8],[19,8],[3,9],[7,9],[11,9],[15,9],[19,9],[3,10],[7,10],[11,10],[15,10],[19,10],[3,11],[7,11],[11,11],[15,11],[19,11],[3,12],[7,12],[11,12],[15,12],[19,12],[3,13],[7,13],[11,13],[15,13],[19,13],[3,14],[7,14],[11,14],[15,14],[19,14],[3,15],[7,15],[11,15],[15,15],[19,15],[3,16],[7,16],[11,16],[15,16],[19,16],[3,17],[7,17],[11,17],[15,17],[19,17],[3,18],[7,18],[11,18],[15,18],[19,18],[3,19],[7,19],[11,19],[15,19],[19,19],[3,20],[7,20],[11,20],[15,20],[19,20],[3,21],[7,21],[11,21],[15,21],[19,21],[3,22],[7,22],[11,22],[15,22],[19,22],[3,23],[11,23],[19,23],[3,24],[7,24],[11,24],[15,24],[19,24]]",120,"success","success",136,46,47,0,812,5.8,5.8,11.6
"2026-10-09T04:57:40.489Z","benchmark","benchmark-1791521859669","no-route","no-route",8,"dstar",25,25,3,"","",0.04,"1,12","E","23,12","[[12,0],[12,1],[12,2],[12,3],[12,4],[12,5],[12,6],[12,7],[12,8],[12,9],[12,10],[12,11],[12,12],[12,13],[12,14],[12,15],[12,16],[12,17],[12,18],[12,19],[12,20],[12,21],[12,22],[12,23],[12,24]]",25,"no_route","no_route",46,25,25,0,572,0.2,6.3,6.5
"2026-10-09T04:57:40.494Z","benchmark","benchmark-1791521859669","no-route","no-route",8,"astar",25,25,3,"","",0.04,"1,12","E","23,12","[[12,0],[12,1],[12,2],[12,3],[12,4],[12,5],[12,6],[12,7],[12,8],[12,9],[12,10],[12,11],[12,12],[12,13],[12,14],[12,15],[12,16],[12,17],[12,18],[12,19],[12,20],[12,21],[12,22],[12,23],[12,24]]",25,"no_route","no_route",48,25,25,0,2741,0.2,5.3,5.5
"2026-10-09T04:57:40.494Z","benchmark","benchmark-1791521859669","seeded-low-1701","seeded-low-1701",8,"astar",25,25,3,1701,0.08,0.0832,"10,16","E","22,19","[[16,0],[9,1],[12,1],[17,2],[18,2],[5,4],[14,5],[12,6],[17,6],[21,6],[5,7],[16,7],[18,7],[1,8],[19,8],[20,8],[0,9],[0,12],[9,12],[13,12],[15,12],[17,13],[23,13],[5,14],[10,14],[20,14],[17,15],[18,15],[22,15],[2,16],[7,16],[8,16],[13,16],[4,17],[7,17],[14,17],[15,17],[8,19],[11,21],[12,21],[16,21],[20,21],[6,22],[12,22],[19,22],[3,23],[6,23],[15,23],[0,24],[9,24],[14,24],[19,24]]",52,"success","success",15,1,2,0,64,0,0,0
"2026-10-09T04:57:40.495Z","benchmark","benchmark-1791521859669","seeded-low-1701","seeded-low-1701",8,"dstar",25,25,3,1701,0.08,0.0832,"10,16","E","22,19","[[16,0],[9,1],[12,1],[17,2],[18,2],[5,4],[14,5],[12,6],[17,6],[21,6],[5,7],[16,7],[18,7],[1,8],[19,8],[20,8],[0,9],[0,12],[9,12],[13,12],[15,12],[17,13],[23,13],[5,14],[10,14],[20,14],[17,15],[18,15],[22,15],[2,16],[7,16],[8,16],[13,16],[4,17],[7,17],[14,17],[15,17],[8,19],[11,21],[12,21],[16,21],[20,21],[6,22],[12,22],[19,22],[3,23],[6,23],[15,23],[0,24],[9,24],[14,24],[19,24]]",52,"success","success",15,1,2,0,52,0.5,0,0.5
"2026-10-09T04:57:40.496Z","benchmark","benchmark-1791521859669","seeded-low-2718","seeded-low-2718",8,"dstar",25,25,3,2718,0.08,0.0736,"4,3","S","18,8","[[7,1],[22,1],[15,2],[19,2],[22,2],[0,3],[1,3],[18,3],[22,3],[9,5],[20,5],[12,7],[14,8],[21,8],[22,8],[24,8],[12,9],[22,9],[7,10],[21,10],[8,11],[20,11],[5,12],[6,12],[12,12],[13,13],[23,13],[18,14],[23,14],[8,15],[12,15],[9,16],[16,17],[17,17],[20,17],[1,18],[1,19],[10,19],[1,20],[2,20],[8,20],[7,21],[21,21],[0,24],[3,24],[6,24]]",46,"success","success",19,1,1,0,91,0.9,0,0.9
"2026-10-09T04:57:40.496Z","benchmark","benchmark-1791521859669","seeded-low-2718","seeded-low-2718",8,"astar",25,25,3,2718,0.08,0.0736,"4,3","S","18,8","[[7,1],[22,1],[15,2],[19,2],[22,2],[0,3],[1,3],[18,3],[22,3],[9,5],[20,5],[12,7],[14,8],[21,8],[22,8],[24,8],[12,9],[22,9],[7,10],[21,10],[8,11],[20,11],[5,12],[6,12],[12,12],[13,13],[23,13],[18,14],[23,14],[8,15],[12,15],[9,16],[16,17],[17,17],[20,17],[1,18],[1,19],[10,19],[1,20],[2,20],[8,20],[7,21],[21,21],[0,24],[3,24],[6,24]]",46,"success","success",19,1,1,0,111,0.1,0,0.1
"2026-10-09T04:57:40.496Z","benchmark","benchmark-1791521859669","seeded-low-3141","seeded-low-3141",8,"astar",25,25,3,3141,0.08,0.088,"15,6","E","17,24","[[13,0],[14,0],[19,0],[17,1],[3,2],[14,2],[8,3],[11,3],[19,3],[21,3],[24,3],[14,4],[19,4],[5,5],[9,5],[12,5],[17,5],[19,5],[22,5],[2,6],[9,7],[13,7],[14,7],[18,7],[13,8],[14,8],[3,9],[6,9],[8,11],[21,11],[22,11],[3,12],[24,12],[14,13],[19,14],[20,14],[4,15],[15,16],[18,16],[7,18],[16,18],[20,18],[22,18],[0,19],[3,19],[10,20],[12,20],[24,20],[13,21],[12,22],[23,22],[10,23],[19,23],[22,23],[2,24]]",55,"success","success",20,0,0,0,56,0,0,0
"2026-10-09T04:57:40.497Z","benchmark","benchmark-1791521859669","seeded-low-3141","seeded-low-3141",8,"dstar",25,25,3,3141,0.08,0.088,"15,6","E","17,24","[[13,0],[14,0],[19,0],[17,1],[3,2],[14,2],[8,3],[11,3],[19,3],[21,3],[24,3],[14,4],[19,4],[5,5],[9,5],[12,5],[17,5],[19,5],[22,5],[2,6],[9,7],[13,7],[14,7],[18,7],[13,8],[14,8],[3,9],[6,9],[8,11],[21,11],[22,11],[3,12],[24,12],[14,13],[19,14],[20,14],[4,15],[15,16],[18,16],[7,18],[16,18],[20,18],[22,18],[0,19],[3,19],[10,20],[12,20],[24,20],[13,21],[12,22],[23,22],[10,23],[19,23],[22,23],[2,24]]",55,"success","success",20,0,0,0,57,0.6,0,0.6
"2026-10-09T04:57:40.497Z","benchmark","benchmark-1791521859669","seeded-low-4207","seeded-low-4207",8,"dstar",25,25,3,4207,0.08,0.0768,"2,7","W","0,21","[[7,0],[14,0],[5,1],[12,1],[17,1],[11,2],[21,2],[24,2],[0,3],[5,3],[10,3],[15,3],[1,4],[15,4],[19,4],[23,5],[4,7],[21,7],[4,9],[9,9],[12,9],[21,9],[12,10],[7,11],[22,11],[10,12],[18,12],[17,14],[8,15],[11,15],[11,16],[4,17],[12,17],[14,17],[0,18],[2,18],[4,18],[5,18],[18,18],[20,18],[24,18],[13,20],[8,21],[11,21],[14,21],[5,22],[7,23],[11,24]]",48,"success","success",16,1,1,0,46,0.3,0,0.3
"2026-10-09T04:57:40.497Z","benchmark","benchmark-1791521859669","seeded-low-4207","seeded-low-4207",8,"astar",25,25,3,4207,0.08,0.0768,"2,7","W","0,21","[[7,0],[14,0],[5,1],[12,1],[17,1],[11,2],[21,2],[24,2],[0,3],[5,3],[10,3],[15,3],[1,4],[15,4],[19,4],[23,5],[4,7],[21,7],[4,9],[9,9],[12,9],[21,9],[12,10],[7,11],[22,11],[10,12],[18,12],[17,14],[8,15],[11,15],[11,16],[4,17],[12,17],[14,17],[0,18],[2,18],[4,18],[5,18],[18,18],[20,18],[24,18],[13,20],[8,21],[11,21],[14,21],[5,22],[7,23],[11,24]]",48,"success","success",16,1,1,0,60,0.2,0,0.2
"2026-10-09T04:57:40.497Z","benchmark","benchmark-1791521859669","seeded-low-5629","seeded-low-5629",8,"astar",25,25,3,5629,0.08,0.0864,"6,24","E","11,20","[[12,2],[14,2],[23,2],[1,3],[12,3],[21,3],[23,3],[1,4],[8,4],[15,4],[18,4],[14,6],[5,7],[17,7],[1,8],[0,9],[5,9],[10,9],[11,9],[12,9],[20,9],[2,10],[4,10],[21,10],[0,11],[7,11],[16,11],[20,11],[6,12],[11,12],[13,13],[7,14],[9,14],[11,14],[21,14],[23,15],[1,16],[15,16],[14,17],[17,17],[12,18],[17,18],[20,18],[6,20],[15,21],[16,21],[10,22],[17,22],[19,22],[3,23],[12,23],[7,24],[11,24],[14,24]]",54,"success","success",9,1,2,0,46,0,0,0
"2026-10-09T04:57:40.498Z","benchmark","benchmark-1791521859669","seeded-low-5629","seeded-low-5629",8,"dstar",25,25,3,5629,0.08,0.0864,"6,24","E","11,20","[[12,2],[14,2],[23,2],[1,3],[12,3],[21,3],[23,3],[1,4],[8,4],[15,4],[18,4],[14,6],[5,7],[17,7],[1,8],[0,9],[5,9],[10,9],[11,9],[12,9],[20,9],[2,10],[4,10],[21,10],[0,11],[7,11],[16,11],[20,11],[6,12],[11,12],[13,13],[7,14],[9,14],[11,14],[21,14],[23,15],[1,16],[15,16],[14,17],[17,17],[12,18],[17,18],[20,18],[6,20],[15,21],[16,21],[10,22],[17,22],[19,22],[3,23],[12,23],[7,24],[11,24],[14,24]]",54,"success","success",9,1,2,0,30,0.3,0,0.3
"2026-10-09T04:57:40.498Z","benchmark","benchmark-1791521859669","seeded-low-7001","seeded-low-7001",8,"dstar",25,25,3,7001,0.08,0.1008,"10,16","E","22,19","[[1,0],[9,0],[8,1],[12,1],[0,2],[13,2],[14,2],[23,2],[24,2],[4,3],[8,3],[17,3],[16,4],[7,5],[11,5],[18,5],[1,6],[15,6],[18,6],[0,7],[8,7],[1,8],[5,8],[18,8],[19,8],[23,8],[4,9],[11,9],[0,10],[5,10],[11,10],[6,11],[13,11],[4,12],[16,12],[1,13],[18,13],[20,13],[4,14],[9,14],[13,14],[10,15],[5,16],[7,16],[15,16],[16,16],[24,17],[16,18],[18,18],[20,18],[7,20],[11,20],[23,20],[24,20],[1,21],[15,21],[9,22],[14,22],[18,22],[8,23],[19,23],[5,24],[11,24]]",63,"success","success",15,2,2,0,53,0.5,0,0.5
"2026-10-09T04:57:40.499Z","benchmark","benchmark-1791521859669","seeded-low-7001","seeded-low-7001",8,"astar",25,25,3,7001,0.08,0.1008,"10,16","E","22,19","[[1,0],[9,0],[8,1],[12,1],[0,2],[13,2],[14,2],[23,2],[24,2],[4,3],[8,3],[17,3],[16,4],[7,5],[11,5],[18,5],[1,6],[15,6],[18,6],[0,7],[8,7],[1,8],[5,8],[18,8],[19,8],[23,8],[4,9],[11,9],[0,10],[5,10],[11,10],[6,11],[13,11],[4,12],[16,12],[1,13],[18,13],[20,13],[4,14],[9,14],[13,14],[10,15],[5,16],[7,16],[15,16],[16,16],[24,17],[16,18],[18,18],[20,18],[7,20],[11,20],[23,20],[24,20],[1,21],[15,21],[9,22],[14,22],[18,22],[8,23],[19,23],[5,24],[11,24]]",63,"success","success",15,2,2,0,91,0.1,0.2,0.3
"2026-10-09T04:57:40.499Z","benchmark","benchmark-1791521859669","seeded-medium-1701","seeded-medium-1701",8,"astar",25,25,3,1701,0.16,0.1856,"10,16","E","22,19","[[4,0],[6,0],[12,0],[16,0],[19,0],[24,0],[9,1],[10,1],[12,1],[4,2],[8,2],[15,2],[17,2],[18,2],[0,3],[18,3],[5,4],[10,4],[11,4],[22,4],[14,5],[18,5],[7,6],[12,6],[17,6],[18,6],[20,6],[21,6],[5,7],[10,7],[16,7],[18,7],[0,8],[1,8],[2,8],[13,8],[19,8],[20,8],[0,9],[5,9],[8,9],[13,9],[17,9],[7,10],[8,10],[10,10],[20,10],[3,11],[16,11],[22,11],[0,12],[6,12],[9,12],[13,12],[15,12],[16,12],[7,13],[12,13],[17,13],[19,13],[23,13],[0,14],[5,14],[10,14],[20,14],[1,15],[2,15],[17,15],[18,15],[22,15],[23,15],[2,16],[3,16],[7,16],[8,16],[13,16],[0,17],[4,17],[7,17],[14,17],[15,17],[9,18],[10,18],[14,18],[21,18],[22,18],[8,19],[11,19],[20,19],[12,20],[0,21],[3,21],[9,21],[11,21],[12,21],[16,21],[20,21],[22,21],[6,22],[12,22],[15,22],[16,22],[19,22],[21,22],[3,23],[6,23],[7,23],[8,23],[9,23],[12,23],[15,23],[19,23],[0,24],[9,24],[14,24],[19,24]]",116,"success","success",21,5,6,0,112,0.1,0.1,0.2
"2026-10-09T04:57:40.500Z","benchmark","benchmark-1791521859669","seeded-medium-1701","seeded-medium-1701",8,"dstar",25,25,3,1701,0.16,0.1856,"10,16","E","22,19","[[4,0],[6,0],[12,0],[16,0],[19,0],[24,0],[9,1],[10,1],[12,1],[4,2],[8,2],[15,2],[17,2],[18,2],[0,3],[18,3],[5,4],[10,4],[11,4],[22,4],[14,5],[18,5],[7,6],[12,6],[17,6],[18,6],[20,6],[21,6],[5,7],[10,7],[16,7],[18,7],[0,8],[1,8],[2,8],[13,8],[19,8],[20,8],[0,9],[5,9],[8,9],[13,9],[17,9],[7,10],[8,10],[10,10],[20,10],[3,11],[16,11],[22,11],[0,12],[6,12],[9,12],[13,12],[15,12],[16,12],[7,13],[12,13],[17,13],[19,13],[23,13],[0,14],[5,14],[10,14],[20,14],[1,15],[2,15],[17,15],[18,15],[22,15],[23,15],[2,16],[3,16],[7,16],[8,16],[13,16],[0,17],[4,17],[7,17],[14,17],[15,17],[9,18],[10,18],[14,18],[21,18],[22,18],[8,19],[11,19],[20,19],[12,20],[0,21],[3,21],[9,21],[11,21],[12,21],[16,21],[20,21],[22,21],[6,22],[12,22],[15,22],[16,22],[19,22],[21,22],[3,23],[6,23],[7,23],[8,23],[9,23],[12,23],[15,23],[19,23],[0,24],[9,24],[14,24],[19,24]]",116,"success","success",21,6,7,0,83,0.5,0.5,1
"2026-10-09T04:57:40.502Z","benchmark","benchmark-1791521859669","seeded-medium-2718","seeded-medium-2718",8,"dstar",25,25,3,2718,0.16,0.1504,"4,3","S","18,8","[[7,0],[9,0],[7,1],[9,1],[22,1],[14,2],[15,2],[17,2],[18,2],[19,2],[22,2],[0,3],[1,3],[6,3],[9,3],[10,3],[16,3],[18,3],[22,3],[3,5],[9,5],[14,5],[16,5],[20,5],[11,7],[12,7],[16,7],[17,7],[7,8],[14,8],[21,8],[22,8],[24,8],[12,9],[14,9],[15,9],[22,9],[7,10],[20,10],[21,10],[5,11],[8,11],[15,11],[20,11],[5,12],[6,12],[11,12],[12,12],[4,13],[13,13],[23,13],[18,14],[23,14],[6,15],[8,15],[9,15],[12,15],[21,15],[8,16],[9,16],[16,17],[17,17],[20,17],[1,18],[10,18],[1,19],[7,19],[8,19],[10,19],[19,19],[1,20],[2,20],[8,20],[11,20],[18,20],[21,20],[7,21],[11,21],[14,21],[21,21],[0,22],[4,22],[12,22],[17,22],[0,23],[4,23],[7,23],[22,23],[0,24],[3,24],[6,24],[10,24],[11,24],[22,24]]",94,"success","success",19,1,1,0,91,1.8,0.1,1.9
"2026-10-09T04:57:40.503Z","benchmark","benchmark-1791521859669","seeded-medium-2718","seeded-medium-2718",8,"astar",25,25,3,2718,0.16,0.1504,"4,3","S","18,8","[[7,0],[9,0],[7,1],[9,1],[22,1],[14,2],[15,2],[17,2],[18,2],[19,2],[22,2],[0,3],[1,3],[6,3],[9,3],[10,3],[16,3],[18,3],[22,3],[3,5],[9,5],[14,5],[16,5],[20,5],[11,7],[12,7],[16,7],[17,7],[7,8],[14,8],[21,8],[22,8],[24,8],[12,9],[14,9],[15,9],[22,9],[7,10],[20,10],[21,10],[5,11],[8,11],[15,11],[20,11],[5,12],[6,12],[11,12],[12,12],[4,13],[13,13],[23,13],[18,14],[23,14],[6,15],[8,15],[9,15],[12,15],[21,15],[8,16],[9,16],[16,17],[17,17],[20,17],[1,18],[10,18],[1,19],[7,19],[8,19],[10,19],[19,19],[1,20],[2,20],[8,20],[11,20],[18,20],[21,20],[7,21],[11,21],[14,21],[21,21],[0,22],[4,22],[12,22],[17,22],[0,23],[4,23],[7,23],[22,23],[0,24],[3,24],[6,24],[10,24],[11,24],[22,24]]",94,"success","success",19,1,1,0,165,0.4,0.1,0.5
"2026-10-09T04:57:40.503Z","benchmark","benchmark-1791521859669","seeded-medium-3141","seeded-medium-3141",8,"astar",25,25,3,3141,0.16,0.1552,"15,6","E","17,24","[[4,0],[13,0],[14,0],[19,0],[0,1],[1,1],[2,1],[12,1],[17,1],[3,2],[5,2],[14,2],[5,3],[8,3],[11,3],[13,3],[14,3],[19,3],[20,3],[21,3],[22,3],[24,3],[6,4],[14,4],[19,4],[5,5],[9,5],[12,5],[14,5],[17,5],[19,5],[22,5],[2,6],[24,6],[9,7],[13,7],[14,7],[18,7],[19,7],[6,8],[13,8],[14,8],[17,8],[19,8],[3,9],[5,9],[6,9],[17,9],[19,9],[23,9],[10,10],[12,10],[13,10],[0,11],[8,11],[14,11],[21,11],[22,11],[3,12],[6,12],[24,12],[14,13],[0,14],[18,14],[19,14],[20,14],[4,15],[6,15],[15,16],[18,16],[12,17],[14,17],[7,18],[16,18],[17,18],[20,18],[22,18],[0,19],[3,19],[4,19],[10,20],[11,20],[12,20],[15,20],[24,20],[0,21],[8,21],[13,21],[12,22],[19,22],[23,22],[10,23],[19,23],[22,23],[2,24],[13,24],[19,24]]",97,"success","success",24,5,5,0,241,0.1,0.3,0.4
"2026-10-09T04:57:40.505Z","benchmark","benchmark-1791521859669","seeded-medium-3141","seeded-medium-3141",8,"dstar",25,25,3,3141,0.16,0.1552,"15,6","E","17,24","[[4,0],[13,0],[14,0],[19,0],[0,1],[1,1],[2,1],[12,1],[17,1],[3,2],[5,2],[14,2],[5,3],[8,3],[11,3],[13,3],[14,3],[19,3],[20,3],[21,3],[22,3],[24,3],[6,4],[14,4],[19,4],[5,5],[9,5],[12,5],[14,5],[17,5],[19,5],[22,5],[2,6],[24,6],[9,7],[13,7],[14,7],[18,7],[19,7],[6,8],[13,8],[14,8],[17,8],[19,8],[3,9],[5,9],[6,9],[17,9],[19,9],[23,9],[10,10],[12,10],[13,10],[0,11],[8,11],[14,11],[21,11],[22,11],[3,12],[6,12],[24,12],[14,13],[0,14],[18,14],[19,14],[20,14],[4,15],[6,15],[15,16],[18,16],[12,17],[14,17],[7,18],[16,18],[17,18],[20,18],[22,18],[0,19],[3,19],[4,19],[10,20],[11,20],[12,20],[15,20],[24,20],[0,21],[8,21],[13,21],[12,22],[19,22],[23,22],[10,23],[19,23],[22,23],[2,24],[13,24],[19,24]]",97,"success","success",30,9,9,0,140,1,1.1,2.1
"2026-10-09T04:57:40.506Z","benchmark","benchmark-1791521859669","seeded-medium-4207","seeded-medium-4207",8,"dstar",25,25,3,4207,0.16,0.1584,"2,7","W","0,21","[[0,0],[7,0],[14,0],[20,0],[5,1],[12,1],[15,1],[17,1],[6,2],[8,2],[11,2],[16,2],[21,2],[23,2],[24,2],[0,3],[5,3],[10,3],[15,3],[1,4],[15,4],[17,4],[19,4],[24,4],[2,5],[3,5],[5,5],[7,5],[13,5],[23,5],[5,6],[17,6],[18,6],[4,7],[21,7],[24,8],[4,9],[9,9],[11,9],[12,9],[14,9],[21,9],[2,10],[3,10],[4,10],[12,10],[16,10],[2,11],[7,11],[13,11],[22,11],[6,12],[10,12],[12,12],[13,12],[18,12],[22,12],[23,13],[1,14],[17,14],[18,14],[8,15],[11,15],[24,15],[8,16],[11,16],[13,16],[14,16],[4,17],[6,17],[12,17],[14,17],[24,17],[0,18],[2,18],[4,18],[5,18],[12,18],[18,18],[20,18],[24,18],[4,20],[9,20],[13,20],[18,20],[2,21],[8,21],[11,21],[14,21],[23,21],[0,22],[5,22],[7,22],[22,22],[23,22],[7,23],[16,23],[11,24],[16,24]]",99,"success","success",18,3,3,0,56,0.3,0.1,0.4
"2026-10-09T04:57:40.506Z","benchmark","benchmark-1791521859669","seeded-medium-4207","seeded-medium-4207",8,"astar",25,25,3,4207,0.16,0.1584,"2,7","W","0,21","[[0,0],[7,0],[14,0],[20,0],[5,1],[12,1],[15,1],[17,1],[6,2],[8,2],[11,2],[16,2],[21,2],[23,2],[24,2],[0,3],[5,3],[10,3],[15,3],[1,4],[15,4],[17,4],[19,4],[24,4],[2,5],[3,5],[5,5],[7,5],[13,5],[23,5],[5,6],[17,6],[18,6],[4,7],[21,7],[24,8],[4,9],[9,9],[11,9],[12,9],[14,9],[21,9],[2,10],[3,10],[4,10],[12,10],[16,10],[2,11],[7,11],[13,11],[22,11],[6,12],[10,12],[12,12],[13,12],[18,12],[22,12],[23,13],[1,14],[17,14],[18,14],[8,15],[11,15],[24,15],[8,16],[11,16],[13,16],[14,16],[4,17],[6,17],[12,17],[14,17],[24,17],[0,18],[2,18],[4,18],[5,18],[12,18],[18,18],[20,18],[24,18],[4,20],[9,20],[13,20],[18,20],[2,21],[8,21],[11,21],[14,21],[23,21],[0,22],[5,22],[7,22],[22,22],[23,22],[7,23],[16,23],[11,24],[16,24]]",99,"success","success",18,3,3,0,102,0.1,0,0.1
"2026-10-09T04:57:40.506Z","benchmark","benchmark-1791521859669","seeded-medium-5629","seeded-medium-5629",8,"astar",25,25,3,5629,0.16,0.1568,"6,24","E","11,20","[[12,0],[14,0],[16,0],[24,0],[14,1],[18,1],[20,1],[22,1],[23,1],[11,2],[12,2],[14,2],[21,2],[23,2],[1,3],[12,3],[13,3],[20,3],[21,3],[22,3],[23,3],[0,4],[1,4],[7,4],[8,4],[15,4],[18,4],[19,5],[14,6],[5,7],[15,7],[17,7],[19,7],[21,7],[1,8],[8,8],[22,8],[0,9],[5,9],[10,9],[11,9],[12,9],[20,9],[22,9],[2,10],[3,10],[4,10],[17,10],[21,10],[24,10],[0,11],[5,11],[6,11],[7,11],[16,11],[20,11],[6,12],[11,12],[13,13],[4,14],[7,14],[9,14],[11,14],[21,14],[14,15],[15,15],[23,15],[1,16],[15,16],[2,17],[4,17],[9,17],[14,17],[17,17],[22,17],[23,17],[12,18],[17,18],[20,18],[4,20],[6,20],[7,20],[15,21],[16,21],[17,21],[10,22],[14,22],[17,22],[19,22],[3,23],[4,23],[11,23],[12,23],[7,24],[9,24],[11,24],[14,24],[15,24]]",98,"success","success",9,2,3,0,54,0.1,0,0.1
"2026-10-09T04:57:40.507Z","benchmark","benchmark-1791521859669","seeded-medium-5629","seeded-medium-5629",8,"dstar",25,25,3,5629,0.16,0.1568,"6,24","E","11,20","[[12,0],[14,0],[16,0],[24,0],[14,1],[18,1],[20,1],[22,1],[23,1],[11,2],[12,2],[14,2],[21,2],[23,2],[1,3],[12,3],[13,3],[20,3],[21,3],[22,3],[23,3],[0,4],[1,4],[7,4],[8,4],[15,4],[18,4],[19,5],[14,6],[5,7],[15,7],[17,7],[19,7],[21,7],[1,8],[8,8],[22,8],[0,9],[5,9],[10,9],[11,9],[12,9],[20,9],[22,9],[2,10],[3,10],[4,10],[17,10],[21,10],[24,10],[0,11],[5,11],[6,11],[7,11],[16,11],[20,11],[6,12],[11,12],[13,13],[4,14],[7,14],[9,14],[11,14],[21,14],[14,15],[15,15],[23,15],[1,16],[15,16],[2,17],[4,17],[9,17],[14,17],[17,17],[22,17],[23,17],[12,18],[17,18],[20,18],[4,20],[6,20],[7,20],[15,21],[16,21],[17,21],[10,22],[14,22],[17,22],[19,22],[3,23],[4,23],[11,23],[12,23],[7,24],[9,24],[11,24],[14,24],[15,24]]",98,"success","success",9,2,3,0,31,0.6,0,0.6
"2026-10-09T04:57:40.508Z","benchmark","benchmark-1791521859669","seeded-medium-7001","seeded-medium-7001",8,"dstar",25,25,3,7001,0.16,0.1856,"10,16","E","22,19","[[1,0],[9,0],[13,0],[22,0],[2,1],[8,1],[12,1],[0,2],[4,2],[13,2],[14,2],[23,2],[24,2],[4,3],[8,3],[16,3],[17,3],[18,3],[1,4],[6,4],[8,4],[16,4],[23,4],[7,5],[11,5],[18,5],[1,6],[2,6],[9,6],[15,6],[17,6],[18,6],[0,7],[1,7],[8,7],[23,7],[0,8],[1,8],[3,8],[5,8],[10,8],[12,8],[18,8],[19,8],[23,8],[4,9],[6,9],[11,9],[12,9],[13,9],[18,9],[21,9],[24,9],[0,10],[4,10],[5,10],[11,10],[1,11],[2,11],[6,11],[13,11],[18,11],[20,11],[4,12],[16,12],[1,13],[10,13],[16,13],[18,13],[20,13],[4,14],[8,14],[9,14],[13,14],[15,14],[16,14],[17,14],[20,14],[10,15],[15,15],[5,16],[7,16],[15,16],[16,16],[17,16],[21,16],[22,16],[23,17],[24,17],[10,18],[16,18],[18,18],[20,18],[3,19],[24,19],[3,20],[7,20],[11,20],[23,20],[24,20],[1,21],[6,21],[15,21],[9,22],[10,22],[14,22],[18,22],[21,22],[8,23],[19,23],[5,24],[11,24],[13,24],[15,24],[22,24],[24,24]]",116,"success","success",15,2,2,0,53,0.6,0.1,0.7
"2026-10-09T04:57:40.508Z","benchmark","benchmark-1791521859669","seeded-medium-7001","seeded-medium-7001",8,"astar",25,25,3,7001,0.16,0.1856,"10,16","E","22,19","[[1,0],[9,0],[13,0],[22,0],[2,1],[8,1],[12,1],[0,2],[4,2],[13,2],[14,2],[23,2],[24,2],[4,3],[8,3],[16,3],[17,3],[18,3],[1,4],[6,4],[8,4],[16,4],[23,4],[7,5],[11,5],[18,5],[1,6],[2,6],[9,6],[15,6],[17,6],[18,6],[0,7],[1,7],[8,7],[23,7],[0,8],[1,8],[3,8],[5,8],[10,8],[12,8],[18,8],[19,8],[23,8],[4,9],[6,9],[11,9],[12,9],[13,9],[18,9],[21,9],[24,9],[0,10],[4,10],[5,10],[11,10],[1,11],[2,11],[6,11],[13,11],[18,11],[20,11],[4,12],[16,12],[1,13],[10,13],[16,13],[18,13],[20,13],[4,14],[8,14],[9,14],[13,14],[15,14],[16,14],[17,14],[20,14],[10,15],[15,15],[5,16],[7,16],[15,16],[16,16],[17,16],[21,16],[22,16],[23,17],[24,17],[10,18],[16,18],[18,18],[20,18],[3,19],[24,19],[3,20],[7,20],[11,20],[23,20],[24,20],[1,21],[6,21],[15,21],[9,22],[10,22],[14,22],[18,22],[21,22],[8,23],[19,23],[5,24],[11,24],[13,24],[15,24],[22,24],[24,24]]",116,"success","success",15,2,2,0,94,0,0.1,0.1
"2026-10-09T04:57:40.508Z","benchmark","benchmark-1791521859669","seeded-high-1701","seeded-high-1701",8,"astar",25,25,3,1701,0.24,0.2464,"10,16","E","22,19","[[4,0],[5,0],[6,0],[12,0],[16,0],[19,0],[21,0],[22,0],[24,0],[5,1],[9,1],[10,1],[12,1],[4,2],[6,2],[8,2],[15,2],[17,2],[18,2],[20,2],[0,3],[4,3],[6,3],[16,3],[18,3],[22,3],[5,4],[8,4],[9,4],[10,4],[11,4],[13,4],[16,4],[18,4],[22,4],[0,5],[3,5],[12,5],[14,5],[16,5],[18,5],[7,6],[12,6],[17,6],[18,6],[20,6],[21,6],[5,7],[10,7],[16,7],[18,7],[0,8],[1,8],[2,8],[13,8],[18,8],[19,8],[20,8],[23,8],[0,9],[3,9],[5,9],[8,9],[13,9],[17,9],[7,10],[8,10],[9,10],[10,10],[20,10],[3,11],[7,11],[12,11],[16,11],[22,11],[0,12],[6,12],[9,12],[13,12],[15,12],[16,12],[7,13],[12,13],[17,13],[19,13],[23,13],[0,14],[2,14],[5,14],[10,14],[20,14],[1,15],[2,15],[17,15],[18,15],[22,15],[23,15],[2,16],[3,16],[7,16],[8,16],[13,16],[0,17],[4,17],[7,17],[14,17],[15,17],[16,17],[0,18],[8,18],[9,18],[10,18],[14,18],[21,18],[22,18],[8,19],[11,19],[20,19],[12,20],[23,20],[0,21],[3,21],[4,21],[9,21],[10,21],[11,21],[12,21],[16,21],[20,21],[22,21],[2,22],[6,22],[12,22],[15,22],[16,22],[18,22],[19,22],[21,22],[3,23],[6,23],[7,23],[8,23],[9,23],[11,23],[12,23],[15,23],[19,23],[20,23],[23,23],[0,24],[9,24],[10,24],[14,24],[19,24]]",154,"success","success",21,6,7,0,116,0,0.2,0.2
"2026-10-09T04:57:40.509Z","benchmark","benchmark-1791521859669","seeded-high-1701","seeded-high-1701",8,"dstar",25,25,3,1701,0.24,0.2464,"10,16","E","22,19","[[4,0],[5,0],[6,0],[12,0],[16,0],[19,0],[21,0],[22,0],[24,0],[5,1],[9,1],[10,1],[12,1],[4,2],[6,2],[8,2],[15,2],[17,2],[18,2],[20,2],[0,3],[4,3],[6,3],[16,3],[18,3],[22,3],[5,4],[8,4],[9,4],[10,4],[11,4],[13,4],[16,4],[18,4],[22,4],[0,5],[3,5],[12,5],[14,5],[16,5],[18,5],[7,6],[12,6],[17,6],[18,6],[20,6],[21,6],[5,7],[10,7],[16,7],[18,7],[0,8],[1,8],[2,8],[13,8],[18,8],[19,8],[20,8],[23,8],[0,9],[3,9],[5,9],[8,9],[13,9],[17,9],[7,10],[8,10],[9,10],[10,10],[20,10],[3,11],[7,11],[12,11],[16,11],[22,11],[0,12],[6,12],[9,12],[13,12],[15,12],[16,12],[7,13],[12,13],[17,13],[19,13],[23,13],[0,14],[2,14],[5,14],[10,14],[20,14],[1,15],[2,15],[17,15],[18,15],[22,15],[23,15],[2,16],[3,16],[7,16],[8,16],[13,16],[0,17],[4,17],[7,17],[14,17],[15,17],[16,17],[0,18],[8,18],[9,18],[10,18],[14,18],[21,18],[22,18],[8,19],[11,19],[20,19],[12,20],[23,20],[0,21],[3,21],[4,21],[9,21],[10,21],[11,21],[12,21],[16,21],[20,21],[22,21],[2,22],[6,22],[12,22],[15,22],[16,22],[18,22],[19,22],[21,22],[3,23],[6,23],[7,23],[8,23],[9,23],[11,23],[12,23],[15,23],[19,23],[20,23],[23,23],[0,24],[9,24],[10,24],[14,24],[19,24]]",154,"success","success",21,7,8,0,83,0.4,0.5,0.9
"2026-10-09T04:57:40.511Z","benchmark","benchmark-1791521859669","seeded-high-2718","seeded-high-2718",8,"dstar",25,25,3,2718,0.24,0.224,"4,3","S","18,8","[[7,0],[8,0],[9,0],[22,0],[7,1],[9,1],[19,1],[22,1],[3,2],[13,2],[14,2],[15,2],[17,2],[18,2],[19,2],[21,2],[22,2],[0,3],[1,3],[6,3],[9,3],[10,3],[16,3],[18,3],[22,3],[23,3],[5,4],[3,5],[9,5],[14,5],[16,5],[20,5],[7,6],[8,6],[10,6],[4,7],[7,7],[11,7],[12,7],[16,7],[17,7],[7,8],[14,8],[21,8],[22,8],[24,8],[6,9],[12,9],[14,9],[15,9],[22,9],[7,10],[11,10],[17,10],[20,10],[21,10],[23,10],[0,11],[2,11],[3,11],[5,11],[6,11],[8,11],[15,11],[20,11],[5,12],[6,12],[7,12],[11,12],[12,12],[3,13],[4,13],[7,13],[13,13],[23,13],[2,14],[11,14],[17,14],[18,14],[23,14],[4,15],[6,15],[7,15],[8,15],[9,15],[12,15],[21,15],[7,16],[8,16],[9,16],[18,16],[16,17],[17,17],[20,17],[1,18],[2,18],[5,18],[10,18],[14,18],[17,18],[22,18],[1,19],[7,19],[8,19],[10,19],[19,19],[1,20],[2,20],[5,20],[6,20],[8,20],[11,20],[18,20],[21,20],[2,21],[3,21],[7,21],[11,21],[14,21],[21,21],[0,22],[4,22],[8,22],[12,22],[17,22],[0,23],[4,23],[5,23],[7,23],[15,23],[21,23],[22,23],[0,24],[3,24],[6,24],[10,24],[11,24],[12,24],[16,24],[22,24]]",140,"success","success",21,4,4,0,130,1,0.7,1.7
"2026-10-09T04:57:40.512Z","benchmark","benchmark-1791521859669","seeded-high-2718","seeded-high-2718",8,"astar",25,25,3,2718,0.24,0.224,"4,3","S","18,8","[[7,0],[8,0],[9,0],[22,0],[7,1],[9,1],[19,1],[22,1],[3,2],[13,2],[14,2],[15,2],[17,2],[18,2],[19,2],[21,2],[22,2],[0,3],[1,3],[6,3],[9,3],[10,3],[16,3],[18,3],[22,3],[23,3],[5,4],[3,5],[9,5],[14,5],[16,5],[20,5],[7,6],[8,6],[10,6],[4,7],[7,7],[11,7],[12,7],[16,7],[17,7],[7,8],[14,8],[21,8],[22,8],[24,8],[6,9],[12,9],[14,9],[15,9],[22,9],[7,10],[11,10],[17,10],[20,10],[21,10],[23,10],[0,11],[2,11],[3,11],[5,11],[6,11],[8,11],[15,11],[20,11],[5,12],[6,12],[7,12],[11,12],[12,12],[3,13],[4,13],[7,13],[13,13],[23,13],[2,14],[11,14],[17,14],[18,14],[23,14],[4,15],[6,15],[7,15],[8,15],[9,15],[12,15],[21,15],[7,16],[8,16],[9,16],[18,16],[16,17],[17,17],[20,17],[1,18],[2,18],[5,18],[10,18],[14,18],[17,18],[22,18],[1,19],[7,19],[8,19],[10,19],[19,19],[1,20],[2,20],[5,20],[6,20],[8,20],[11,20],[18,20],[21,20],[2,21],[3,21],[7,21],[11,21],[14,21],[21,21],[0,22],[4,22],[8,22],[12,22],[17,22],[0,23],[4,23],[5,23],[7,23],[15,23],[21,23],[22,23],[0,24],[3,24],[6,24],[10,24],[11,24],[12,24],[16,24],[22,24]]",140,"success","success",21,4,4,0,353,0.1,0.4,0.5
"2026-10-09T04:57:40.513Z","benchmark","benchmark-1791521859669","seeded-high-3141","seeded-high-3141",8,"astar",25,25,3,3141,0.24,0.2336,"15,6","E","17,24","[[4,0],[13,0],[14,0],[19,0],[24,0],[0,1],[1,1],[2,1],[5,1],[12,1],[14,1],[17,1],[18,1],[19,1],[3,2],[5,2],[13,2],[14,2],[1,3],[5,3],[8,3],[11,3],[13,3],[14,3],[19,3],[20,3],[21,3],[22,3],[24,3],[6,4],[14,4],[19,4],[23,4],[5,5],[9,5],[10,5],[11,5],[12,5],[14,5],[16,5],[17,5],[19,5],[22,5],[1,6],[2,6],[5,6],[7,6],[24,6],[1,7],[9,7],[13,7],[14,7],[18,7],[19,7],[21,7],[6,8],[13,8],[14,8],[17,8],[19,8],[3,9],[5,9],[6,9],[17,9],[19,9],[23,9],[0,10],[10,10],[12,10],[13,10],[0,11],[8,11],[14,11],[16,11],[21,11],[22,11],[3,12],[6,12],[15,12],[24,12],[4,13],[14,13],[19,13],[0,14],[14,14],[17,14],[18,14],[19,14],[20,14],[4,15],[6,15],[8,15],[9,15],[15,16],[17,16],[18,16],[3,17],[7,17],[12,17],[14,17],[16,17],[3,18],[7,18],[10,18],[12,18],[14,18],[16,18],[17,18],[20,18],[22,18],[24,18],[0,19],[1,19],[3,19],[4,19],[13,19],[18,19],[19,19],[5,20],[9,20],[10,20],[11,20],[12,20],[15,20],[17,20],[24,20],[0,21],[8,21],[13,21],[23,21],[3,22],[4,22],[9,22],[11,22],[12,22],[19,22],[21,22],[23,22],[10,23],[19,23],[22,23],[23,23],[2,24],[13,24],[15,24],[19,24]]",146,"success","success",44,21,21,0,553,0.1,0.8,0.9
"2026-10-09T04:57:40.516Z","benchmark","benchmark-1791521859669","seeded-high-3141","seeded-high-3141",8,"dstar",25,25,3,3141,0.24,0.2336,"15,6","E","17,24","[[4,0],[13,0],[14,0],[19,0],[24,0],[0,1],[1,1],[2,1],[5,1],[12,1],[14,1],[17,1],[18,1],[19,1],[3,2],[5,2],[13,2],[14,2],[1,3],[5,3],[8,3],[11,3],[13,3],[14,3],[19,3],[20,3],[21,3],[22,3],[24,3],[6,4],[14,4],[19,4],[23,4],[5,5],[9,5],[10,5],[11,5],[12,5],[14,5],[16,5],[17,5],[19,5],[22,5],[1,6],[2,6],[5,6],[7,6],[24,6],[1,7],[9,7],[13,7],[14,7],[18,7],[19,7],[21,7],[6,8],[13,8],[14,8],[17,8],[19,8],[3,9],[5,9],[6,9],[17,9],[19,9],[23,9],[0,10],[10,10],[12,10],[13,10],[0,11],[8,11],[14,11],[16,11],[21,11],[22,11],[3,12],[6,12],[15,12],[24,12],[4,13],[14,13],[19,13],[0,14],[14,14],[17,14],[18,14],[19,14],[20,14],[4,15],[6,15],[8,15],[9,15],[15,16],[17,16],[18,16],[3,17],[7,17],[12,17],[14,17],[16,17],[3,18],[7,18],[10,18],[12,18],[14,18],[16,18],[17,18],[20,18],[22,18],[24,18],[0,19],[1,19],[3,19],[4,19],[13,19],[18,19],[19,19],[5,20],[9,20],[10,20],[11,20],[12,20],[15,20],[17,20],[24,20],[0,21],[8,21],[13,21],[23,21],[3,22],[4,22],[9,22],[11,22],[12,22],[19,22],[21,22],[23,22],[10,23],[19,23],[22,23],[23,23],[2,24],[13,24],[15,24],[19,24]]",146,"success","success",48,20,20,0,217,0.6,2.3,2.9
"2026-10-09T04:57:40.517Z","benchmark","benchmark-1791521859669","seeded-high-4207","seeded-high-4207",8,"dstar",25,25,3,4207,0.24,0.2256,"2,7","W","0,21","[[0,0],[7,0],[10,0],[14,0],[20,0],[0,1],[2,1],[5,1],[12,1],[15,1],[17,1],[19,1],[22,1],[6,2],[8,2],[11,2],[16,2],[21,2],[23,2],[24,2],[0,3],[5,3],[9,3],[10,3],[15,3],[21,3],[1,4],[15,4],[17,4],[19,4],[24,4],[2,5],[3,5],[5,5],[7,5],[9,5],[13,5],[21,5],[23,5],[5,6],[6,6],[17,6],[18,6],[23,6],[4,7],[21,7],[12,8],[15,8],[20,8],[21,8],[23,8],[24,8],[4,9],[6,9],[9,9],[11,9],[12,9],[13,9],[14,9],[21,9],[1,10],[2,10],[3,10],[4,10],[12,10],[16,10],[2,11],[4,11],[7,11],[9,11],[11,11],[13,11],[22,11],[0,12],[3,12],[6,12],[10,12],[12,12],[13,12],[18,12],[21,12],[22,12],[23,13],[1,14],[4,14],[12,14],[17,14],[18,14],[20,14],[8,15],[11,15],[24,15],[5,16],[8,16],[11,16],[13,16],[14,16],[4,17],[5,17],[6,17],[12,17],[13,17],[14,17],[24,17],[0,18],[2,18],[4,18],[5,18],[12,18],[16,18],[18,18],[20,18],[24,18],[12,19],[16,19],[4,20],[9,20],[13,20],[18,20],[23,20],[2,21],[8,21],[11,21],[12,21],[14,21],[23,21],[0,22],[5,22],[6,22],[7,22],[9,22],[22,22],[23,22],[4,23],[7,23],[14,23],[16,23],[1,24],[11,24],[14,24],[16,24]]",141,"success","success",20,6,6,0,66,0.4,0.3,0.7
"2026-10-09T04:57:40.517Z","benchmark","benchmark-1791521859669","seeded-high-4207","seeded-high-4207",8,"astar",25,25,3,4207,0.24,0.2256,"2,7","W","0,21","[[0,0],[7,0],[10,0],[14,0],[20,0],[0,1],[2,1],[5,1],[12,1],[15,1],[17,1],[19,1],[22,1],[6,2],[8,2],[11,2],[16,2],[21,2],[23,2],[24,2],[0,3],[5,3],[9,3],[10,3],[15,3],[21,3],[1,4],[15,4],[17,4],[19,4],[24,4],[2,5],[3,5],[5,5],[7,5],[9,5],[13,5],[21,5],[23,5],[5,6],[6,6],[17,6],[18,6],[23,6],[4,7],[21,7],[12,8],[15,8],[20,8],[21,8],[23,8],[24,8],[4,9],[6,9],[9,9],[11,9],[12,9],[13,9],[14,9],[21,9],[1,10],[2,10],[3,10],[4,10],[12,10],[16,10],[2,11],[4,11],[7,11],[9,11],[11,11],[13,11],[22,11],[0,12],[3,12],[6,12],[10,12],[12,12],[13,12],[18,12],[21,12],[22,12],[23,13],[1,14],[4,14],[12,14],[17,14],[18,14],[20,14],[8,15],[11,15],[24,15],[5,16],[8,16],[11,16],[13,16],[14,16],[4,17],[5,17],[6,17],[12,17],[13,17],[14,17],[24,17],[0,18],[2,18],[4,18],[5,18],[12,18],[16,18],[18,18],[20,18],[24,18],[12,19],[16,19],[4,20],[9,20],[13,20],[18,20],[23,20],[2,21],[8,21],[11,21],[12,21],[14,21],[23,21],[0,22],[5,22],[6,22],[7,22],[9,22],[22,22],[23,22],[4,23],[7,23],[14,23],[16,23],[1,24],[11,24],[14,24],[16,24]]",141,"success","success",20,6,6,0,159,0.1,0.1,0.2
"2026-10-09T04:57:40.517Z","benchmark","benchmark-1791521859669","seeded-high-5629","seeded-high-5629",8,"astar",25,25,3,5629,0.24,0.232,"6,24","E","11,20","[[3,0],[6,0],[12,0],[14,0],[16,0],[24,0],[14,1],[18,1],[20,1],[22,1],[23,1],[11,2],[12,2],[14,2],[21,2],[22,2],[23,2],[24,2],[0,3],[1,3],[6,3],[11,3],[12,3],[13,3],[20,3],[21,3],[22,3],[23,3],[24,3],[0,4],[1,4],[7,4],[8,4],[11,4],[15,4],[18,4],[22,4],[1,5],[18,5],[19,5],[20,5],[14,6],[2,7],[5,7],[15,7],[17,7],[19,7],[21,7],[24,7],[1,8],[5,8],[8,8],[11,8],[14,8],[22,8],[23,8],[0,9],[5,9],[10,9],[11,9],[12,9],[20,9],[22,9],[2,10],[3,10],[4,10],[17,10],[21,10],[22,10],[24,10],[0,11],[5,11],[6,11],[7,11],[12,11],[14,11],[16,11],[20,11],[2,12],[3,12],[6,12],[11,12],[13,13],[18,13],[3,14],[4,14],[7,14],[9,14],[11,14],[15,14],[21,14],[3,15],[11,15],[14,15],[15,15],[18,15],[19,15],[23,15],[1,16],[13,16],[15,16],[2,17],[3,17],[4,17],[9,17],[13,17],[14,17],[17,17],[22,17],[23,17],[5,18],[12,18],[17,18],[20,18],[6,19],[19,19],[4,20],[6,20],[7,20],[19,20],[22,20],[23,20],[8,21],[14,21],[15,21],[16,21],[17,21],[10,22],[14,22],[17,22],[19,22],[3,23],[4,23],[11,23],[12,23],[17,23],[24,23],[7,24],[9,24],[11,24],[12,24],[14,24],[15,24],[22,24],[24,24]]",145,"success","success",11,4,5,0,73,0.1,0,0.1
"2026-10-09T04:57:40.518Z","benchmark","benchmark-1791521859669","seeded-high-5629","seeded-high-5629",8,"dstar",25,25,3,5629,0.24,0.232,"6,24","E","11,20","[[3,0],[6,0],[12,0],[14,0],[16,0],[24,0],[14,1],[18,1],[20,1],[22,1],[23,1],[11,2],[12,2],[14,2],[21,2],[22,2],[23,2],[24,2],[0,3],[1,3],[6,3],[11,3],[12,3],[13,3],[20,3],[21,3],[22,3],[23,3],[24,3],[0,4],[1,4],[7,4],[8,4],[11,4],[15,4],[18,4],[22,4],[1,5],[18,5],[19,5],[20,5],[14,6],[2,7],[5,7],[15,7],[17,7],[19,7],[21,7],[24,7],[1,8],[5,8],[8,8],[11,8],[14,8],[22,8],[23,8],[0,9],[5,9],[10,9],[11,9],[12,9],[20,9],[22,9],[2,10],[3,10],[4,10],[17,10],[21,10],[22,10],[24,10],[0,11],[5,11],[6,11],[7,11],[12,11],[14,11],[16,11],[20,11],[2,12],[3,12],[6,12],[11,12],[13,13],[18,13],[3,14],[4,14],[7,14],[9,14],[11,14],[15,14],[21,14],[3,15],[11,15],[14,15],[15,15],[18,15],[19,15],[23,15],[1,16],[13,16],[15,16],[2,17],[3,17],[4,17],[9,17],[13,17],[14,17],[17,17],[22,17],[23,17],[5,18],[12,18],[17,18],[20,18],[6,19],[19,19],[4,20],[6,20],[7,20],[19,20],[22,20],[23,20],[8,21],[14,21],[15,21],[16,21],[17,21],[10,22],[14,22],[17,22],[19,22],[3,23],[4,23],[11,23],[12,23],[17,23],[24,23],[7,24],[9,24],[11,24],[12,24],[14,24],[15,24],[22,24],[24,24]]",145,"success","success",11,4,5,0,43,0.2,0.2,0.4
"2026-10-09T04:57:40.519Z","benchmark","benchmark-1791521859669","seeded-high-7001","seeded-high-7001",8,"dstar",25,25,3,7001,0.24,0.2752,"10,16","E","22,19","[[1,0],[9,0],[13,0],[14,0],[20,0],[22,0],[2,1],[8,1],[12,1],[15,1],[0,2],[4,2],[13,2],[14,2],[18,2],[23,2],[24,2],[2,3],[4,3],[6,3],[8,3],[12,3],[14,3],[16,3],[17,3],[18,3],[1,4],[4,4],[6,4],[7,4],[8,4],[10,4],[16,4],[20,4],[23,4],[7,5],[11,5],[13,5],[15,5],[18,5],[20,5],[1,6],[2,6],[9,6],[15,6],[16,6],[17,6],[18,6],[0,7],[1,7],[2,7],[4,7],[8,7],[18,7],[23,7],[0,8],[1,8],[2,8],[3,8],[5,8],[10,8],[12,8],[18,8],[19,8],[23,8],[4,9],[6,9],[11,9],[12,9],[13,9],[18,9],[21,9],[24,9],[0,10],[4,10],[5,10],[11,10],[14,10],[18,10],[1,11],[2,11],[6,11],[7,11],[13,11],[18,11],[20,11],[21,11],[23,11],[4,12],[5,12],[9,12],[16,12],[1,13],[3,13],[10,13],[15,13],[16,13],[17,13],[18,13],[20,13],[0,14],[4,14],[8,14],[9,14],[13,14],[15,14],[16,14],[17,14],[20,14],[5,15],[10,15],[15,15],[19,15],[21,15],[4,16],[5,16],[7,16],[13,16],[15,16],[16,16],[17,16],[21,16],[22,16],[23,16],[23,17],[24,17],[2,18],[10,18],[13,18],[15,18],[16,18],[18,18],[20,18],[3,19],[5,19],[7,19],[10,19],[24,19],[3,20],[7,20],[9,20],[10,20],[11,20],[23,20],[24,20],[1,21],[6,21],[7,21],[10,21],[15,21],[19,21],[23,21],[2,22],[8,22],[9,22],[10,22],[11,22],[12,22],[14,22],[18,22],[21,22],[8,23],[11,23],[12,23],[19,23],[5,24],[11,24],[12,24],[13,24],[15,24],[22,24],[24,24]]",172,"success","success",15,1,2,0,51,0.5,0,0.5
"2026-10-09T04:57:40.519Z","benchmark","benchmark-1791521859669","seeded-high-7001","seeded-high-7001",8,"astar",25,25,3,7001,0.24,0.2752,"10,16","E","22,19","[[1,0],[9,0],[13,0],[14,0],[20,0],[22,0],[2,1],[8,1],[12,1],[15,1],[0,2],[4,2],[13,2],[14,2],[18,2],[23,2],[24,2],[2,3],[4,3],[6,3],[8,3],[12,3],[14,3],[16,3],[17,3],[18,3],[1,4],[4,4],[6,4],[7,4],[8,4],[10,4],[16,4],[20,4],[23,4],[7,5],[11,5],[13,5],[15,5],[18,5],[20,5],[1,6],[2,6],[9,6],[15,6],[16,6],[17,6],[18,6],[0,7],[1,7],[2,7],[4,7],[8,7],[18,7],[23,7],[0,8],[1,8],[2,8],[3,8],[5,8],[10,8],[12,8],[18,8],[19,8],[23,8],[4,9],[6,9],[11,9],[12,9],[13,9],[18,9],[21,9],[24,9],[0,10],[4,10],[5,10],[11,10],[14,10],[18,10],[1,11],[2,11],[6,11],[7,11],[13,11],[18,11],[20,11],[21,11],[23,11],[4,12],[5,12],[9,12],[16,12],[1,13],[3,13],[10,13],[15,13],[16,13],[17,13],[18,13],[20,13],[0,14],[4,14],[8,14],[9,14],[13,14],[15,14],[16,14],[17,14],[20,14],[5,15],[10,15],[15,15],[19,15],[21,15],[4,16],[5,16],[7,16],[13,16],[15,16],[16,16],[17,16],[21,16],[22,16],[23,16],[23,17],[24,17],[2,18],[10,18],[13,18],[15,18],[16,18],[18,18],[20,18],[3,19],[5,19],[7,19],[10,19],[24,19],[3,20],[7,20],[9,20],[10,20],[11,20],[23,20],[24,20],[1,21],[6,21],[7,21],[10,21],[15,21],[19,21],[23,21],[2,22],[8,22],[9,22],[10,22],[11,22],[12,22],[14,22],[18,22],[21,22],[8,23],[11,23],[12,23],[19,23],[5,24],[11,24],[12,24],[13,24],[15,24],[22,24],[24,24]]",172,"success","success",15,1,2,0,49,0.1,0,0.1
"2026-10-09T04:57:40.524Z","benchmark","benchmark-1791521859669","open","open",9,"dstar",25,25,3,"","",0,"1,22","E","23,2","[]",0,"success","success",42,0,0,0,483,5,0,5
"2026-10-09T04:57:40.525Z","benchmark","benchmark-1791521859669","open","open",9,"astar",25,25,3,"","",0,"1,22","E","23,2","[]",0,"success","success",42,0,0,0,482,1.4,0,1.4
"2026-10-09T04:57:40.525Z","benchmark","benchmark-1791521859669","blocker","blocker",9,"astar",25,25,3,"","",0.0016,"1,12","E","23,12","[[12,12]]",1,"success","success",24,1,1,0,66,0,0.1,0.1
"2026-10-09T04:57:40.526Z","benchmark","benchmark-1791521859669","blocker","blocker",9,"dstar",25,25,3,"","",0.0016,"1,12","E","23,12","[[12,12]]",1,"success","success",24,1,1,0,62,0.3,0.3,0.6
"2026-10-09T04:57:40.529Z","benchmark","benchmark-1791521859669","detour","detour",9,"dstar",25,25,3,"","",0.0384,"1,12","E","23,12","[[12,0],[12,1],[12,2],[12,3],[12,4],[12,6],[12,7],[12,8],[12,9],[12,10],[12,11],[12,12],[12,13],[12,14],[12,15],[12,16],[12,17],[12,18],[12,19],[12,20],[12,21],[12,22],[12,23],[12,24]]",24,"success","success",36,7,7,0,200,0.3,2.8,3.1
"2026-10-09T04:57:40.533Z","benchmark","benchmark-1791521859669","detour","detour",9,"astar",25,25,3,"","",0.0384,"1,12","E","23,12","[[12,0],[12,1],[12,2],[12,3],[12,4],[12,6],[12,7],[12,8],[12,9],[12,10],[12,11],[12,12],[12,13],[12,14],[12,15],[12,16],[12,17],[12,18],[12,19],[12,20],[12,21],[12,22],[12,23],[12,24]]",24,"success","success",62,19,19,0,1726,0.1,3.1,3.2
"2026-10-09T04:57:40.538Z","benchmark","benchmark-1791521859669","corridor","corridor",9,"astar",25,25,3,"","",0.0768,"1,20","E","23,5","[[8,0],[17,0],[8,1],[17,1],[8,2],[17,2],[8,3],[17,3],[8,4],[17,4],[8,5],[8,6],[17,6],[8,7],[17,7],[8,8],[17,8],[8,9],[17,9],[8,10],[17,10],[8,11],[17,11],[8,12],[17,12],[8,13],[17,13],[8,14],[17,14],[8,15],[17,15],[8,16],[17,16],[8,17],[17,17],[8,18],[17,18],[8,19],[17,19],[17,20],[8,21],[17,21],[8,22],[17,22],[8,23],[17,23],[8,24],[17,24]]",48,"success","success",69,16,16,0,2751,0.8,4.4,5.2
"2026-10-09T04:57:40.545Z","benchmark","benchmark-1791521859669","corridor","corridor",9,"dstar",25,25,3,"","",0.0768,"1,20","E","23,5","[[8,0],[17,0],[8,1],[17,1],[8,2],[17,2],[8,3],[17,3],[8,4],[17,4],[8,5],[8,6],[17,6],[8,7],[17,7],[8,8],[17,8],[8,9],[17,9],[8,10],[17,10],[8,11],[17,11],[8,12],[17,12],[8,13],[17,13],[8,14],[17,14],[8,15],[17,15],[8,16],[17,16],[8,17],[17,17],[8,18],[17,18],[8,19],[17,19],[17,20],[8,21],[17,21],[8,22],[17,22],[8,23],[17,23],[8,24],[17,24]]",48,"success","success",77,20,20,0,596,3.2,3.6,6.8
"2026-10-09T04:57:40.555Z","benchmark","benchmark-1791521859669","maze","maze",9,"dstar",25,25,3,"","",0.192,"1,23","E","23,1","[[3,0],[7,0],[11,0],[15,0],[19,0],[7,1],[15,1],[3,2],[7,2],[11,2],[15,2],[19,2],[3,3],[7,3],[11,3],[15,3],[19,3],[3,4],[7,4],[11,4],[15,4],[19,4],[3,5],[7,5],[11,5],[15,5],[19,5],[3,6],[7,6],[11,6],[15,6],[19,6],[3,7],[7,7],[11,7],[15,7],[19,7],[3,8],[7,8],[11,8],[15,8],[19,8],[3,9],[7,9],[11,9],[15,9],[19,9],[3,10],[7,10],[11,10],[15,10],[19,10],[3,11],[7,11],[11,11],[15,11],[19,11],[3,12],[7,12],[11,12],[15,12],[19,12],[3,13],[7,13],[11,13],[15,13],[19,13],[3,14],[7,14],[11,14],[15,14],[19,14],[3,15],[7,15],[11,15],[15,15],[19,15],[3,16],[7,16],[11,16],[15,16],[19,16],[3,17],[7,17],[11,17],[15,17],[19,17],[3,18],[7,18],[11,18],[15,18],[19,18],[3,19],[7,19],[11,19],[15,19],[19,19],[3,20],[7,20],[11,20],[15,20],[19,20],[3,21],[7,21],[11,21],[15,21],[19,21],[3,22],[7,22],[11,22],[15,22],[19,22],[3,23],[11,23],[19,23],[3,24],[7,24],[11,24],[15,24],[19,24]]",120,"success","success",136,46,47,0,812,4.7,5.3,10
"2026-10-09T04:57:40.577Z","benchmark","benchmark-1791521859669","maze","maze",9,"astar",25,25,3,"","",0.192,"1,23","E","23,1","[[3,0],[7,0],[11,0],[15,0],[19,0],[7,1],[15,1],[3,2],[7,2],[11,2],[15,2],[19,2],[3,3],[7,3],[11,3],[15,3],[19,3],[3,4],[7,4],[11,4],[15,4],[19,4],[3,5],[7,5],[11,5],[15,5],[19,5],[3,6],[7,6],[11,6],[15,6],[19,6],[3,7],[7,7],[11,7],[15,7],[19,7],[3,8],[7,8],[11,8],[15,8],[19,8],[3,9],[7,9],[11,9],[15,9],[19,9],[3,10],[7,10],[11,10],[15,10],[19,10],[3,11],[7,11],[11,11],[15,11],[19,11],[3,12],[7,12],[11,12],[15,12],[19,12],[3,13],[7,13],[11,13],[15,13],[19,13],[3,14],[7,14],[11,14],[15,14],[19,14],[3,15],[7,15],[11,15],[15,15],[19,15],[3,16],[7,16],[11,16],[15,16],[19,16],[3,17],[7,17],[11,17],[15,17],[19,17],[3,18],[7,18],[11,18],[15,18],[19,18],[3,19],[7,19],[11,19],[15,19],[19,19],[3,20],[7,20],[11,20],[15,20],[19,20],[3,21],[7,21],[11,21],[15,21],[19,21],[3,22],[7,22],[11,22],[15,22],[19,22],[3,23],[11,23],[19,23],[3,24],[7,24],[11,24],[15,24],[19,24]]",120,"success","success",136,46,47,0,8303,1.4,19.5,20.9
"2026-10-09T04:57:40.582Z","benchmark","benchmark-1791521859669","no-route","no-route",9,"astar",25,25,3,"","",0.04,"1,12","E","23,12","[[12,0],[12,1],[12,2],[12,3],[12,4],[12,5],[12,6],[12,7],[12,8],[12,9],[12,10],[12,11],[12,12],[12,13],[12,14],[12,15],[12,16],[12,17],[12,18],[12,19],[12,20],[12,21],[12,22],[12,23],[12,24]]",25,"no_route","no_route",48,25,25,0,2741,0,5.1,5.1
"2026-10-09T04:57:40.589Z","benchmark","benchmark-1791521859669","no-route","no-route",9,"dstar",25,25,3,"","",0.04,"1,12","E","23,12","[[12,0],[12,1],[12,2],[12,3],[12,4],[12,5],[12,6],[12,7],[12,8],[12,9],[12,10],[12,11],[12,12],[12,13],[12,14],[12,15],[12,16],[12,17],[12,18],[12,19],[12,20],[12,21],[12,22],[12,23],[12,24]]",25,"no_route","no_route",46,25,25,0,572,0.2,7.5,7.7
"2026-10-09T04:57:40.590Z","benchmark","benchmark-1791521859669","seeded-low-1701","seeded-low-1701",9,"dstar",25,25,3,1701,0.08,0.0832,"10,16","E","22,19","[[16,0],[9,1],[12,1],[17,2],[18,2],[5,4],[14,5],[12,6],[17,6],[21,6],[5,7],[16,7],[18,7],[1,8],[19,8],[20,8],[0,9],[0,12],[9,12],[13,12],[15,12],[17,13],[23,13],[5,14],[10,14],[20,14],[17,15],[18,15],[22,15],[2,16],[7,16],[8,16],[13,16],[4,17],[7,17],[14,17],[15,17],[8,19],[11,21],[12,21],[16,21],[20,21],[6,22],[12,22],[19,22],[3,23],[6,23],[15,23],[0,24],[9,24],[14,24],[19,24]]",52,"success","success",15,1,2,0,52,0.5,0.1,0.6
"2026-10-09T04:57:40.590Z","benchmark","benchmark-1791521859669","seeded-low-1701","seeded-low-1701",9,"astar",25,25,3,1701,0.08,0.0832,"10,16","E","22,19","[[16,0],[9,1],[12,1],[17,2],[18,2],[5,4],[14,5],[12,6],[17,6],[21,6],[5,7],[16,7],[18,7],[1,8],[19,8],[20,8],[0,9],[0,12],[9,12],[13,12],[15,12],[17,13],[23,13],[5,14],[10,14],[20,14],[17,15],[18,15],[22,15],[2,16],[7,16],[8,16],[13,16],[4,17],[7,17],[14,17],[15,17],[8,19],[11,21],[12,21],[16,21],[20,21],[6,22],[12,22],[19,22],[3,23],[6,23],[15,23],[0,24],[9,24],[14,24],[19,24]]",52,"success","success",15,1,2,0,64,0,0.1,0.1
"2026-10-09T04:57:40.590Z","benchmark","benchmark-1791521859669","seeded-low-2718","seeded-low-2718",9,"astar",25,25,3,2718,0.08,0.0736,"4,3","S","18,8","[[7,1],[22,1],[15,2],[19,2],[22,2],[0,3],[1,3],[18,3],[22,3],[9,5],[20,5],[12,7],[14,8],[21,8],[22,8],[24,8],[12,9],[22,9],[7,10],[21,10],[8,11],[20,11],[5,12],[6,12],[12,12],[13,13],[23,13],[18,14],[23,14],[8,15],[12,15],[9,16],[16,17],[17,17],[20,17],[1,18],[1,19],[10,19],[1,20],[2,20],[8,20],[7,21],[21,21],[0,24],[3,24],[6,24]]",46,"success","success",19,1,1,0,111,0.1,0,0.1
"2026-10-09T04:57:40.592Z","benchmark","benchmark-1791521859669","seeded-low-2718","seeded-low-2718",9,"dstar",25,25,3,2718,0.08,0.0736,"4,3","S","18,8","[[7,1],[22,1],[15,2],[19,2],[22,2],[0,3],[1,3],[18,3],[22,3],[9,5],[20,5],[12,7],[14,8],[21,8],[22,8],[24,8],[12,9],[22,9],[7,10],[21,10],[8,11],[20,11],[5,12],[6,12],[12,12],[13,13],[23,13],[18,14],[23,14],[8,15],[12,15],[9,16],[16,17],[17,17],[20,17],[1,18],[1,19],[10,19],[1,20],[2,20],[8,20],[7,21],[21,21],[0,24],[3,24],[6,24]]",46,"success","success",19,1,1,0,91,1.1,0,1.1
"2026-10-09T04:57:40.592Z","benchmark","benchmark-1791521859669","seeded-low-3141","seeded-low-3141",9,"dstar",25,25,3,3141,0.08,0.088,"15,6","E","17,24","[[13,0],[14,0],[19,0],[17,1],[3,2],[14,2],[8,3],[11,3],[19,3],[21,3],[24,3],[14,4],[19,4],[5,5],[9,5],[12,5],[17,5],[19,5],[22,5],[2,6],[9,7],[13,7],[14,7],[18,7],[13,8],[14,8],[3,9],[6,9],[8,11],[21,11],[22,11],[3,12],[24,12],[14,13],[19,14],[20,14],[4,15],[15,16],[18,16],[7,18],[16,18],[20,18],[22,18],[0,19],[3,19],[10,20],[12,20],[24,20],[13,21],[12,22],[23,22],[10,23],[19,23],[22,23],[2,24]]",55,"success","success",20,0,0,0,57,0.7,0,0.7
"2026-10-09T04:57:40.592Z","benchmark","benchmark-1791521859669","seeded-low-3141","seeded-low-3141",9,"astar",25,25,3,3141,0.08,0.088,"15,6","E","17,24","[[13,0],[14,0],[19,0],[17,1],[3,2],[14,2],[8,3],[11,3],[19,3],[21,3],[24,3],[14,4],[19,4],[5,5],[9,5],[12,5],[17,5],[19,5],[22,5],[2,6],[9,7],[13,7],[14,7],[18,7],[13,8],[14,8],[3,9],[6,9],[8,11],[21,11],[22,11],[3,12],[24,12],[14,13],[19,14],[20,14],[4,15],[15,16],[18,16],[7,18],[16,18],[20,18],[22,18],[0,19],[3,19],[10,20],[12,20],[24,20],[13,21],[12,22],[23,22],[10,23],[19,23],[22,23],[2,24]]",55,"success","success",20,0,0,0,56,0,0,0
"2026-10-09T04:57:40.593Z","benchmark","benchmark-1791521859669","seeded-low-4207","seeded-low-4207",9,"astar",25,25,3,4207,0.08,0.0768,"2,7","W","0,21","[[7,0],[14,0],[5,1],[12,1],[17,1],[11,2],[21,2],[24,2],[0,3],[5,3],[10,3],[15,3],[1,4],[15,4],[19,4],[23,5],[4,7],[21,7],[4,9],[9,9],[12,9],[21,9],[12,10],[7,11],[22,11],[10,12],[18,12],[17,14],[8,15],[11,15],[11,16],[4,17],[12,17],[14,17],[0,18],[2,18],[4,18],[5,18],[18,18],[20,18],[24,18],[13,20],[8,21],[11,21],[14,21],[5,22],[7,23],[11,24]]",48,"success","success",16,1,1,0,60,0,0.1,0.1
"2026-10-09T04:57:40.593Z","benchmark","benchmark-1791521859669","seeded-low-4207","seeded-low-4207",9,"dstar",25,25,3,4207,0.08,0.0768,"2,7","W","0,21","[[7,0],[14,0],[5,1],[12,1],[17,1],[11,2],[21,2],[24,2],[0,3],[5,3],[10,3],[15,3],[1,4],[15,4],[19,4],[23,5],[4,7],[21,7],[4,9],[9,9],[12,9],[21,9],[12,10],[7,11],[22,11],[10,12],[18,12],[17,14],[8,15],[11,15],[11,16],[4,17],[12,17],[14,17],[0,18],[2,18],[4,18],[5,18],[18,18],[20,18],[24,18],[13,20],[8,21],[11,21],[14,21],[5,22],[7,23],[11,24]]",48,"success","success",16,1,1,0,46,0.4,0.1,0.5
"2026-10-09T04:57:40.593Z","benchmark","benchmark-1791521859669","seeded-low-5629","seeded-low-5629",9,"dstar",25,25,3,5629,0.08,0.0864,"6,24","E","11,20","[[12,2],[14,2],[23,2],[1,3],[12,3],[21,3],[23,3],[1,4],[8,4],[15,4],[18,4],[14,6],[5,7],[17,7],[1,8],[0,9],[5,9],[10,9],[11,9],[12,9],[20,9],[2,10],[4,10],[21,10],[0,11],[7,11],[16,11],[20,11],[6,12],[11,12],[13,13],[7,14],[9,14],[11,14],[21,14],[23,15],[1,16],[15,16],[14,17],[17,17],[12,18],[17,18],[20,18],[6,20],[15,21],[16,21],[10,22],[17,22],[19,22],[3,23],[12,23],[7,24],[11,24],[14,24]]",54,"success","success",9,1,2,0,30,0.2,0,0.2
"2026-10-09T04:57:40.593Z","benchmark","benchmark-1791521859669","seeded-low-5629","seeded-low-5629",9,"astar",25,25,3,5629,0.08,0.0864,"6,24","E","11,20","[[12,2],[14,2],[23,2],[1,3],[12,3],[21,3],[23,3],[1,4],[8,4],[15,4],[18,4],[14,6],[5,7],[17,7],[1,8],[0,9],[5,9],[10,9],[11,9],[12,9],[20,9],[2,10],[4,10],[21,10],[0,11],[7,11],[16,11],[20,11],[6,12],[11,12],[13,13],[7,14],[9,14],[11,14],[21,14],[23,15],[1,16],[15,16],[14,17],[17,17],[12,18],[17,18],[20,18],[6,20],[15,21],[16,21],[10,22],[17,22],[19,22],[3,23],[12,23],[7,24],[11,24],[14,24]]",54,"success","success",9,1,2,0,46,0.1,0,0.1
"2026-10-09T04:57:40.594Z","benchmark","benchmark-1791521859669","seeded-low-7001","seeded-low-7001",9,"astar",25,25,3,7001,0.08,0.1008,"10,16","E","22,19","[[1,0],[9,0],[8,1],[12,1],[0,2],[13,2],[14,2],[23,2],[24,2],[4,3],[8,3],[17,3],[16,4],[7,5],[11,5],[18,5],[1,6],[15,6],[18,6],[0,7],[8,7],[1,8],[5,8],[18,8],[19,8],[23,8],[4,9],[11,9],[0,10],[5,10],[11,10],[6,11],[13,11],[4,12],[16,12],[1,13],[18,13],[20,13],[4,14],[9,14],[13,14],[10,15],[5,16],[7,16],[15,16],[16,16],[24,17],[16,18],[18,18],[20,18],[7,20],[11,20],[23,20],[24,20],[1,21],[15,21],[9,22],[14,22],[18,22],[8,23],[19,23],[5,24],[11,24]]",63,"success","success",15,2,2,0,91,0.2,0.1,0.3
"2026-10-09T04:57:40.594Z","benchmark","benchmark-1791521859669","seeded-low-7001","seeded-low-7001",9,"dstar",25,25,3,7001,0.08,0.1008,"10,16","E","22,19","[[1,0],[9,0],[8,1],[12,1],[0,2],[13,2],[14,2],[23,2],[24,2],[4,3],[8,3],[17,3],[16,4],[7,5],[11,5],[18,5],[1,6],[15,6],[18,6],[0,7],[8,7],[1,8],[5,8],[18,8],[19,8],[23,8],[4,9],[11,9],[0,10],[5,10],[11,10],[6,11],[13,11],[4,12],[16,12],[1,13],[18,13],[20,13],[4,14],[9,14],[13,14],[10,15],[5,16],[7,16],[15,16],[16,16],[24,17],[16,18],[18,18],[20,18],[7,20],[11,20],[23,20],[24,20],[1,21],[15,21],[9,22],[14,22],[18,22],[8,23],[19,23],[5,24],[11,24]]",63,"success","success",15,2,2,0,53,0.4,0.1,0.5
"2026-10-09T04:57:40.595Z","benchmark","benchmark-1791521859669","seeded-medium-1701","seeded-medium-1701",9,"dstar",25,25,3,1701,0.16,0.1856,"10,16","E","22,19","[[4,0],[6,0],[12,0],[16,0],[19,0],[24,0],[9,1],[10,1],[12,1],[4,2],[8,2],[15,2],[17,2],[18,2],[0,3],[18,3],[5,4],[10,4],[11,4],[22,4],[14,5],[18,5],[7,6],[12,6],[17,6],[18,6],[20,6],[21,6],[5,7],[10,7],[16,7],[18,7],[0,8],[1,8],[2,8],[13,8],[19,8],[20,8],[0,9],[5,9],[8,9],[13,9],[17,9],[7,10],[8,10],[10,10],[20,10],[3,11],[16,11],[22,11],[0,12],[6,12],[9,12],[13,12],[15,12],[16,12],[7,13],[12,13],[17,13],[19,13],[23,13],[0,14],[5,14],[10,14],[20,14],[1,15],[2,15],[17,15],[18,15],[22,15],[23,15],[2,16],[3,16],[7,16],[8,16],[13,16],[0,17],[4,17],[7,17],[14,17],[15,17],[9,18],[10,18],[14,18],[21,18],[22,18],[8,19],[11,19],[20,19],[12,20],[0,21],[3,21],[9,21],[11,21],[12,21],[16,21],[20,21],[22,21],[6,22],[12,22],[15,22],[16,22],[19,22],[21,22],[3,23],[6,23],[7,23],[8,23],[9,23],[12,23],[15,23],[19,23],[0,24],[9,24],[14,24],[19,24]]",116,"success","success",21,6,7,0,83,0.4,0.5,0.9
"2026-10-09T04:57:40.595Z","benchmark","benchmark-1791521859669","seeded-medium-1701","seeded-medium-1701",9,"astar",25,25,3,1701,0.16,0.1856,"10,16","E","22,19","[[4,0],[6,0],[12,0],[16,0],[19,0],[24,0],[9,1],[10,1],[12,1],[4,2],[8,2],[15,2],[17,2],[18,2],[0,3],[18,3],[5,4],[10,4],[11,4],[22,4],[14,5],[18,5],[7,6],[12,6],[17,6],[18,6],[20,6],[21,6],[5,7],[10,7],[16,7],[18,7],[0,8],[1,8],[2,8],[13,8],[19,8],[20,8],[0,9],[5,9],[8,9],[13,9],[17,9],[7,10],[8,10],[10,10],[20,10],[3,11],[16,11],[22,11],[0,12],[6,12],[9,12],[13,12],[15,12],[16,12],[7,13],[12,13],[17,13],[19,13],[23,13],[0,14],[5,14],[10,14],[20,14],[1,15],[2,15],[17,15],[18,15],[22,15],[23,15],[2,16],[3,16],[7,16],[8,16],[13,16],[0,17],[4,17],[7,17],[14,17],[15,17],[9,18],[10,18],[14,18],[21,18],[22,18],[8,19],[11,19],[20,19],[12,20],[0,21],[3,21],[9,21],[11,21],[12,21],[16,21],[20,21],[22,21],[6,22],[12,22],[15,22],[16,22],[19,22],[21,22],[3,23],[6,23],[7,23],[8,23],[9,23],[12,23],[15,23],[19,23],[0,24],[9,24],[14,24],[19,24]]",116,"success","success",21,5,6,0,112,0.2,0,0.2
"2026-10-09T04:57:40.596Z","benchmark","benchmark-1791521859669","seeded-medium-2718","seeded-medium-2718",9,"astar",25,25,3,2718,0.16,0.1504,"4,3","S","18,8","[[7,0],[9,0],[7,1],[9,1],[22,1],[14,2],[15,2],[17,2],[18,2],[19,2],[22,2],[0,3],[1,3],[6,3],[9,3],[10,3],[16,3],[18,3],[22,3],[3,5],[9,5],[14,5],[16,5],[20,5],[11,7],[12,7],[16,7],[17,7],[7,8],[14,8],[21,8],[22,8],[24,8],[12,9],[14,9],[15,9],[22,9],[7,10],[20,10],[21,10],[5,11],[8,11],[15,11],[20,11],[5,12],[6,12],[11,12],[12,12],[4,13],[13,13],[23,13],[18,14],[23,14],[6,15],[8,15],[9,15],[12,15],[21,15],[8,16],[9,16],[16,17],[17,17],[20,17],[1,18],[10,18],[1,19],[7,19],[8,19],[10,19],[19,19],[1,20],[2,20],[8,20],[11,20],[18,20],[21,20],[7,21],[11,21],[14,21],[21,21],[0,22],[4,22],[12,22],[17,22],[0,23],[4,23],[7,23],[22,23],[0,24],[3,24],[6,24],[10,24],[11,24],[22,24]]",94,"success","success",19,1,1,0,165,0.2,0.1,0.3
"2026-10-09T04:57:40.597Z","benchmark","benchmark-1791521859669","seeded-medium-2718","seeded-medium-2718",9,"dstar",25,25,3,2718,0.16,0.1504,"4,3","S","18,8","[[7,0],[9,0],[7,1],[9,1],[22,1],[14,2],[15,2],[17,2],[18,2],[19,2],[22,2],[0,3],[1,3],[6,3],[9,3],[10,3],[16,3],[18,3],[22,3],[3,5],[9,5],[14,5],[16,5],[20,5],[11,7],[12,7],[16,7],[17,7],[7,8],[14,8],[21,8],[22,8],[24,8],[12,9],[14,9],[15,9],[22,9],[7,10],[20,10],[21,10],[5,11],[8,11],[15,11],[20,11],[5,12],[6,12],[11,12],[12,12],[4,13],[13,13],[23,13],[18,14],[23,14],[6,15],[8,15],[9,15],[12,15],[21,15],[8,16],[9,16],[16,17],[17,17],[20,17],[1,18],[10,18],[1,19],[7,19],[8,19],[10,19],[19,19],[1,20],[2,20],[8,20],[11,20],[18,20],[21,20],[7,21],[11,21],[14,21],[21,21],[0,22],[4,22],[12,22],[17,22],[0,23],[4,23],[7,23],[22,23],[0,24],[3,24],[6,24],[10,24],[11,24],[22,24]]",94,"success","success",19,1,1,0,91,0.8,0.1,0.9
"2026-10-09T04:57:40.600Z","benchmark","benchmark-1791521859669","seeded-medium-3141","seeded-medium-3141",9,"dstar",25,25,3,3141,0.16,0.1552,"15,6","E","17,24","[[4,0],[13,0],[14,0],[19,0],[0,1],[1,1],[2,1],[12,1],[17,1],[3,2],[5,2],[14,2],[5,3],[8,3],[11,3],[13,3],[14,3],[19,3],[20,3],[21,3],[22,3],[24,3],[6,4],[14,4],[19,4],[5,5],[9,5],[12,5],[14,5],[17,5],[19,5],[22,5],[2,6],[24,6],[9,7],[13,7],[14,7],[18,7],[19,7],[6,8],[13,8],[14,8],[17,8],[19,8],[3,9],[5,9],[6,9],[17,9],[19,9],[23,9],[10,10],[12,10],[13,10],[0,11],[8,11],[14,11],[21,11],[22,11],[3,12],[6,12],[24,12],[14,13],[0,14],[18,14],[19,14],[20,14],[4,15],[6,15],[15,16],[18,16],[12,17],[14,17],[7,18],[16,18],[17,18],[20,18],[22,18],[0,19],[3,19],[4,19],[10,20],[11,20],[12,20],[15,20],[24,20],[0,21],[8,21],[13,21],[12,22],[19,22],[23,22],[10,23],[19,23],[22,23],[2,24],[13,24],[19,24]]",97,"success","success",30,9,9,0,140,0.7,2.1,2.8
"2026-10-09T04:57:40.601Z","benchmark","benchmark-1791521859669","seeded-medium-3141","seeded-medium-3141",9,"astar",25,25,3,3141,0.16,0.1552,"15,6","E","17,24","[[4,0],[13,0],[14,0],[19,0],[0,1],[1,1],[2,1],[12,1],[17,1],[3,2],[5,2],[14,2],[5,3],[8,3],[11,3],[13,3],[14,3],[19,3],[20,3],[21,3],[22,3],[24,3],[6,4],[14,4],[19,4],[5,5],[9,5],[12,5],[14,5],[17,5],[19,5],[22,5],[2,6],[24,6],[9,7],[13,7],[14,7],[18,7],[19,7],[6,8],[13,8],[14,8],[17,8],[19,8],[3,9],[5,9],[6,9],[17,9],[19,9],[23,9],[10,10],[12,10],[13,10],[0,11],[8,11],[14,11],[21,11],[22,11],[3,12],[6,12],[24,12],[14,13],[0,14],[18,14],[19,14],[20,14],[4,15],[6,15],[15,16],[18,16],[12,17],[14,17],[7,18],[16,18],[17,18],[20,18],[22,18],[0,19],[3,19],[4,19],[10,20],[11,20],[12,20],[15,20],[24,20],[0,21],[8,21],[13,21],[12,22],[19,22],[23,22],[10,23],[19,23],[22,23],[2,24],[13,24],[19,24]]",97,"success","success",24,5,5,0,241,0.4,0.4,0.8
"2026-10-09T04:57:40.601Z","benchmark","benchmark-1791521859669","seeded-medium-4207","seeded-medium-4207",9,"astar",25,25,3,4207,0.16,0.1584,"2,7","W","0,21","[[0,0],[7,0],[14,0],[20,0],[5,1],[12,1],[15,1],[17,1],[6,2],[8,2],[11,2],[16,2],[21,2],[23,2],[24,2],[0,3],[5,3],[10,3],[15,3],[1,4],[15,4],[17,4],[19,4],[24,4],[2,5],[3,5],[5,5],[7,5],[13,5],[23,5],[5,6],[17,6],[18,6],[4,7],[21,7],[24,8],[4,9],[9,9],[11,9],[12,9],[14,9],[21,9],[2,10],[3,10],[4,10],[12,10],[16,10],[2,11],[7,11],[13,11],[22,11],[6,12],[10,12],[12,12],[13,12],[18,12],[22,12],[23,13],[1,14],[17,14],[18,14],[8,15],[11,15],[24,15],[8,16],[11,16],[13,16],[14,16],[4,17],[6,17],[12,17],[14,17],[24,17],[0,18],[2,18],[4,18],[5,18],[12,18],[18,18],[20,18],[24,18],[4,20],[9,20],[13,20],[18,20],[2,21],[8,21],[11,21],[14,21],[23,21],[0,22],[5,22],[7,22],[22,22],[23,22],[7,23],[16,23],[11,24],[16,24]]",99,"success","success",18,3,3,0,102,0.1,0,0.1
"2026-10-09T04:57:40.602Z","benchmark","benchmark-1791521859669","seeded-medium-4207","seeded-medium-4207",9,"dstar",25,25,3,4207,0.16,0.1584,"2,7","W","0,21","[[0,0],[7,0],[14,0],[20,0],[5,1],[12,1],[15,1],[17,1],[6,2],[8,2],[11,2],[16,2],[21,2],[23,2],[24,2],[0,3],[5,3],[10,3],[15,3],[1,4],[15,4],[17,4],[19,4],[24,4],[2,5],[3,5],[5,5],[7,5],[13,5],[23,5],[5,6],[17,6],[18,6],[4,7],[21,7],[24,8],[4,9],[9,9],[11,9],[12,9],[14,9],[21,9],[2,10],[3,10],[4,10],[12,10],[16,10],[2,11],[7,11],[13,11],[22,11],[6,12],[10,12],[12,12],[13,12],[18,12],[22,12],[23,13],[1,14],[17,14],[18,14],[8,15],[11,15],[24,15],[8,16],[11,16],[13,16],[14,16],[4,17],[6,17],[12,17],[14,17],[24,17],[0,18],[2,18],[4,18],[5,18],[12,18],[18,18],[20,18],[24,18],[4,20],[9,20],[13,20],[18,20],[2,21],[8,21],[11,21],[14,21],[23,21],[0,22],[5,22],[7,22],[22,22],[23,22],[7,23],[16,23],[11,24],[16,24]]",99,"success","success",18,3,3,0,56,0.4,0.3,0.7
"2026-10-09T04:57:40.603Z","benchmark","benchmark-1791521859669","seeded-medium-5629","seeded-medium-5629",9,"dstar",25,25,3,5629,0.16,0.1568,"6,24","E","11,20","[[12,0],[14,0],[16,0],[24,0],[14,1],[18,1],[20,1],[22,1],[23,1],[11,2],[12,2],[14,2],[21,2],[23,2],[1,3],[12,3],[13,3],[20,3],[21,3],[22,3],[23,3],[0,4],[1,4],[7,4],[8,4],[15,4],[18,4],[19,5],[14,6],[5,7],[15,7],[17,7],[19,7],[21,7],[1,8],[8,8],[22,8],[0,9],[5,9],[10,9],[11,9],[12,9],[20,9],[22,9],[2,10],[3,10],[4,10],[17,10],[21,10],[24,10],[0,11],[5,11],[6,11],[7,11],[16,11],[20,11],[6,12],[11,12],[13,13],[4,14],[7,14],[9,14],[11,14],[21,14],[14,15],[15,15],[23,15],[1,16],[15,16],[2,17],[4,17],[9,17],[14,17],[17,17],[22,17],[23,17],[12,18],[17,18],[20,18],[4,20],[6,20],[7,20],[15,21],[16,21],[17,21],[10,22],[14,22],[17,22],[19,22],[3,23],[4,23],[11,23],[12,23],[7,24],[9,24],[11,24],[14,24],[15,24]]",98,"success","success",9,2,3,0,31,1,0,1
"2026-10-09T04:57:40.603Z","benchmark","benchmark-1791521859669","seeded-medium-5629","seeded-medium-5629",9,"astar",25,25,3,5629,0.16,0.1568,"6,24","E","11,20","[[12,0],[14,0],[16,0],[24,0],[14,1],[18,1],[20,1],[22,1],[23,1],[11,2],[12,2],[14,2],[21,2],[23,2],[1,3],[12,3],[13,3],[20,3],[21,3],[22,3],[23,3],[0,4],[1,4],[7,4],[8,4],[15,4],[18,4],[19,5],[14,6],[5,7],[15,7],[17,7],[19,7],[21,7],[1,8],[8,8],[22,8],[0,9],[5,9],[10,9],[11,9],[12,9],[20,9],[22,9],[2,10],[3,10],[4,10],[17,10],[21,10],[24,10],[0,11],[5,11],[6,11],[7,11],[16,11],[20,11],[6,12],[11,12],[13,13],[4,14],[7,14],[9,14],[11,14],[21,14],[14,15],[15,15],[23,15],[1,16],[15,16],[2,17],[4,17],[9,17],[14,17],[17,17],[22,17],[23,17],[12,18],[17,18],[20,18],[4,20],[6,20],[7,20],[15,21],[16,21],[17,21],[10,22],[14,22],[17,22],[19,22],[3,23],[4,23],[11,23],[12,23],[7,24],[9,24],[11,24],[14,24],[15,24]]",98,"success","success",9,2,3,0,54,0.2,0,0.2
"2026-10-09T04:57:40.603Z","benchmark","benchmark-1791521859669","seeded-medium-7001","seeded-medium-7001",9,"astar",25,25,3,7001,0.16,0.1856,"10,16","E","22,19","[[1,0],[9,0],[13,0],[22,0],[2,1],[8,1],[12,1],[0,2],[4,2],[13,2],[14,2],[23,2],[24,2],[4,3],[8,3],[16,3],[17,3],[18,3],[1,4],[6,4],[8,4],[16,4],[23,4],[7,5],[11,5],[18,5],[1,6],[2,6],[9,6],[15,6],[17,6],[18,6],[0,7],[1,7],[8,7],[23,7],[0,8],[1,8],[3,8],[5,8],[10,8],[12,8],[18,8],[19,8],[23,8],[4,9],[6,9],[11,9],[12,9],[13,9],[18,9],[21,9],[24,9],[0,10],[4,10],[5,10],[11,10],[1,11],[2,11],[6,11],[13,11],[18,11],[20,11],[4,12],[16,12],[1,13],[10,13],[16,13],[18,13],[20,13],[4,14],[8,14],[9,14],[13,14],[15,14],[16,14],[17,14],[20,14],[10,15],[15,15],[5,16],[7,16],[15,16],[16,16],[17,16],[21,16],[22,16],[23,17],[24,17],[10,18],[16,18],[18,18],[20,18],[3,19],[24,19],[3,20],[7,20],[11,20],[23,20],[24,20],[1,21],[6,21],[15,21],[9,22],[10,22],[14,22],[18,22],[21,22],[8,23],[19,23],[5,24],[11,24],[13,24],[15,24],[22,24],[24,24]]",116,"success","success",15,2,2,0,94,0.2,0.1,0.3
"2026-10-09T04:57:40.604Z","benchmark","benchmark-1791521859669","seeded-medium-7001","seeded-medium-7001",9,"dstar",25,25,3,7001,0.16,0.1856,"10,16","E","22,19","[[1,0],[9,0],[13,0],[22,0],[2,1],[8,1],[12,1],[0,2],[4,2],[13,2],[14,2],[23,2],[24,2],[4,3],[8,3],[16,3],[17,3],[18,3],[1,4],[6,4],[8,4],[16,4],[23,4],[7,5],[11,5],[18,5],[1,6],[2,6],[9,6],[15,6],[17,6],[18,6],[0,7],[1,7],[8,7],[23,7],[0,8],[1,8],[3,8],[5,8],[10,8],[12,8],[18,8],[19,8],[23,8],[4,9],[6,9],[11,9],[12,9],[13,9],[18,9],[21,9],[24,9],[0,10],[4,10],[5,10],[11,10],[1,11],[2,11],[6,11],[13,11],[18,11],[20,11],[4,12],[16,12],[1,13],[10,13],[16,13],[18,13],[20,13],[4,14],[8,14],[9,14],[13,14],[15,14],[16,14],[17,14],[20,14],[10,15],[15,15],[5,16],[7,16],[15,16],[16,16],[17,16],[21,16],[22,16],[23,17],[24,17],[10,18],[16,18],[18,18],[20,18],[3,19],[24,19],[3,20],[7,20],[11,20],[23,20],[24,20],[1,21],[6,21],[15,21],[9,22],[10,22],[14,22],[18,22],[21,22],[8,23],[19,23],[5,24],[11,24],[13,24],[15,24],[22,24],[24,24]]",116,"success","success",15,2,2,0,53,0.5,0,0.5
"2026-10-09T04:57:40.606Z","benchmark","benchmark-1791521859669","seeded-high-1701","seeded-high-1701",9,"dstar",25,25,3,1701,0.24,0.2464,"10,16","E","22,19","[[4,0],[5,0],[6,0],[12,0],[16,0],[19,0],[21,0],[22,0],[24,0],[5,1],[9,1],[10,1],[12,1],[4,2],[6,2],[8,2],[15,2],[17,2],[18,2],[20,2],[0,3],[4,3],[6,3],[16,3],[18,3],[22,3],[5,4],[8,4],[9,4],[10,4],[11,4],[13,4],[16,4],[18,4],[22,4],[0,5],[3,5],[12,5],[14,5],[16,5],[18,5],[7,6],[12,6],[17,6],[18,6],[20,6],[21,6],[5,7],[10,7],[16,7],[18,7],[0,8],[1,8],[2,8],[13,8],[18,8],[19,8],[20,8],[23,8],[0,9],[3,9],[5,9],[8,9],[13,9],[17,9],[7,10],[8,10],[9,10],[10,10],[20,10],[3,11],[7,11],[12,11],[16,11],[22,11],[0,12],[6,12],[9,12],[13,12],[15,12],[16,12],[7,13],[12,13],[17,13],[19,13],[23,13],[0,14],[2,14],[5,14],[10,14],[20,14],[1,15],[2,15],[17,15],[18,15],[22,15],[23,15],[2,16],[3,16],[7,16],[8,16],[13,16],[0,17],[4,17],[7,17],[14,17],[15,17],[16,17],[0,18],[8,18],[9,18],[10,18],[14,18],[21,18],[22,18],[8,19],[11,19],[20,19],[12,20],[23,20],[0,21],[3,21],[4,21],[9,21],[10,21],[11,21],[12,21],[16,21],[20,21],[22,21],[2,22],[6,22],[12,22],[15,22],[16,22],[18,22],[19,22],[21,22],[3,23],[6,23],[7,23],[8,23],[9,23],[11,23],[12,23],[15,23],[19,23],[20,23],[23,23],[0,24],[9,24],[10,24],[14,24],[19,24]]",154,"success","success",21,7,8,0,83,0.5,0.8,1.3
"2026-10-09T04:57:40.606Z","benchmark","benchmark-1791521859669","seeded-high-1701","seeded-high-1701",9,"astar",25,25,3,1701,0.24,0.2464,"10,16","E","22,19","[[4,0],[5,0],[6,0],[12,0],[16,0],[19,0],[21,0],[22,0],[24,0],[5,1],[9,1],[10,1],[12,1],[4,2],[6,2],[8,2],[15,2],[17,2],[18,2],[20,2],[0,3],[4,3],[6,3],[16,3],[18,3],[22,3],[5,4],[8,4],[9,4],[10,4],[11,4],[13,4],[16,4],[18,4],[22,4],[0,5],[3,5],[12,5],[14,5],[16,5],[18,5],[7,6],[12,6],[17,6],[18,6],[20,6],[21,6],[5,7],[10,7],[16,7],[18,7],[0,8],[1,8],[2,8],[13,8],[18,8],[19,8],[20,8],[23,8],[0,9],[3,9],[5,9],[8,9],[13,9],[17,9],[7,10],[8,10],[9,10],[10,10],[20,10],[3,11],[7,11],[12,11],[16,11],[22,11],[0,12],[6,12],[9,12],[13,12],[15,12],[16,12],[7,13],[12,13],[17,13],[19,13],[23,13],[0,14],[2,14],[5,14],[10,14],[20,14],[1,15],[2,15],[17,15],[18,15],[22,15],[23,15],[2,16],[3,16],[7,16],[8,16],[13,16],[0,17],[4,17],[7,17],[14,17],[15,17],[16,17],[0,18],[8,18],[9,18],[10,18],[14,18],[21,18],[22,18],[8,19],[11,19],[20,19],[12,20],[23,20],[0,21],[3,21],[4,21],[9,21],[10,21],[11,21],[12,21],[16,21],[20,21],[22,21],[2,22],[6,22],[12,22],[15,22],[16,22],[18,22],[19,22],[21,22],[3,23],[6,23],[7,23],[8,23],[9,23],[11,23],[12,23],[15,23],[19,23],[20,23],[23,23],[0,24],[9,24],[10,24],[14,24],[19,24]]",154,"success","success",21,6,7,0,116,0.1,0.2,0.3
"2026-10-09T04:57:40.607Z","benchmark","benchmark-1791521859669","seeded-high-2718","seeded-high-2718",9,"astar",25,25,3,2718,0.24,0.224,"4,3","S","18,8","[[7,0],[8,0],[9,0],[22,0],[7,1],[9,1],[19,1],[22,1],[3,2],[13,2],[14,2],[15,2],[17,2],[18,2],[19,2],[21,2],[22,2],[0,3],[1,3],[6,3],[9,3],[10,3],[16,3],[18,3],[22,3],[23,3],[5,4],[3,5],[9,5],[14,5],[16,5],[20,5],[7,6],[8,6],[10,6],[4,7],[7,7],[11,7],[12,7],[16,7],[17,7],[7,8],[14,8],[21,8],[22,8],[24,8],[6,9],[12,9],[14,9],[15,9],[22,9],[7,10],[11,10],[17,10],[20,10],[21,10],[23,10],[0,11],[2,11],[3,11],[5,11],[6,11],[8,11],[15,11],[20,11],[5,12],[6,12],[7,12],[11,12],[12,12],[3,13],[4,13],[7,13],[13,13],[23,13],[2,14],[11,14],[17,14],[18,14],[23,14],[4,15],[6,15],[7,15],[8,15],[9,15],[12,15],[21,15],[7,16],[8,16],[9,16],[18,16],[16,17],[17,17],[20,17],[1,18],[2,18],[5,18],[10,18],[14,18],[17,18],[22,18],[1,19],[7,19],[8,19],[10,19],[19,19],[1,20],[2,20],[5,20],[6,20],[8,20],[11,20],[18,20],[21,20],[2,21],[3,21],[7,21],[11,21],[14,21],[21,21],[0,22],[4,22],[8,22],[12,22],[17,22],[0,23],[4,23],[5,23],[7,23],[15,23],[21,23],[22,23],[0,24],[3,24],[6,24],[10,24],[11,24],[12,24],[16,24],[22,24]]",140,"success","success",21,4,4,0,353,0.2,0.4,0.6
"2026-10-09T04:57:40.608Z","benchmark","benchmark-1791521859669","seeded-high-2718","seeded-high-2718",9,"dstar",25,25,3,2718,0.24,0.224,"4,3","S","18,8","[[7,0],[8,0],[9,0],[22,0],[7,1],[9,1],[19,1],[22,1],[3,2],[13,2],[14,2],[15,2],[17,2],[18,2],[19,2],[21,2],[22,2],[0,3],[1,3],[6,3],[9,3],[10,3],[16,3],[18,3],[22,3],[23,3],[5,4],[3,5],[9,5],[14,5],[16,5],[20,5],[7,6],[8,6],[10,6],[4,7],[7,7],[11,7],[12,7],[16,7],[17,7],[7,8],[14,8],[21,8],[22,8],[24,8],[6,9],[12,9],[14,9],[15,9],[22,9],[7,10],[11,10],[17,10],[20,10],[21,10],[23,10],[0,11],[2,11],[3,11],[5,11],[6,11],[8,11],[15,11],[20,11],[5,12],[6,12],[7,12],[11,12],[12,12],[3,13],[4,13],[7,13],[13,13],[23,13],[2,14],[11,14],[17,14],[18,14],[23,14],[4,15],[6,15],[7,15],[8,15],[9,15],[12,15],[21,15],[7,16],[8,16],[9,16],[18,16],[16,17],[17,17],[20,17],[1,18],[2,18],[5,18],[10,18],[14,18],[17,18],[22,18],[1,19],[7,19],[8,19],[10,19],[19,19],[1,20],[2,20],[5,20],[6,20],[8,20],[11,20],[18,20],[21,20],[2,21],[3,21],[7,21],[11,21],[14,21],[21,21],[0,22],[4,22],[8,22],[12,22],[17,22],[0,23],[4,23],[5,23],[7,23],[15,23],[21,23],[22,23],[0,24],[3,24],[6,24],[10,24],[11,24],[12,24],[16,24],[22,24]]",140,"success","success",21,4,4,0,130,0.8,0.4,1.2
"2026-10-09T04:57:40.612Z","benchmark","benchmark-1791521859669","seeded-high-3141","seeded-high-3141",9,"dstar",25,25,3,3141,0.24,0.2336,"15,6","E","17,24","[[4,0],[13,0],[14,0],[19,0],[24,0],[0,1],[1,1],[2,1],[5,1],[12,1],[14,1],[17,1],[18,1],[19,1],[3,2],[5,2],[13,2],[14,2],[1,3],[5,3],[8,3],[11,3],[13,3],[14,3],[19,3],[20,3],[21,3],[22,3],[24,3],[6,4],[14,4],[19,4],[23,4],[5,5],[9,5],[10,5],[11,5],[12,5],[14,5],[16,5],[17,5],[19,5],[22,5],[1,6],[2,6],[5,6],[7,6],[24,6],[1,7],[9,7],[13,7],[14,7],[18,7],[19,7],[21,7],[6,8],[13,8],[14,8],[17,8],[19,8],[3,9],[5,9],[6,9],[17,9],[19,9],[23,9],[0,10],[10,10],[12,10],[13,10],[0,11],[8,11],[14,11],[16,11],[21,11],[22,11],[3,12],[6,12],[15,12],[24,12],[4,13],[14,13],[19,13],[0,14],[14,14],[17,14],[18,14],[19,14],[20,14],[4,15],[6,15],[8,15],[9,15],[15,16],[17,16],[18,16],[3,17],[7,17],[12,17],[14,17],[16,17],[3,18],[7,18],[10,18],[12,18],[14,18],[16,18],[17,18],[20,18],[22,18],[24,18],[0,19],[1,19],[3,19],[4,19],[13,19],[18,19],[19,19],[5,20],[9,20],[10,20],[11,20],[12,20],[15,20],[17,20],[24,20],[0,21],[8,21],[13,21],[23,21],[3,22],[4,22],[9,22],[11,22],[12,22],[19,22],[21,22],[23,22],[10,23],[19,23],[22,23],[23,23],[2,24],[13,24],[15,24],[19,24]]",146,"success","success",48,20,20,0,217,0.5,2.9,3.4
"2026-10-09T04:57:40.613Z","benchmark","benchmark-1791521859669","seeded-high-3141","seeded-high-3141",9,"astar",25,25,3,3141,0.24,0.2336,"15,6","E","17,24","[[4,0],[13,0],[14,0],[19,0],[24,0],[0,1],[1,1],[2,1],[5,1],[12,1],[14,1],[17,1],[18,1],[19,1],[3,2],[5,2],[13,2],[14,2],[1,3],[5,3],[8,3],[11,3],[13,3],[14,3],[19,3],[20,3],[21,3],[22,3],[24,3],[6,4],[14,4],[19,4],[23,4],[5,5],[9,5],[10,5],[11,5],[12,5],[14,5],[16,5],[17,5],[19,5],[22,5],[1,6],[2,6],[5,6],[7,6],[24,6],[1,7],[9,7],[13,7],[14,7],[18,7],[19,7],[21,7],[6,8],[13,8],[14,8],[17,8],[19,8],[3,9],[5,9],[6,9],[17,9],[19,9],[23,9],[0,10],[10,10],[12,10],[13,10],[0,11],[8,11],[14,11],[16,11],[21,11],[22,11],[3,12],[6,12],[15,12],[24,12],[4,13],[14,13],[19,13],[0,14],[14,14],[17,14],[18,14],[19,14],[20,14],[4,15],[6,15],[8,15],[9,15],[15,16],[17,16],[18,16],[3,17],[7,17],[12,17],[14,17],[16,17],[3,18],[7,18],[10,18],[12,18],[14,18],[16,18],[17,18],[20,18],[22,18],[24,18],[0,19],[1,19],[3,19],[4,19],[13,19],[18,19],[19,19],[5,20],[9,20],[10,20],[11,20],[12,20],[15,20],[17,20],[24,20],[0,21],[8,21],[13,21],[23,21],[3,22],[4,22],[9,22],[11,22],[12,22],[19,22],[21,22],[23,22],[10,23],[19,23],[22,23],[23,23],[2,24],[13,24],[15,24],[19,24]]",146,"success","success",44,21,21,0,553,0.2,0.9,1.1
"2026-10-09T04:57:40.613Z","benchmark","benchmark-1791521859669","seeded-high-4207","seeded-high-4207",9,"astar",25,25,3,4207,0.24,0.2256,"2,7","W","0,21","[[0,0],[7,0],[10,0],[14,0],[20,0],[0,1],[2,1],[5,1],[12,1],[15,1],[17,1],[19,1],[22,1],[6,2],[8,2],[11,2],[16,2],[21,2],[23,2],[24,2],[0,3],[5,3],[9,3],[10,3],[15,3],[21,3],[1,4],[15,4],[17,4],[19,4],[24,4],[2,5],[3,5],[5,5],[7,5],[9,5],[13,5],[21,5],[23,5],[5,6],[6,6],[17,6],[18,6],[23,6],[4,7],[21,7],[12,8],[15,8],[20,8],[21,8],[23,8],[24,8],[4,9],[6,9],[9,9],[11,9],[12,9],[13,9],[14,9],[21,9],[1,10],[2,10],[3,10],[4,10],[12,10],[16,10],[2,11],[4,11],[7,11],[9,11],[11,11],[13,11],[22,11],[0,12],[3,12],[6,12],[10,12],[12,12],[13,12],[18,12],[21,12],[22,12],[23,13],[1,14],[4,14],[12,14],[17,14],[18,14],[20,14],[8,15],[11,15],[24,15],[5,16],[8,16],[11,16],[13,16],[14,16],[4,17],[5,17],[6,17],[12,17],[13,17],[14,17],[24,17],[0,18],[2,18],[4,18],[5,18],[12,18],[16,18],[18,18],[20,18],[24,18],[12,19],[16,19],[4,20],[9,20],[13,20],[18,20],[23,20],[2,21],[8,21],[11,21],[12,21],[14,21],[23,21],[0,22],[5,22],[6,22],[7,22],[9,22],[22,22],[23,22],[4,23],[7,23],[14,23],[16,23],[1,24],[11,24],[14,24],[16,24]]",141,"success","success",20,6,6,0,159,0.2,0.2,0.4
"2026-10-09T04:57:40.614Z","benchmark","benchmark-1791521859669","seeded-high-4207","seeded-high-4207",9,"dstar",25,25,3,4207,0.24,0.2256,"2,7","W","0,21","[[0,0],[7,0],[10,0],[14,0],[20,0],[0,1],[2,1],[5,1],[12,1],[15,1],[17,1],[19,1],[22,1],[6,2],[8,2],[11,2],[16,2],[21,2],[23,2],[24,2],[0,3],[5,3],[9,3],[10,3],[15,3],[21,3],[1,4],[15,4],[17,4],[19,4],[24,4],[2,5],[3,5],[5,5],[7,5],[9,5],[13,5],[21,5],[23,5],[5,6],[6,6],[17,6],[18,6],[23,6],[4,7],[21,7],[12,8],[15,8],[20,8],[21,8],[23,8],[24,8],[4,9],[6,9],[9,9],[11,9],[12,9],[13,9],[14,9],[21,9],[1,10],[2,10],[3,10],[4,10],[12,10],[16,10],[2,11],[4,11],[7,11],[9,11],[11,11],[13,11],[22,11],[0,12],[3,12],[6,12],[10,12],[12,12],[13,12],[18,12],[21,12],[22,12],[23,13],[1,14],[4,14],[12,14],[17,14],[18,14],[20,14],[8,15],[11,15],[24,15],[5,16],[8,16],[11,16],[13,16],[14,16],[4,17],[5,17],[6,17],[12,17],[13,17],[14,17],[24,17],[0,18],[2,18],[4,18],[5,18],[12,18],[16,18],[18,18],[20,18],[24,18],[12,19],[16,19],[4,20],[9,20],[13,20],[18,20],[23,20],[2,21],[8,21],[11,21],[12,21],[14,21],[23,21],[0,22],[5,22],[6,22],[7,22],[9,22],[22,22],[23,22],[4,23],[7,23],[14,23],[16,23],[1,24],[11,24],[14,24],[16,24]]",141,"success","success",20,6,6,0,66,0.4,0.4,0.8
"2026-10-09T04:57:40.615Z","benchmark","benchmark-1791521859669","seeded-high-5629","seeded-high-5629",9,"dstar",25,25,3,5629,0.24,0.232,"6,24","E","11,20","[[3,0],[6,0],[12,0],[14,0],[16,0],[24,0],[14,1],[18,1],[20,1],[22,1],[23,1],[11,2],[12,2],[14,2],[21,2],[22,2],[23,2],[24,2],[0,3],[1,3],[6,3],[11,3],[12,3],[13,3],[20,3],[21,3],[22,3],[23,3],[24,3],[0,4],[1,4],[7,4],[8,4],[11,4],[15,4],[18,4],[22,4],[1,5],[18,5],[19,5],[20,5],[14,6],[2,7],[5,7],[15,7],[17,7],[19,7],[21,7],[24,7],[1,8],[5,8],[8,8],[11,8],[14,8],[22,8],[23,8],[0,9],[5,9],[10,9],[11,9],[12,9],[20,9],[22,9],[2,10],[3,10],[4,10],[17,10],[21,10],[22,10],[24,10],[0,11],[5,11],[6,11],[7,11],[12,11],[14,11],[16,11],[20,11],[2,12],[3,12],[6,12],[11,12],[13,13],[18,13],[3,14],[4,14],[7,14],[9,14],[11,14],[15,14],[21,14],[3,15],[11,15],[14,15],[15,15],[18,15],[19,15],[23,15],[1,16],[13,16],[15,16],[2,17],[3,17],[4,17],[9,17],[13,17],[14,17],[17,17],[22,17],[23,17],[5,18],[12,18],[17,18],[20,18],[6,19],[19,19],[4,20],[6,20],[7,20],[19,20],[22,20],[23,20],[8,21],[14,21],[15,21],[16,21],[17,21],[10,22],[14,22],[17,22],[19,22],[3,23],[4,23],[11,23],[12,23],[17,23],[24,23],[7,24],[9,24],[11,24],[12,24],[14,24],[15,24],[22,24],[24,24]]",145,"success","success",11,4,5,0,43,0.2,0.2,0.4
"2026-10-09T04:57:40.615Z","benchmark","benchmark-1791521859669","seeded-high-5629","seeded-high-5629",9,"astar",25,25,3,5629,0.24,0.232,"6,24","E","11,20","[[3,0],[6,0],[12,0],[14,0],[16,0],[24,0],[14,1],[18,1],[20,1],[22,1],[23,1],[11,2],[12,2],[14,2],[21,2],[22,2],[23,2],[24,2],[0,3],[1,3],[6,3],[11,3],[12,3],[13,3],[20,3],[21,3],[22,3],[23,3],[24,3],[0,4],[1,4],[7,4],[8,4],[11,4],[15,4],[18,4],[22,4],[1,5],[18,5],[19,5],[20,5],[14,6],[2,7],[5,7],[15,7],[17,7],[19,7],[21,7],[24,7],[1,8],[5,8],[8,8],[11,8],[14,8],[22,8],[23,8],[0,9],[5,9],[10,9],[11,9],[12,9],[20,9],[22,9],[2,10],[3,10],[4,10],[17,10],[21,10],[22,10],[24,10],[0,11],[5,11],[6,11],[7,11],[12,11],[14,11],[16,11],[20,11],[2,12],[3,12],[6,12],[11,12],[13,13],[18,13],[3,14],[4,14],[7,14],[9,14],[11,14],[15,14],[21,14],[3,15],[11,15],[14,15],[15,15],[18,15],[19,15],[23,15],[1,16],[13,16],[15,16],[2,17],[3,17],[4,17],[9,17],[13,17],[14,17],[17,17],[22,17],[23,17],[5,18],[12,18],[17,18],[20,18],[6,19],[19,19],[4,20],[6,20],[7,20],[19,20],[22,20],[23,20],[8,21],[14,21],[15,21],[16,21],[17,21],[10,22],[14,22],[17,22],[19,22],[3,23],[4,23],[11,23],[12,23],[17,23],[24,23],[7,24],[9,24],[11,24],[12,24],[14,24],[15,24],[22,24],[24,24]]",145,"success","success",11,4,5,0,73,0,0.1,0.1
"2026-10-09T04:57:40.615Z","benchmark","benchmark-1791521859669","seeded-high-7001","seeded-high-7001",9,"astar",25,25,3,7001,0.24,0.2752,"10,16","E","22,19","[[1,0],[9,0],[13,0],[14,0],[20,0],[22,0],[2,1],[8,1],[12,1],[15,1],[0,2],[4,2],[13,2],[14,2],[18,2],[23,2],[24,2],[2,3],[4,3],[6,3],[8,3],[12,3],[14,3],[16,3],[17,3],[18,3],[1,4],[4,4],[6,4],[7,4],[8,4],[10,4],[16,4],[20,4],[23,4],[7,5],[11,5],[13,5],[15,5],[18,5],[20,5],[1,6],[2,6],[9,6],[15,6],[16,6],[17,6],[18,6],[0,7],[1,7],[2,7],[4,7],[8,7],[18,7],[23,7],[0,8],[1,8],[2,8],[3,8],[5,8],[10,8],[12,8],[18,8],[19,8],[23,8],[4,9],[6,9],[11,9],[12,9],[13,9],[18,9],[21,9],[24,9],[0,10],[4,10],[5,10],[11,10],[14,10],[18,10],[1,11],[2,11],[6,11],[7,11],[13,11],[18,11],[20,11],[21,11],[23,11],[4,12],[5,12],[9,12],[16,12],[1,13],[3,13],[10,13],[15,13],[16,13],[17,13],[18,13],[20,13],[0,14],[4,14],[8,14],[9,14],[13,14],[15,14],[16,14],[17,14],[20,14],[5,15],[10,15],[15,15],[19,15],[21,15],[4,16],[5,16],[7,16],[13,16],[15,16],[16,16],[17,16],[21,16],[22,16],[23,16],[23,17],[24,17],[2,18],[10,18],[13,18],[15,18],[16,18],[18,18],[20,18],[3,19],[5,19],[7,19],[10,19],[24,19],[3,20],[7,20],[9,20],[10,20],[11,20],[23,20],[24,20],[1,21],[6,21],[7,21],[10,21],[15,21],[19,21],[23,21],[2,22],[8,22],[9,22],[10,22],[11,22],[12,22],[14,22],[18,22],[21,22],[8,23],[11,23],[12,23],[19,23],[5,24],[11,24],[12,24],[13,24],[15,24],[22,24],[24,24]]",172,"success","success",15,1,2,0,49,0.1,0,0.1
"2026-10-09T04:57:40.616Z","benchmark","benchmark-1791521859669","seeded-high-7001","seeded-high-7001",9,"dstar",25,25,3,7001,0.24,0.2752,"10,16","E","22,19","[[1,0],[9,0],[13,0],[14,0],[20,0],[22,0],[2,1],[8,1],[12,1],[15,1],[0,2],[4,2],[13,2],[14,2],[18,2],[23,2],[24,2],[2,3],[4,3],[6,3],[8,3],[12,3],[14,3],[16,3],[17,3],[18,3],[1,4],[4,4],[6,4],[7,4],[8,4],[10,4],[16,4],[20,4],[23,4],[7,5],[11,5],[13,5],[15,5],[18,5],[20,5],[1,6],[2,6],[9,6],[15,6],[16,6],[17,6],[18,6],[0,7],[1,7],[2,7],[4,7],[8,7],[18,7],[23,7],[0,8],[1,8],[2,8],[3,8],[5,8],[10,8],[12,8],[18,8],[19,8],[23,8],[4,9],[6,9],[11,9],[12,9],[13,9],[18,9],[21,9],[24,9],[0,10],[4,10],[5,10],[11,10],[14,10],[18,10],[1,11],[2,11],[6,11],[7,11],[13,11],[18,11],[20,11],[21,11],[23,11],[4,12],[5,12],[9,12],[16,12],[1,13],[3,13],[10,13],[15,13],[16,13],[17,13],[18,13],[20,13],[0,14],[4,14],[8,14],[9,14],[13,14],[15,14],[16,14],[17,14],[20,14],[5,15],[10,15],[15,15],[19,15],[21,15],[4,16],[5,16],[7,16],[13,16],[15,16],[16,16],[17,16],[21,16],[22,16],[23,16],[23,17],[24,17],[2,18],[10,18],[13,18],[15,18],[16,18],[18,18],[20,18],[3,19],[5,19],[7,19],[10,19],[24,19],[3,20],[7,20],[9,20],[10,20],[11,20],[23,20],[24,20],[1,21],[6,21],[7,21],[10,21],[15,21],[19,21],[23,21],[2,22],[8,22],[9,22],[10,22],[11,22],[12,22],[14,22],[18,22],[21,22],[8,23],[11,23],[12,23],[19,23],[5,24],[11,24],[12,24],[13,24],[15,24],[22,24],[24,24]]",172,"success","success",15,1,2,0,51,0.5,0,0.5
"2026-10-09T04:57:40.617Z","benchmark","benchmark-1791521859669","open","open",10,"astar",25,25,3,"","",0,"1,22","E","23,2","[]",0,"success","success",42,0,0,0,482,1.4,0,1.4
"2026-10-09T04:57:40.623Z","benchmark","benchmark-1791521859669","open","open",10,"dstar",25,25,3,"","",0,"1,22","E","23,2","[]",0,"success","success",42,0,0,0,483,5.8,0,5.8
"2026-10-09T04:57:40.624Z","benchmark","benchmark-1791521859669","blocker","blocker",10,"dstar",25,25,3,"","",0.0016,"1,12","E","23,12","[[12,12]]",1,"success","success",24,1,1,0,62,0.3,0.4,0.7
"2026-10-09T04:57:40.624Z","benchmark","benchmark-1791521859669","blocker","blocker",10,"astar",25,25,3,"","",0.0016,"1,12","E","23,12","[[12,12]]",1,"success","success",24,1,1,0,66,0,0.1,0.1
"2026-10-09T04:57:40.628Z","benchmark","benchmark-1791521859669","detour","detour",10,"astar",25,25,3,"","",0.0384,"1,12","E","23,12","[[12,0],[12,1],[12,2],[12,3],[12,4],[12,6],[12,7],[12,8],[12,9],[12,10],[12,11],[12,12],[12,13],[12,14],[12,15],[12,16],[12,17],[12,18],[12,19],[12,20],[12,21],[12,22],[12,23],[12,24]]",24,"success","success",62,19,19,0,1726,0.1,3.5,3.6
"2026-10-09T04:57:40.630Z","benchmark","benchmark-1791521859669","detour","detour",10,"dstar",25,25,3,"","",0.0384,"1,12","E","23,12","[[12,0],[12,1],[12,2],[12,3],[12,4],[12,6],[12,7],[12,8],[12,9],[12,10],[12,11],[12,12],[12,13],[12,14],[12,15],[12,16],[12,17],[12,18],[12,19],[12,20],[12,21],[12,22],[12,23],[12,24]]",24,"success","success",36,7,7,0,200,0.2,2.1,2.3
"2026-10-09T04:57:40.638Z","benchmark","benchmark-1791521859669","corridor","corridor",10,"dstar",25,25,3,"","",0.0768,"1,20","E","23,5","[[8,0],[17,0],[8,1],[17,1],[8,2],[17,2],[8,3],[17,3],[8,4],[17,4],[8,5],[8,6],[17,6],[8,7],[17,7],[8,8],[17,8],[8,9],[17,9],[8,10],[17,10],[8,11],[17,11],[8,12],[17,12],[8,13],[17,13],[8,14],[17,14],[8,15],[17,15],[8,16],[17,16],[8,17],[17,17],[8,18],[17,18],[8,19],[17,19],[17,20],[8,21],[17,21],[8,22],[17,22],[8,23],[17,23],[8,24],[17,24]]",48,"success","success",77,20,20,0,596,3.7,4.6,8.3
"2026-10-09T04:57:40.645Z","benchmark","benchmark-1791521859669","corridor","corridor",10,"astar",25,25,3,"","",0.0768,"1,20","E","23,5","[[8,0],[17,0],[8,1],[17,1],[8,2],[17,2],[8,3],[17,3],[8,4],[17,4],[8,5],[8,6],[17,6],[8,7],[17,7],[8,8],[17,8],[8,9],[17,9],[8,10],[17,10],[8,11],[17,11],[8,12],[17,12],[8,13],[17,13],[8,14],[17,14],[8,15],[17,15],[8,16],[17,16],[8,17],[17,17],[8,18],[17,18],[8,19],[17,19],[17,20],[8,21],[17,21],[8,22],[17,22],[8,23],[17,23],[8,24],[17,24]]",48,"success","success",69,16,16,0,2751,1.4,5.4,6.8
"2026-10-09T04:57:40.665Z","benchmark","benchmark-1791521859669","maze","maze",10,"astar",25,25,3,"","",0.192,"1,23","E","23,1","[[3,0],[7,0],[11,0],[15,0],[19,0],[7,1],[15,1],[3,2],[7,2],[11,2],[15,2],[19,2],[3,3],[7,3],[11,3],[15,3],[19,3],[3,4],[7,4],[11,4],[15,4],[19,4],[3,5],[7,5],[11,5],[15,5],[19,5],[3,6],[7,6],[11,6],[15,6],[19,6],[3,7],[7,7],[11,7],[15,7],[19,7],[3,8],[7,8],[11,8],[15,8],[19,8],[3,9],[7,9],[11,9],[15,9],[19,9],[3,10],[7,10],[11,10],[15,10],[19,10],[3,11],[7,11],[11,11],[15,11],[19,11],[3,12],[7,12],[11,12],[15,12],[19,12],[3,13],[7,13],[11,13],[15,13],[19,13],[3,14],[7,14],[11,14],[15,14],[19,14],[3,15],[7,15],[11,15],[15,15],[19,15],[3,16],[7,16],[11,16],[15,16],[19,16],[3,17],[7,17],[11,17],[15,17],[19,17],[3,18],[7,18],[11,18],[15,18],[19,18],[3,19],[7,19],[11,19],[15,19],[19,19],[3,20],[7,20],[11,20],[15,20],[19,20],[3,21],[7,21],[11,21],[15,21],[19,21],[3,22],[7,22],[11,22],[15,22],[19,22],[3,23],[11,23],[19,23],[3,24],[7,24],[11,24],[15,24],[19,24]]",120,"success","success",136,46,47,0,8303,1.4,18.4,19.8
"2026-10-09T04:57:40.676Z","benchmark","benchmark-1791521859669","maze","maze",10,"dstar",25,25,3,"","",0.192,"1,23","E","23,1","[[3,0],[7,0],[11,0],[15,0],[19,0],[7,1],[15,1],[3,2],[7,2],[11,2],[15,2],[19,2],[3,3],[7,3],[11,3],[15,3],[19,3],[3,4],[7,4],[11,4],[15,4],[19,4],[3,5],[7,5],[11,5],[15,5],[19,5],[3,6],[7,6],[11,6],[15,6],[19,6],[3,7],[7,7],[11,7],[15,7],[19,7],[3,8],[7,8],[11,8],[15,8],[19,8],[3,9],[7,9],[11,9],[15,9],[19,9],[3,10],[7,10],[11,10],[15,10],[19,10],[3,11],[7,11],[11,11],[15,11],[19,11],[3,12],[7,12],[11,12],[15,12],[19,12],[3,13],[7,13],[11,13],[15,13],[19,13],[3,14],[7,14],[11,14],[15,14],[19,14],[3,15],[7,15],[11,15],[15,15],[19,15],[3,16],[7,16],[11,16],[15,16],[19,16],[3,17],[7,17],[11,17],[15,17],[19,17],[3,18],[7,18],[11,18],[15,18],[19,18],[3,19],[7,19],[11,19],[15,19],[19,19],[3,20],[7,20],[11,20],[15,20],[19,20],[3,21],[7,21],[11,21],[15,21],[19,21],[3,22],[7,22],[11,22],[15,22],[19,22],[3,23],[11,23],[19,23],[3,24],[7,24],[11,24],[15,24],[19,24]]",120,"success","success",136,46,47,0,812,5.1,5.2,10.3
"2026-10-09T04:57:40.683Z","benchmark","benchmark-1791521859669","no-route","no-route",10,"dstar",25,25,3,"","",0.04,"1,12","E","23,12","[[12,0],[12,1],[12,2],[12,3],[12,4],[12,5],[12,6],[12,7],[12,8],[12,9],[12,10],[12,11],[12,12],[12,13],[12,14],[12,15],[12,16],[12,17],[12,18],[12,19],[12,20],[12,21],[12,22],[12,23],[12,24]]",25,"no_route","no_route",46,25,25,0,572,0.3,7.2,7.5
"2026-10-09T04:57:40.689Z","benchmark","benchmark-1791521859669","no-route","no-route",10,"astar",25,25,3,"","",0.04,"1,12","E","23,12","[[12,0],[12,1],[12,2],[12,3],[12,4],[12,5],[12,6],[12,7],[12,8],[12,9],[12,10],[12,11],[12,12],[12,13],[12,14],[12,15],[12,16],[12,17],[12,18],[12,19],[12,20],[12,21],[12,22],[12,23],[12,24]]",25,"no_route","no_route",48,25,25,0,2741,0,5.1,5.1
"2026-10-09T04:57:40.689Z","benchmark","benchmark-1791521859669","seeded-low-1701","seeded-low-1701",10,"astar",25,25,3,1701,0.08,0.0832,"10,16","E","22,19","[[16,0],[9,1],[12,1],[17,2],[18,2],[5,4],[14,5],[12,6],[17,6],[21,6],[5,7],[16,7],[18,7],[1,8],[19,8],[20,8],[0,9],[0,12],[9,12],[13,12],[15,12],[17,13],[23,13],[5,14],[10,14],[20,14],[17,15],[18,15],[22,15],[2,16],[7,16],[8,16],[13,16],[4,17],[7,17],[14,17],[15,17],[8,19],[11,21],[12,21],[16,21],[20,21],[6,22],[12,22],[19,22],[3,23],[6,23],[15,23],[0,24],[9,24],[14,24],[19,24]]",52,"success","success",15,1,2,0,64,0.1,0.1,0.2
"2026-10-09T04:57:40.689Z","benchmark","benchmark-1791521859669","seeded-low-1701","seeded-low-1701",10,"dstar",25,25,3,1701,0.08,0.0832,"10,16","E","22,19","[[16,0],[9,1],[12,1],[17,2],[18,2],[5,4],[14,5],[12,6],[17,6],[21,6],[5,7],[16,7],[18,7],[1,8],[19,8],[20,8],[0,9],[0,12],[9,12],[13,12],[15,12],[17,13],[23,13],[5,14],[10,14],[20,14],[17,15],[18,15],[22,15],[2,16],[7,16],[8,16],[13,16],[4,17],[7,17],[14,17],[15,17],[8,19],[11,21],[12,21],[16,21],[20,21],[6,22],[12,22],[19,22],[3,23],[6,23],[15,23],[0,24],[9,24],[14,24],[19,24]]",52,"success","success",15,1,2,0,52,0.5,0,0.5
"2026-10-09T04:57:40.690Z","benchmark","benchmark-1791521859669","seeded-low-2718","seeded-low-2718",10,"dstar",25,25,3,2718,0.08,0.0736,"4,3","S","18,8","[[7,1],[22,1],[15,2],[19,2],[22,2],[0,3],[1,3],[18,3],[22,3],[9,5],[20,5],[12,7],[14,8],[21,8],[22,8],[24,8],[12,9],[22,9],[7,10],[21,10],[8,11],[20,11],[5,12],[6,12],[12,12],[13,13],[23,13],[18,14],[23,14],[8,15],[12,15],[9,16],[16,17],[17,17],[20,17],[1,18],[1,19],[10,19],[1,20],[2,20],[8,20],[7,21],[21,21],[0,24],[3,24],[6,24]]",46,"success","success",19,1,1,0,91,0.7,0,0.7
"2026-10-09T04:57:40.690Z","benchmark","benchmark-1791521859669","seeded-low-2718","seeded-low-2718",10,"astar",25,25,3,2718,0.08,0.0736,"4,3","S","18,8","[[7,1],[22,1],[15,2],[19,2],[22,2],[0,3],[1,3],[18,3],[22,3],[9,5],[20,5],[12,7],[14,8],[21,8],[22,8],[24,8],[12,9],[22,9],[7,10],[21,10],[8,11],[20,11],[5,12],[6,12],[12,12],[13,13],[23,13],[18,14],[23,14],[8,15],[12,15],[9,16],[16,17],[17,17],[20,17],[1,18],[1,19],[10,19],[1,20],[2,20],[8,20],[7,21],[21,21],[0,24],[3,24],[6,24]]",46,"success","success",19,1,1,0,111,0.2,0.1,0.3
"2026-10-09T04:57:40.691Z","benchmark","benchmark-1791521859669","seeded-low-3141","seeded-low-3141",10,"astar",25,25,3,3141,0.08,0.088,"15,6","E","17,24","[[13,0],[14,0],[19,0],[17,1],[3,2],[14,2],[8,3],[11,3],[19,3],[21,3],[24,3],[14,4],[19,4],[5,5],[9,5],[12,5],[17,5],[19,5],[22,5],[2,6],[9,7],[13,7],[14,7],[18,7],[13,8],[14,8],[3,9],[6,9],[8,11],[21,11],[22,11],[3,12],[24,12],[14,13],[19,14],[20,14],[4,15],[15,16],[18,16],[7,18],[16,18],[20,18],[22,18],[0,19],[3,19],[10,20],[12,20],[24,20],[13,21],[12,22],[23,22],[10,23],[19,23],[22,23],[2,24]]",55,"success","success",20,0,0,0,56,0.1,0,0.1
"2026-10-09T04:57:40.691Z","benchmark","benchmark-1791521859669","seeded-low-3141","seeded-low-3141",10,"dstar",25,25,3,3141,0.08,0.088,"15,6","E","17,24","[[13,0],[14,0],[19,0],[17,1],[3,2],[14,2],[8,3],[11,3],[19,3],[21,3],[24,3],[14,4],[19,4],[5,5],[9,5],[12,5],[17,5],[19,5],[22,5],[2,6],[9,7],[13,7],[14,7],[18,7],[13,8],[14,8],[3,9],[6,9],[8,11],[21,11],[22,11],[3,12],[24,12],[14,13],[19,14],[20,14],[4,15],[15,16],[18,16],[7,18],[16,18],[20,18],[22,18],[0,19],[3,19],[10,20],[12,20],[24,20],[13,21],[12,22],[23,22],[10,23],[19,23],[22,23],[2,24]]",55,"success","success",20,0,0,0,57,0.6,0,0.6
"2026-10-09T04:57:40.692Z","benchmark","benchmark-1791521859669","seeded-low-4207","seeded-low-4207",10,"dstar",25,25,3,4207,0.08,0.0768,"2,7","W","0,21","[[7,0],[14,0],[5,1],[12,1],[17,1],[11,2],[21,2],[24,2],[0,3],[5,3],[10,3],[15,3],[1,4],[15,4],[19,4],[23,5],[4,7],[21,7],[4,9],[9,9],[12,9],[21,9],[12,10],[7,11],[22,11],[10,12],[18,12],[17,14],[8,15],[11,15],[11,16],[4,17],[12,17],[14,17],[0,18],[2,18],[4,18],[5,18],[18,18],[20,18],[24,18],[13,20],[8,21],[11,21],[14,21],[5,22],[7,23],[11,24]]",48,"success","success",16,1,1,0,46,0.3,0.1,0.4
"2026-10-09T04:57:40.692Z","benchmark","benchmark-1791521859669","seeded-low-4207","seeded-low-4207",10,"astar",25,25,3,4207,0.08,0.0768,"2,7","W","0,21","[[7,0],[14,0],[5,1],[12,1],[17,1],[11,2],[21,2],[24,2],[0,3],[5,3],[10,3],[15,3],[1,4],[15,4],[19,4],[23,5],[4,7],[21,7],[4,9],[9,9],[12,9],[21,9],[12,10],[7,11],[22,11],[10,12],[18,12],[17,14],[8,15],[11,15],[11,16],[4,17],[12,17],[14,17],[0,18],[2,18],[4,18],[5,18],[18,18],[20,18],[24,18],[13,20],[8,21],[11,21],[14,21],[5,22],[7,23],[11,24]]",48,"success","success",16,1,1,0,60,0.2,0,0.2
"2026-10-09T04:57:40.692Z","benchmark","benchmark-1791521859669","seeded-low-5629","seeded-low-5629",10,"astar",25,25,3,5629,0.08,0.0864,"6,24","E","11,20","[[12,2],[14,2],[23,2],[1,3],[12,3],[21,3],[23,3],[1,4],[8,4],[15,4],[18,4],[14,6],[5,7],[17,7],[1,8],[0,9],[5,9],[10,9],[11,9],[12,9],[20,9],[2,10],[4,10],[21,10],[0,11],[7,11],[16,11],[20,11],[6,12],[11,12],[13,13],[7,14],[9,14],[11,14],[21,14],[23,15],[1,16],[15,16],[14,17],[17,17],[12,18],[17,18],[20,18],[6,20],[15,21],[16,21],[10,22],[17,22],[19,22],[3,23],[12,23],[7,24],[11,24],[14,24]]",54,"success","success",9,1,2,0,46,0,0.1,0.1
"2026-10-09T04:57:40.692Z","benchmark","benchmark-1791521859669","seeded-low-5629","seeded-low-5629",10,"dstar",25,25,3,5629,0.08,0.0864,"6,24","E","11,20","[[12,2],[14,2],[23,2],[1,3],[12,3],[21,3],[23,3],[1,4],[8,4],[15,4],[18,4],[14,6],[5,7],[17,7],[1,8],[0,9],[5,9],[10,9],[11,9],[12,9],[20,9],[2,10],[4,10],[21,10],[0,11],[7,11],[16,11],[20,11],[6,12],[11,12],[13,13],[7,14],[9,14],[11,14],[21,14],[23,15],[1,16],[15,16],[14,17],[17,17],[12,18],[17,18],[20,18],[6,20],[15,21],[16,21],[10,22],[17,22],[19,22],[3,23],[12,23],[7,24],[11,24],[14,24]]",54,"success","success",9,1,2,0,30,0.3,0,0.3
"2026-10-09T04:57:40.693Z","benchmark","benchmark-1791521859669","seeded-low-7001","seeded-low-7001",10,"dstar",25,25,3,7001,0.08,0.1008,"10,16","E","22,19","[[1,0],[9,0],[8,1],[12,1],[0,2],[13,2],[14,2],[23,2],[24,2],[4,3],[8,3],[17,3],[16,4],[7,5],[11,5],[18,5],[1,6],[15,6],[18,6],[0,7],[8,7],[1,8],[5,8],[18,8],[19,8],[23,8],[4,9],[11,9],[0,10],[5,10],[11,10],[6,11],[13,11],[4,12],[16,12],[1,13],[18,13],[20,13],[4,14],[9,14],[13,14],[10,15],[5,16],[7,16],[15,16],[16,16],[24,17],[16,18],[18,18],[20,18],[7,20],[11,20],[23,20],[24,20],[1,21],[15,21],[9,22],[14,22],[18,22],[8,23],[19,23],[5,24],[11,24]]",63,"success","success",15,2,2,0,53,0.5,0,0.5
"2026-10-09T04:57:40.693Z","benchmark","benchmark-1791521859669","seeded-low-7001","seeded-low-7001",10,"astar",25,25,3,7001,0.08,0.1008,"10,16","E","22,19","[[1,0],[9,0],[8,1],[12,1],[0,2],[13,2],[14,2],[23,2],[24,2],[4,3],[8,3],[17,3],[16,4],[7,5],[11,5],[18,5],[1,6],[15,6],[18,6],[0,7],[8,7],[1,8],[5,8],[18,8],[19,8],[23,8],[4,9],[11,9],[0,10],[5,10],[11,10],[6,11],[13,11],[4,12],[16,12],[1,13],[18,13],[20,13],[4,14],[9,14],[13,14],[10,15],[5,16],[7,16],[15,16],[16,16],[24,17],[16,18],[18,18],[20,18],[7,20],[11,20],[23,20],[24,20],[1,21],[15,21],[9,22],[14,22],[18,22],[8,23],[19,23],[5,24],[11,24]]",63,"success","success",15,2,2,0,91,0.1,0,0.1
"2026-10-09T04:57:40.693Z","benchmark","benchmark-1791521859669","seeded-medium-1701","seeded-medium-1701",10,"astar",25,25,3,1701,0.16,0.1856,"10,16","E","22,19","[[4,0],[6,0],[12,0],[16,0],[19,0],[24,0],[9,1],[10,1],[12,1],[4,2],[8,2],[15,2],[17,2],[18,2],[0,3],[18,3],[5,4],[10,4],[11,4],[22,4],[14,5],[18,5],[7,6],[12,6],[17,6],[18,6],[20,6],[21,6],[5,7],[10,7],[16,7],[18,7],[0,8],[1,8],[2,8],[13,8],[19,8],[20,8],[0,9],[5,9],[8,9],[13,9],[17,9],[7,10],[8,10],[10,10],[20,10],[3,11],[16,11],[22,11],[0,12],[6,12],[9,12],[13,12],[15,12],[16,12],[7,13],[12,13],[17,13],[19,13],[23,13],[0,14],[5,14],[10,14],[20,14],[1,15],[2,15],[17,15],[18,15],[22,15],[23,15],[2,16],[3,16],[7,16],[8,16],[13,16],[0,17],[4,17],[7,17],[14,17],[15,17],[9,18],[10,18],[14,18],[21,18],[22,18],[8,19],[11,19],[20,19],[12,20],[0,21],[3,21],[9,21],[11,21],[12,21],[16,21],[20,21],[22,21],[6,22],[12,22],[15,22],[16,22],[19,22],[21,22],[3,23],[6,23],[7,23],[8,23],[9,23],[12,23],[15,23],[19,23],[0,24],[9,24],[14,24],[19,24]]",116,"success","success",21,5,6,0,112,0.1,0.3,0.4
"2026-10-09T04:57:40.694Z","benchmark","benchmark-1791521859669","seeded-medium-1701","seeded-medium-1701",10,"dstar",25,25,3,1701,0.16,0.1856,"10,16","E","22,19","[[4,0],[6,0],[12,0],[16,0],[19,0],[24,0],[9,1],[10,1],[12,1],[4,2],[8,2],[15,2],[17,2],[18,2],[0,3],[18,3],[5,4],[10,4],[11,4],[22,4],[14,5],[18,5],[7,6],[12,6],[17,6],[18,6],[20,6],[21,6],[5,7],[10,7],[16,7],[18,7],[0,8],[1,8],[2,8],[13,8],[19,8],[20,8],[0,9],[5,9],[8,9],[13,9],[17,9],[7,10],[8,10],[10,10],[20,10],[3,11],[16,11],[22,11],[0,12],[6,12],[9,12],[13,12],[15,12],[16,12],[7,13],[12,13],[17,13],[19,13],[23,13],[0,14],[5,14],[10,14],[20,14],[1,15],[2,15],[17,15],[18,15],[22,15],[23,15],[2,16],[3,16],[7,16],[8,16],[13,16],[0,17],[4,17],[7,17],[14,17],[15,17],[9,18],[10,18],[14,18],[21,18],[22,18],[8,19],[11,19],[20,19],[12,20],[0,21],[3,21],[9,21],[11,21],[12,21],[16,21],[20,21],[22,21],[6,22],[12,22],[15,22],[16,22],[19,22],[21,22],[3,23],[6,23],[7,23],[8,23],[9,23],[12,23],[15,23],[19,23],[0,24],[9,24],[14,24],[19,24]]",116,"success","success",21,6,7,0,83,0.5,0.5,1
"2026-10-09T04:57:40.695Z","benchmark","benchmark-1791521859669","seeded-medium-2718","seeded-medium-2718",10,"dstar",25,25,3,2718,0.16,0.1504,"4,3","S","18,8","[[7,0],[9,0],[7,1],[9,1],[22,1],[14,2],[15,2],[17,2],[18,2],[19,2],[22,2],[0,3],[1,3],[6,3],[9,3],[10,3],[16,3],[18,3],[22,3],[3,5],[9,5],[14,5],[16,5],[20,5],[11,7],[12,7],[16,7],[17,7],[7,8],[14,8],[21,8],[22,8],[24,8],[12,9],[14,9],[15,9],[22,9],[7,10],[20,10],[21,10],[5,11],[8,11],[15,11],[20,11],[5,12],[6,12],[11,12],[12,12],[4,13],[13,13],[23,13],[18,14],[23,14],[6,15],[8,15],[9,15],[12,15],[21,15],[8,16],[9,16],[16,17],[17,17],[20,17],[1,18],[10,18],[1,19],[7,19],[8,19],[10,19],[19,19],[1,20],[2,20],[8,20],[11,20],[18,20],[21,20],[7,21],[11,21],[14,21],[21,21],[0,22],[4,22],[12,22],[17,22],[0,23],[4,23],[7,23],[22,23],[0,24],[3,24],[6,24],[10,24],[11,24],[22,24]]",94,"success","success",19,1,1,0,91,0.7,0.1,0.8
"2026-10-09T04:57:40.696Z","benchmark","benchmark-1791521859669","seeded-medium-2718","seeded-medium-2718",10,"astar",25,25,3,2718,0.16,0.1504,"4,3","S","18,8","[[7,0],[9,0],[7,1],[9,1],[22,1],[14,2],[15,2],[17,2],[18,2],[19,2],[22,2],[0,3],[1,3],[6,3],[9,3],[10,3],[16,3],[18,3],[22,3],[3,5],[9,5],[14,5],[16,5],[20,5],[11,7],[12,7],[16,7],[17,7],[7,8],[14,8],[21,8],[22,8],[24,8],[12,9],[14,9],[15,9],[22,9],[7,10],[20,10],[21,10],[5,11],[8,11],[15,11],[20,11],[5,12],[6,12],[11,12],[12,12],[4,13],[13,13],[23,13],[18,14],[23,14],[6,15],[8,15],[9,15],[12,15],[21,15],[8,16],[9,16],[16,17],[17,17],[20,17],[1,18],[10,18],[1,19],[7,19],[8,19],[10,19],[19,19],[1,20],[2,20],[8,20],[11,20],[18,20],[21,20],[7,21],[11,21],[14,21],[21,21],[0,22],[4,22],[12,22],[17,22],[0,23],[4,23],[7,23],[22,23],[0,24],[3,24],[6,24],[10,24],[11,24],[22,24]]",94,"success","success",19,1,1,0,165,0.3,0,0.3
"2026-10-09T04:57:40.696Z","benchmark","benchmark-1791521859669","seeded-medium-3141","seeded-medium-3141",10,"astar",25,25,3,3141,0.16,0.1552,"15,6","E","17,24","[[4,0],[13,0],[14,0],[19,0],[0,1],[1,1],[2,1],[12,1],[17,1],[3,2],[5,2],[14,2],[5,3],[8,3],[11,3],[13,3],[14,3],[19,3],[20,3],[21,3],[22,3],[24,3],[6,4],[14,4],[19,4],[5,5],[9,5],[12,5],[14,5],[17,5],[19,5],[22,5],[2,6],[24,6],[9,7],[13,7],[14,7],[18,7],[19,7],[6,8],[13,8],[14,8],[17,8],[19,8],[3,9],[5,9],[6,9],[17,9],[19,9],[23,9],[10,10],[12,10],[13,10],[0,11],[8,11],[14,11],[21,11],[22,11],[3,12],[6,12],[24,12],[14,13],[0,14],[18,14],[19,14],[20,14],[4,15],[6,15],[15,16],[18,16],[12,17],[14,17],[7,18],[16,18],[17,18],[20,18],[22,18],[0,19],[3,19],[4,19],[10,20],[11,20],[12,20],[15,20],[24,20],[0,21],[8,21],[13,21],[12,22],[19,22],[23,22],[10,23],[19,23],[22,23],[2,24],[13,24],[19,24]]",97,"success","success",24,5,5,0,241,0.1,0.4,0.5
"2026-10-09T04:57:40.698Z","benchmark","benchmark-1791521859669","seeded-medium-3141","seeded-medium-3141",10,"dstar",25,25,3,3141,0.16,0.1552,"15,6","E","17,24","[[4,0],[13,0],[14,0],[19,0],[0,1],[1,1],[2,1],[12,1],[17,1],[3,2],[5,2],[14,2],[5,3],[8,3],[11,3],[13,3],[14,3],[19,3],[20,3],[21,3],[22,3],[24,3],[6,4],[14,4],[19,4],[5,5],[9,5],[12,5],[14,5],[17,5],[19,5],[22,5],[2,6],[24,6],[9,7],[13,7],[14,7],[18,7],[19,7],[6,8],[13,8],[14,8],[17,8],[19,8],[3,9],[5,9],[6,9],[17,9],[19,9],[23,9],[10,10],[12,10],[13,10],[0,11],[8,11],[14,11],[21,11],[22,11],[3,12],[6,12],[24,12],[14,13],[0,14],[18,14],[19,14],[20,14],[4,15],[6,15],[15,16],[18,16],[12,17],[14,17],[7,18],[16,18],[17,18],[20,18],[22,18],[0,19],[3,19],[4,19],[10,20],[11,20],[12,20],[15,20],[24,20],[0,21],[8,21],[13,21],[12,22],[19,22],[23,22],[10,23],[19,23],[22,23],[2,24],[13,24],[19,24]]",97,"success","success",30,9,9,0,140,0.7,1.6,2.3
"2026-10-09T04:57:40.699Z","benchmark","benchmark-1791521859669","seeded-medium-4207","seeded-medium-4207",10,"dstar",25,25,3,4207,0.16,0.1584,"2,7","W","0,21","[[0,0],[7,0],[14,0],[20,0],[5,1],[12,1],[15,1],[17,1],[6,2],[8,2],[11,2],[16,2],[21,2],[23,2],[24,2],[0,3],[5,3],[10,3],[15,3],[1,4],[15,4],[17,4],[19,4],[24,4],[2,5],[3,5],[5,5],[7,5],[13,5],[23,5],[5,6],[17,6],[18,6],[4,7],[21,7],[24,8],[4,9],[9,9],[11,9],[12,9],[14,9],[21,9],[2,10],[3,10],[4,10],[12,10],[16,10],[2,11],[7,11],[13,11],[22,11],[6,12],[10,12],[12,12],[13,12],[18,12],[22,12],[23,13],[1,14],[17,14],[18,14],[8,15],[11,15],[24,15],[8,16],[11,16],[13,16],[14,16],[4,17],[6,17],[12,17],[14,17],[24,17],[0,18],[2,18],[4,18],[5,18],[12,18],[18,18],[20,18],[24,18],[4,20],[9,20],[13,20],[18,20],[2,21],[8,21],[11,21],[14,21],[23,21],[0,22],[5,22],[7,22],[22,22],[23,22],[7,23],[16,23],[11,24],[16,24]]",99,"success","success",18,3,3,0,56,0.4,0.2,0.6
"2026-10-09T04:57:40.699Z","benchmark","benchmark-1791521859669","seeded-medium-4207","seeded-medium-4207",10,"astar",25,25,3,4207,0.16,0.1584,"2,7","W","0,21","[[0,0],[7,0],[14,0],[20,0],[5,1],[12,1],[15,1],[17,1],[6,2],[8,2],[11,2],[16,2],[21,2],[23,2],[24,2],[0,3],[5,3],[10,3],[15,3],[1,4],[15,4],[17,4],[19,4],[24,4],[2,5],[3,5],[5,5],[7,5],[13,5],[23,5],[5,6],[17,6],[18,6],[4,7],[21,7],[24,8],[4,9],[9,9],[11,9],[12,9],[14,9],[21,9],[2,10],[3,10],[4,10],[12,10],[16,10],[2,11],[7,11],[13,11],[22,11],[6,12],[10,12],[12,12],[13,12],[18,12],[22,12],[23,13],[1,14],[17,14],[18,14],[8,15],[11,15],[24,15],[8,16],[11,16],[13,16],[14,16],[4,17],[6,17],[12,17],[14,17],[24,17],[0,18],[2,18],[4,18],[5,18],[12,18],[18,18],[20,18],[24,18],[4,20],[9,20],[13,20],[18,20],[2,21],[8,21],[11,21],[14,21],[23,21],[0,22],[5,22],[7,22],[22,22],[23,22],[7,23],[16,23],[11,24],[16,24]]",99,"success","success",18,3,3,0,102,0,0.1,0.1
"2026-10-09T04:57:40.700Z","benchmark","benchmark-1791521859669","seeded-medium-5629","seeded-medium-5629",10,"astar",25,25,3,5629,0.16,0.1568,"6,24","E","11,20","[[12,0],[14,0],[16,0],[24,0],[14,1],[18,1],[20,1],[22,1],[23,1],[11,2],[12,2],[14,2],[21,2],[23,2],[1,3],[12,3],[13,3],[20,3],[21,3],[22,3],[23,3],[0,4],[1,4],[7,4],[8,4],[15,4],[18,4],[19,5],[14,6],[5,7],[15,7],[17,7],[19,7],[21,7],[1,8],[8,8],[22,8],[0,9],[5,9],[10,9],[11,9],[12,9],[20,9],[22,9],[2,10],[3,10],[4,10],[17,10],[21,10],[24,10],[0,11],[5,11],[6,11],[7,11],[16,11],[20,11],[6,12],[11,12],[13,13],[4,14],[7,14],[9,14],[11,14],[21,14],[14,15],[15,15],[23,15],[1,16],[15,16],[2,17],[4,17],[9,17],[14,17],[17,17],[22,17],[23,17],[12,18],[17,18],[20,18],[4,20],[6,20],[7,20],[15,21],[16,21],[17,21],[10,22],[14,22],[17,22],[19,22],[3,23],[4,23],[11,23],[12,23],[7,24],[9,24],[11,24],[14,24],[15,24]]",98,"success","success",9,2,3,0,54,0.2,0,0.2
"2026-10-09T04:57:40.700Z","benchmark","benchmark-1791521859669","seeded-medium-5629","seeded-medium-5629",10,"dstar",25,25,3,5629,0.16,0.1568,"6,24","E","11,20","[[12,0],[14,0],[16,0],[24,0],[14,1],[18,1],[20,1],[22,1],[23,1],[11,2],[12,2],[14,2],[21,2],[23,2],[1,3],[12,3],[13,3],[20,3],[21,3],[22,3],[23,3],[0,4],[1,4],[7,4],[8,4],[15,4],[18,4],[19,5],[14,6],[5,7],[15,7],[17,7],[19,7],[21,7],[1,8],[8,8],[22,8],[0,9],[5,9],[10,9],[11,9],[12,9],[20,9],[22,9],[2,10],[3,10],[4,10],[17,10],[21,10],[24,10],[0,11],[5,11],[6,11],[7,11],[16,11],[20,11],[6,12],[11,12],[13,13],[4,14],[7,14],[9,14],[11,14],[21,14],[14,15],[15,15],[23,15],[1,16],[15,16],[2,17],[4,17],[9,17],[14,17],[17,17],[22,17],[23,17],[12,18],[17,18],[20,18],[4,20],[6,20],[7,20],[15,21],[16,21],[17,21],[10,22],[14,22],[17,22],[19,22],[3,23],[4,23],[11,23],[12,23],[7,24],[9,24],[11,24],[14,24],[15,24]]",98,"success","success",9,2,3,0,31,0.4,0,0.4
"2026-10-09T04:57:40.701Z","benchmark","benchmark-1791521859669","seeded-medium-7001","seeded-medium-7001",10,"dstar",25,25,3,7001,0.16,0.1856,"10,16","E","22,19","[[1,0],[9,0],[13,0],[22,0],[2,1],[8,1],[12,1],[0,2],[4,2],[13,2],[14,2],[23,2],[24,2],[4,3],[8,3],[16,3],[17,3],[18,3],[1,4],[6,4],[8,4],[16,4],[23,4],[7,5],[11,5],[18,5],[1,6],[2,6],[9,6],[15,6],[17,6],[18,6],[0,7],[1,7],[8,7],[23,7],[0,8],[1,8],[3,8],[5,8],[10,8],[12,8],[18,8],[19,8],[23,8],[4,9],[6,9],[11,9],[12,9],[13,9],[18,9],[21,9],[24,9],[0,10],[4,10],[5,10],[11,10],[1,11],[2,11],[6,11],[13,11],[18,11],[20,11],[4,12],[16,12],[1,13],[10,13],[16,13],[18,13],[20,13],[4,14],[8,14],[9,14],[13,14],[15,14],[16,14],[17,14],[20,14],[10,15],[15,15],[5,16],[7,16],[15,16],[16,16],[17,16],[21,16],[22,16],[23,17],[24,17],[10,18],[16,18],[18,18],[20,18],[3,19],[24,19],[3,20],[7,20],[11,20],[23,20],[24,20],[1,21],[6,21],[15,21],[9,22],[10,22],[14,22],[18,22],[21,22],[8,23],[19,23],[5,24],[11,24],[13,24],[15,24],[22,24],[24,24]]",116,"success","success",15,2,2,0,53,0.6,0,0.6
"2026-10-09T04:57:40.701Z","benchmark","benchmark-1791521859669","seeded-medium-7001","seeded-medium-7001",10,"astar",25,25,3,7001,0.16,0.1856,"10,16","E","22,19","[[1,0],[9,0],[13,0],[22,0],[2,1],[8,1],[12,1],[0,2],[4,2],[13,2],[14,2],[23,2],[24,2],[4,3],[8,3],[16,3],[17,3],[18,3],[1,4],[6,4],[8,4],[16,4],[23,4],[7,5],[11,5],[18,5],[1,6],[2,6],[9,6],[15,6],[17,6],[18,6],[0,7],[1,7],[8,7],[23,7],[0,8],[1,8],[3,8],[5,8],[10,8],[12,8],[18,8],[19,8],[23,8],[4,9],[6,9],[11,9],[12,9],[13,9],[18,9],[21,9],[24,9],[0,10],[4,10],[5,10],[11,10],[1,11],[2,11],[6,11],[13,11],[18,11],[20,11],[4,12],[16,12],[1,13],[10,13],[16,13],[18,13],[20,13],[4,14],[8,14],[9,14],[13,14],[15,14],[16,14],[17,14],[20,14],[10,15],[15,15],[5,16],[7,16],[15,16],[16,16],[17,16],[21,16],[22,16],[23,17],[24,17],[10,18],[16,18],[18,18],[20,18],[3,19],[24,19],[3,20],[7,20],[11,20],[23,20],[24,20],[1,21],[6,21],[15,21],[9,22],[10,22],[14,22],[18,22],[21,22],[8,23],[19,23],[5,24],[11,24],[13,24],[15,24],[22,24],[24,24]]",116,"success","success",15,2,2,0,94,0.2,0.1,0.3
"2026-10-09T04:57:40.702Z","benchmark","benchmark-1791521859669","seeded-high-1701","seeded-high-1701",10,"astar",25,25,3,1701,0.24,0.2464,"10,16","E","22,19","[[4,0],[5,0],[6,0],[12,0],[16,0],[19,0],[21,0],[22,0],[24,0],[5,1],[9,1],[10,1],[12,1],[4,2],[6,2],[8,2],[15,2],[17,2],[18,2],[20,2],[0,3],[4,3],[6,3],[16,3],[18,3],[22,3],[5,4],[8,4],[9,4],[10,4],[11,4],[13,4],[16,4],[18,4],[22,4],[0,5],[3,5],[12,5],[14,5],[16,5],[18,5],[7,6],[12,6],[17,6],[18,6],[20,6],[21,6],[5,7],[10,7],[16,7],[18,7],[0,8],[1,8],[2,8],[13,8],[18,8],[19,8],[20,8],[23,8],[0,9],[3,9],[5,9],[8,9],[13,9],[17,9],[7,10],[8,10],[9,10],[10,10],[20,10],[3,11],[7,11],[12,11],[16,11],[22,11],[0,12],[6,12],[9,12],[13,12],[15,12],[16,12],[7,13],[12,13],[17,13],[19,13],[23,13],[0,14],[2,14],[5,14],[10,14],[20,14],[1,15],[2,15],[17,15],[18,15],[22,15],[23,15],[2,16],[3,16],[7,16],[8,16],[13,16],[0,17],[4,17],[7,17],[14,17],[15,17],[16,17],[0,18],[8,18],[9,18],[10,18],[14,18],[21,18],[22,18],[8,19],[11,19],[20,19],[12,20],[23,20],[0,21],[3,21],[4,21],[9,21],[10,21],[11,21],[12,21],[16,21],[20,21],[22,21],[2,22],[6,22],[12,22],[15,22],[16,22],[18,22],[19,22],[21,22],[3,23],[6,23],[7,23],[8,23],[9,23],[11,23],[12,23],[15,23],[19,23],[20,23],[23,23],[0,24],[9,24],[10,24],[14,24],[19,24]]",154,"success","success",21,6,7,0,116,0,0.5,0.5
"2026-10-09T04:57:40.703Z","benchmark","benchmark-1791521859669","seeded-high-1701","seeded-high-1701",10,"dstar",25,25,3,1701,0.24,0.2464,"10,16","E","22,19","[[4,0],[5,0],[6,0],[12,0],[16,0],[19,0],[21,0],[22,0],[24,0],[5,1],[9,1],[10,1],[12,1],[4,2],[6,2],[8,2],[15,2],[17,2],[18,2],[20,2],[0,3],[4,3],[6,3],[16,3],[18,3],[22,3],[5,4],[8,4],[9,4],[10,4],[11,4],[13,4],[16,4],[18,4],[22,4],[0,5],[3,5],[12,5],[14,5],[16,5],[18,5],[7,6],[12,6],[17,6],[18,6],[20,6],[21,6],[5,7],[10,7],[16,7],[18,7],[0,8],[1,8],[2,8],[13,8],[18,8],[19,8],[20,8],[23,8],[0,9],[3,9],[5,9],[8,9],[13,9],[17,9],[7,10],[8,10],[9,10],[10,10],[20,10],[3,11],[7,11],[12,11],[16,11],[22,11],[0,12],[6,12],[9,12],[13,12],[15,12],[16,12],[7,13],[12,13],[17,13],[19,13],[23,13],[0,14],[2,14],[5,14],[10,14],[20,14],[1,15],[2,15],[17,15],[18,15],[22,15],[23,15],[2,16],[3,16],[7,16],[8,16],[13,16],[0,17],[4,17],[7,17],[14,17],[15,17],[16,17],[0,18],[8,18],[9,18],[10,18],[14,18],[21,18],[22,18],[8,19],[11,19],[20,19],[12,20],[23,20],[0,21],[3,21],[4,21],[9,21],[10,21],[11,21],[12,21],[16,21],[20,21],[22,21],[2,22],[6,22],[12,22],[15,22],[16,22],[18,22],[19,22],[21,22],[3,23],[6,23],[7,23],[8,23],[9,23],[11,23],[12,23],[15,23],[19,23],[20,23],[23,23],[0,24],[9,24],[10,24],[14,24],[19,24]]",154,"success","success",21,7,8,0,83,0.4,0.5,0.9
"2026-10-09T04:57:40.704Z","benchmark","benchmark-1791521859669","seeded-high-2718","seeded-high-2718",10,"dstar",25,25,3,2718,0.24,0.224,"4,3","S","18,8","[[7,0],[8,0],[9,0],[22,0],[7,1],[9,1],[19,1],[22,1],[3,2],[13,2],[14,2],[15,2],[17,2],[18,2],[19,2],[21,2],[22,2],[0,3],[1,3],[6,3],[9,3],[10,3],[16,3],[18,3],[22,3],[23,3],[5,4],[3,5],[9,5],[14,5],[16,5],[20,5],[7,6],[8,6],[10,6],[4,7],[7,7],[11,7],[12,7],[16,7],[17,7],[7,8],[14,8],[21,8],[22,8],[24,8],[6,9],[12,9],[14,9],[15,9],[22,9],[7,10],[11,10],[17,10],[20,10],[21,10],[23,10],[0,11],[2,11],[3,11],[5,11],[6,11],[8,11],[15,11],[20,11],[5,12],[6,12],[7,12],[11,12],[12,12],[3,13],[4,13],[7,13],[13,13],[23,13],[2,14],[11,14],[17,14],[18,14],[23,14],[4,15],[6,15],[7,15],[8,15],[9,15],[12,15],[21,15],[7,16],[8,16],[9,16],[18,16],[16,17],[17,17],[20,17],[1,18],[2,18],[5,18],[10,18],[14,18],[17,18],[22,18],[1,19],[7,19],[8,19],[10,19],[19,19],[1,20],[2,20],[5,20],[6,20],[8,20],[11,20],[18,20],[21,20],[2,21],[3,21],[7,21],[11,21],[14,21],[21,21],[0,22],[4,22],[8,22],[12,22],[17,22],[0,23],[4,23],[5,23],[7,23],[15,23],[21,23],[22,23],[0,24],[3,24],[6,24],[10,24],[11,24],[12,24],[16,24],[22,24]]",140,"success","success",21,4,4,0,130,0.7,0.6,1.3
"2026-10-09T04:57:40.705Z","benchmark","benchmark-1791521859669","seeded-high-2718","seeded-high-2718",10,"astar",25,25,3,2718,0.24,0.224,"4,3","S","18,8","[[7,0],[8,0],[9,0],[22,0],[7,1],[9,1],[19,1],[22,1],[3,2],[13,2],[14,2],[15,2],[17,2],[18,2],[19,2],[21,2],[22,2],[0,3],[1,3],[6,3],[9,3],[10,3],[16,3],[18,3],[22,3],[23,3],[5,4],[3,5],[9,5],[14,5],[16,5],[20,5],[7,6],[8,6],[10,6],[4,7],[7,7],[11,7],[12,7],[16,7],[17,7],[7,8],[14,8],[21,8],[22,8],[24,8],[6,9],[12,9],[14,9],[15,9],[22,9],[7,10],[11,10],[17,10],[20,10],[21,10],[23,10],[0,11],[2,11],[3,11],[5,11],[6,11],[8,11],[15,11],[20,11],[5,12],[6,12],[7,12],[11,12],[12,12],[3,13],[4,13],[7,13],[13,13],[23,13],[2,14],[11,14],[17,14],[18,14],[23,14],[4,15],[6,15],[7,15],[8,15],[9,15],[12,15],[21,15],[7,16],[8,16],[9,16],[18,16],[16,17],[17,17],[20,17],[1,18],[2,18],[5,18],[10,18],[14,18],[17,18],[22,18],[1,19],[7,19],[8,19],[10,19],[19,19],[1,20],[2,20],[5,20],[6,20],[8,20],[11,20],[18,20],[21,20],[2,21],[3,21],[7,21],[11,21],[14,21],[21,21],[0,22],[4,22],[8,22],[12,22],[17,22],[0,23],[4,23],[5,23],[7,23],[15,23],[21,23],[22,23],[0,24],[3,24],[6,24],[10,24],[11,24],[12,24],[16,24],[22,24]]",140,"success","success",21,4,4,0,353,0.1,0.5,0.6
"2026-10-09T04:57:40.706Z","benchmark","benchmark-1791521859669","seeded-high-3141","seeded-high-3141",10,"astar",25,25,3,3141,0.24,0.2336,"15,6","E","17,24","[[4,0],[13,0],[14,0],[19,0],[24,0],[0,1],[1,1],[2,1],[5,1],[12,1],[14,1],[17,1],[18,1],[19,1],[3,2],[5,2],[13,2],[14,2],[1,3],[5,3],[8,3],[11,3],[13,3],[14,3],[19,3],[20,3],[21,3],[22,3],[24,3],[6,4],[14,4],[19,4],[23,4],[5,5],[9,5],[10,5],[11,5],[12,5],[14,5],[16,5],[17,5],[19,5],[22,5],[1,6],[2,6],[5,6],[7,6],[24,6],[1,7],[9,7],[13,7],[14,7],[18,7],[19,7],[21,7],[6,8],[13,8],[14,8],[17,8],[19,8],[3,9],[5,9],[6,9],[17,9],[19,9],[23,9],[0,10],[10,10],[12,10],[13,10],[0,11],[8,11],[14,11],[16,11],[21,11],[22,11],[3,12],[6,12],[15,12],[24,12],[4,13],[14,13],[19,13],[0,14],[14,14],[17,14],[18,14],[19,14],[20,14],[4,15],[6,15],[8,15],[9,15],[15,16],[17,16],[18,16],[3,17],[7,17],[12,17],[14,17],[16,17],[3,18],[7,18],[10,18],[12,18],[14,18],[16,18],[17,18],[20,18],[22,18],[24,18],[0,19],[1,19],[3,19],[4,19],[13,19],[18,19],[19,19],[5,20],[9,20],[10,20],[11,20],[12,20],[15,20],[17,20],[24,20],[0,21],[8,21],[13,21],[23,21],[3,22],[4,22],[9,22],[11,22],[12,22],[19,22],[21,22],[23,22],[10,23],[19,23],[22,23],[23,23],[2,24],[13,24],[15,24],[19,24]]",146,"success","success",44,21,21,0,553,0.2,0.8,1
"2026-10-09T04:57:40.709Z","benchmark","benchmark-1791521859669","seeded-high-3141","seeded-high-3141",10,"dstar",25,25,3,3141,0.24,0.2336,"15,6","E","17,24","[[4,0],[13,0],[14,0],[19,0],[24,0],[0,1],[1,1],[2,1],[5,1],[12,1],[14,1],[17,1],[18,1],[19,1],[3,2],[5,2],[13,2],[14,2],[1,3],[5,3],[8,3],[11,3],[13,3],[14,3],[19,3],[20,3],[21,3],[22,3],[24,3],[6,4],[14,4],[19,4],[23,4],[5,5],[9,5],[10,5],[11,5],[12,5],[14,5],[16,5],[17,5],[19,5],[22,5],[1,6],[2,6],[5,6],[7,6],[24,6],[1,7],[9,7],[13,7],[14,7],[18,7],[19,7],[21,7],[6,8],[13,8],[14,8],[17,8],[19,8],[3,9],[5,9],[6,9],[17,9],[19,9],[23,9],[0,10],[10,10],[12,10],[13,10],[0,11],[8,11],[14,11],[16,11],[21,11],[22,11],[3,12],[6,12],[15,12],[24,12],[4,13],[14,13],[19,13],[0,14],[14,14],[17,14],[18,14],[19,14],[20,14],[4,15],[6,15],[8,15],[9,15],[15,16],[17,16],[18,16],[3,17],[7,17],[12,17],[14,17],[16,17],[3,18],[7,18],[10,18],[12,18],[14,18],[16,18],[17,18],[20,18],[22,18],[24,18],[0,19],[1,19],[3,19],[4,19],[13,19],[18,19],[19,19],[5,20],[9,20],[10,20],[11,20],[12,20],[15,20],[17,20],[24,20],[0,21],[8,21],[13,21],[23,21],[3,22],[4,22],[9,22],[11,22],[12,22],[19,22],[21,22],[23,22],[10,23],[19,23],[22,23],[23,23],[2,24],[13,24],[15,24],[19,24]]",146,"success","success",48,20,20,0,217,0.5,2.4,2.9
"2026-10-09T04:57:40.710Z","benchmark","benchmark-1791521859669","seeded-high-4207","seeded-high-4207",10,"dstar",25,25,3,4207,0.24,0.2256,"2,7","W","0,21","[[0,0],[7,0],[10,0],[14,0],[20,0],[0,1],[2,1],[5,1],[12,1],[15,1],[17,1],[19,1],[22,1],[6,2],[8,2],[11,2],[16,2],[21,2],[23,2],[24,2],[0,3],[5,3],[9,3],[10,3],[15,3],[21,3],[1,4],[15,4],[17,4],[19,4],[24,4],[2,5],[3,5],[5,5],[7,5],[9,5],[13,5],[21,5],[23,5],[5,6],[6,6],[17,6],[18,6],[23,6],[4,7],[21,7],[12,8],[15,8],[20,8],[21,8],[23,8],[24,8],[4,9],[6,9],[9,9],[11,9],[12,9],[13,9],[14,9],[21,9],[1,10],[2,10],[3,10],[4,10],[12,10],[16,10],[2,11],[4,11],[7,11],[9,11],[11,11],[13,11],[22,11],[0,12],[3,12],[6,12],[10,12],[12,12],[13,12],[18,12],[21,12],[22,12],[23,13],[1,14],[4,14],[12,14],[17,14],[18,14],[20,14],[8,15],[11,15],[24,15],[5,16],[8,16],[11,16],[13,16],[14,16],[4,17],[5,17],[6,17],[12,17],[13,17],[14,17],[24,17],[0,18],[2,18],[4,18],[5,18],[12,18],[16,18],[18,18],[20,18],[24,18],[12,19],[16,19],[4,20],[9,20],[13,20],[18,20],[23,20],[2,21],[8,21],[11,21],[12,21],[14,21],[23,21],[0,22],[5,22],[6,22],[7,22],[9,22],[22,22],[23,22],[4,23],[7,23],[14,23],[16,23],[1,24],[11,24],[14,24],[16,24]]",141,"success","success",20,6,6,0,66,0.4,0.2,0.6
"2026-10-09T04:57:40.710Z","benchmark","benchmark-1791521859669","seeded-high-4207","seeded-high-4207",10,"astar",25,25,3,4207,0.24,0.2256,"2,7","W","0,21","[[0,0],[7,0],[10,0],[14,0],[20,0],[0,1],[2,1],[5,1],[12,1],[15,1],[17,1],[19,1],[22,1],[6,2],[8,2],[11,2],[16,2],[21,2],[23,2],[24,2],[0,3],[5,3],[9,3],[10,3],[15,3],[21,3],[1,4],[15,4],[17,4],[19,4],[24,4],[2,5],[3,5],[5,5],[7,5],[9,5],[13,5],[21,5],[23,5],[5,6],[6,6],[17,6],[18,6],[23,6],[4,7],[21,7],[12,8],[15,8],[20,8],[21,8],[23,8],[24,8],[4,9],[6,9],[9,9],[11,9],[12,9],[13,9],[14,9],[21,9],[1,10],[2,10],[3,10],[4,10],[12,10],[16,10],[2,11],[4,11],[7,11],[9,11],[11,11],[13,11],[22,11],[0,12],[3,12],[6,12],[10,12],[12,12],[13,12],[18,12],[21,12],[22,12],[23,13],[1,14],[4,14],[12,14],[17,14],[18,14],[20,14],[8,15],[11,15],[24,15],[5,16],[8,16],[11,16],[13,16],[14,16],[4,17],[5,17],[6,17],[12,17],[13,17],[14,17],[24,17],[0,18],[2,18],[4,18],[5,18],[12,18],[16,18],[18,18],[20,18],[24,18],[12,19],[16,19],[4,20],[9,20],[13,20],[18,20],[23,20],[2,21],[8,21],[11,21],[12,21],[14,21],[23,21],[0,22],[5,22],[6,22],[7,22],[9,22],[22,22],[23,22],[4,23],[7,23],[14,23],[16,23],[1,24],[11,24],[14,24],[16,24]]",141,"success","success",20,6,6,0,159,0.1,0.1,0.2
"2026-10-09T04:57:40.710Z","benchmark","benchmark-1791521859669","seeded-high-5629","seeded-high-5629",10,"astar",25,25,3,5629,0.24,0.232,"6,24","E","11,20","[[3,0],[6,0],[12,0],[14,0],[16,0],[24,0],[14,1],[18,1],[20,1],[22,1],[23,1],[11,2],[12,2],[14,2],[21,2],[22,2],[23,2],[24,2],[0,3],[1,3],[6,3],[11,3],[12,3],[13,3],[20,3],[21,3],[22,3],[23,3],[24,3],[0,4],[1,4],[7,4],[8,4],[11,4],[15,4],[18,4],[22,4],[1,5],[18,5],[19,5],[20,5],[14,6],[2,7],[5,7],[15,7],[17,7],[19,7],[21,7],[24,7],[1,8],[5,8],[8,8],[11,8],[14,8],[22,8],[23,8],[0,9],[5,9],[10,9],[11,9],[12,9],[20,9],[22,9],[2,10],[3,10],[4,10],[17,10],[21,10],[22,10],[24,10],[0,11],[5,11],[6,11],[7,11],[12,11],[14,11],[16,11],[20,11],[2,12],[3,12],[6,12],[11,12],[13,13],[18,13],[3,14],[4,14],[7,14],[9,14],[11,14],[15,14],[21,14],[3,15],[11,15],[14,15],[15,15],[18,15],[19,15],[23,15],[1,16],[13,16],[15,16],[2,17],[3,17],[4,17],[9,17],[13,17],[14,17],[17,17],[22,17],[23,17],[5,18],[12,18],[17,18],[20,18],[6,19],[19,19],[4,20],[6,20],[7,20],[19,20],[22,20],[23,20],[8,21],[14,21],[15,21],[16,21],[17,21],[10,22],[14,22],[17,22],[19,22],[3,23],[4,23],[11,23],[12,23],[17,23],[24,23],[7,24],[9,24],[11,24],[12,24],[14,24],[15,24],[22,24],[24,24]]",145,"success","success",11,4,5,0,73,0,0.1,0.1
"2026-10-09T04:57:40.711Z","benchmark","benchmark-1791521859669","seeded-high-5629","seeded-high-5629",10,"dstar",25,25,3,5629,0.24,0.232,"6,24","E","11,20","[[3,0],[6,0],[12,0],[14,0],[16,0],[24,0],[14,1],[18,1],[20,1],[22,1],[23,1],[11,2],[12,2],[14,2],[21,2],[22,2],[23,2],[24,2],[0,3],[1,3],[6,3],[11,3],[12,3],[13,3],[20,3],[21,3],[22,3],[23,3],[24,3],[0,4],[1,4],[7,4],[8,4],[11,4],[15,4],[18,4],[22,4],[1,5],[18,5],[19,5],[20,5],[14,6],[2,7],[5,7],[15,7],[17,7],[19,7],[21,7],[24,7],[1,8],[5,8],[8,8],[11,8],[14,8],[22,8],[23,8],[0,9],[5,9],[10,9],[11,9],[12,9],[20,9],[22,9],[2,10],[3,10],[4,10],[17,10],[21,10],[22,10],[24,10],[0,11],[5,11],[6,11],[7,11],[12,11],[14,11],[16,11],[20,11],[2,12],[3,12],[6,12],[11,12],[13,13],[18,13],[3,14],[4,14],[7,14],[9,14],[11,14],[15,14],[21,14],[3,15],[11,15],[14,15],[15,15],[18,15],[19,15],[23,15],[1,16],[13,16],[15,16],[2,17],[3,17],[4,17],[9,17],[13,17],[14,17],[17,17],[22,17],[23,17],[5,18],[12,18],[17,18],[20,18],[6,19],[19,19],[4,20],[6,20],[7,20],[19,20],[22,20],[23,20],[8,21],[14,21],[15,21],[16,21],[17,21],[10,22],[14,22],[17,22],[19,22],[3,23],[4,23],[11,23],[12,23],[17,23],[24,23],[7,24],[9,24],[11,24],[12,24],[14,24],[15,24],[22,24],[24,24]]",145,"success","success",11,4,5,0,43,0.2,0.1,0.3
"2026-10-09T04:57:40.711Z","benchmark","benchmark-1791521859669","seeded-high-7001","seeded-high-7001",10,"dstar",25,25,3,7001,0.24,0.2752,"10,16","E","22,19","[[1,0],[9,0],[13,0],[14,0],[20,0],[22,0],[2,1],[8,1],[12,1],[15,1],[0,2],[4,2],[13,2],[14,2],[18,2],[23,2],[24,2],[2,3],[4,3],[6,3],[8,3],[12,3],[14,3],[16,3],[17,3],[18,3],[1,4],[4,4],[6,4],[7,4],[8,4],[10,4],[16,4],[20,4],[23,4],[7,5],[11,5],[13,5],[15,5],[18,5],[20,5],[1,6],[2,6],[9,6],[15,6],[16,6],[17,6],[18,6],[0,7],[1,7],[2,7],[4,7],[8,7],[18,7],[23,7],[0,8],[1,8],[2,8],[3,8],[5,8],[10,8],[12,8],[18,8],[19,8],[23,8],[4,9],[6,9],[11,9],[12,9],[13,9],[18,9],[21,9],[24,9],[0,10],[4,10],[5,10],[11,10],[14,10],[18,10],[1,11],[2,11],[6,11],[7,11],[13,11],[18,11],[20,11],[21,11],[23,11],[4,12],[5,12],[9,12],[16,12],[1,13],[3,13],[10,13],[15,13],[16,13],[17,13],[18,13],[20,13],[0,14],[4,14],[8,14],[9,14],[13,14],[15,14],[16,14],[17,14],[20,14],[5,15],[10,15],[15,15],[19,15],[21,15],[4,16],[5,16],[7,16],[13,16],[15,16],[16,16],[17,16],[21,16],[22,16],[23,16],[23,17],[24,17],[2,18],[10,18],[13,18],[15,18],[16,18],[18,18],[20,18],[3,19],[5,19],[7,19],[10,19],[24,19],[3,20],[7,20],[9,20],[10,20],[11,20],[23,20],[24,20],[1,21],[6,21],[7,21],[10,21],[15,21],[19,21],[23,21],[2,22],[8,22],[9,22],[10,22],[11,22],[12,22],[14,22],[18,22],[21,22],[8,23],[11,23],[12,23],[19,23],[5,24],[11,24],[12,24],[13,24],[15,24],[22,24],[24,24]]",172,"success","success",15,1,2,0,51,0.5,0,0.5
"2026-10-09T04:57:40.711Z","benchmark","benchmark-1791521859669","seeded-high-7001","seeded-high-7001",10,"astar",25,25,3,7001,0.24,0.2752,"10,16","E","22,19","[[1,0],[9,0],[13,0],[14,0],[20,0],[22,0],[2,1],[8,1],[12,1],[15,1],[0,2],[4,2],[13,2],[14,2],[18,2],[23,2],[24,2],[2,3],[4,3],[6,3],[8,3],[12,3],[14,3],[16,3],[17,3],[18,3],[1,4],[4,4],[6,4],[7,4],[8,4],[10,4],[16,4],[20,4],[23,4],[7,5],[11,5],[13,5],[15,5],[18,5],[20,5],[1,6],[2,6],[9,6],[15,6],[16,6],[17,6],[18,6],[0,7],[1,7],[2,7],[4,7],[8,7],[18,7],[23,7],[0,8],[1,8],[2,8],[3,8],[5,8],[10,8],[12,8],[18,8],[19,8],[23,8],[4,9],[6,9],[11,9],[12,9],[13,9],[18,9],[21,9],[24,9],[0,10],[4,10],[5,10],[11,10],[14,10],[18,10],[1,11],[2,11],[6,11],[7,11],[13,11],[18,11],[20,11],[21,11],[23,11],[4,12],[5,12],[9,12],[16,12],[1,13],[3,13],[10,13],[15,13],[16,13],[17,13],[18,13],[20,13],[0,14],[4,14],[8,14],[9,14],[13,14],[15,14],[16,14],[17,14],[20,14],[5,15],[10,15],[15,15],[19,15],[21,15],[4,16],[5,16],[7,16],[13,16],[15,16],[16,16],[17,16],[21,16],[22,16],[23,16],[23,17],[24,17],[2,18],[10,18],[13,18],[15,18],[16,18],[18,18],[20,18],[3,19],[5,19],[7,19],[10,19],[24,19],[3,20],[7,20],[9,20],[10,20],[11,20],[23,20],[24,20],[1,21],[6,21],[7,21],[10,21],[15,21],[19,21],[23,21],[2,22],[8,22],[9,22],[10,22],[11,22],[12,22],[14,22],[18,22],[21,22],[8,23],[11,23],[12,23],[19,23],[5,24],[11,24],[12,24],[13,24],[15,24],[22,24],[24,24]]",172,"success","success",15,1,2,0,49,0,0,0