timestamp,batch,batchId,scenario,mapId,traceId,checkpointIndex,repeat,planner,mapWidth,mapHeight,sensorRange,seed,requestedDensity,actualDensity,start,heading,goal,current,newlyRevealed,knownObstacles,obstacleCells,obstacles,expectedOutcome,outcome,routeValid,moves,replans,found,blockedAttempts,expanded,initialPlanningMs,replanPlanningMs,planningMs
"2026-10-09T06:42:22.130Z","controlled-replay","replay-1791528142110","controlled-replay","single-blocker","single-blocker","0","1","dstar","15","15","3","","","0.0044","1,7","E","13,7","1,7","[]","[]","[[7,7]]","1","success","success","true","12","0","0","0","13","0.5","0","0.5"
"2026-10-09T06:42:22.131Z","controlled-replay","replay-1791528142110","controlled-replay","single-blocker","single-blocker","1","1","dstar","15","15","3","","","0.0044","1,7","E","13,7","1,7","[""7,7""]","[""7,7""]","[[7,7]]","1","success","success","true","14","1","1","0","40","0","0.6","0.6"
"2026-10-09T06:42:22.131Z","controlled-replay","replay-1791528142110","controlled-replay","single-blocker","single-blocker","2","1","dstar","15","15","3","","","0.0044","1,7","E","13,7","5,8","[]","[""7,7""]","[[7,7]]","1","success","success","true","9","2","0","0","0","0","0.1","0.1"
"2026-10-09T06:42:22.131Z","controlled-replay","replay-1791528142110","controlled-replay","single-blocker","single-blocker","0","1","astar","15","15","3","","","0.0044","1,7","E","13,7","1,7","[]","[]","[[7,7]]","1","success","success","true","12","0","0","0","12","0","0","0"
"2026-10-09T06:42:22.132Z","controlled-replay","replay-1791528142110","controlled-replay","single-blocker","single-blocker","1","1","astar","15","15","3","","","0.0044","1,7","E","13,7","1,7","[""7,7""]","[""7,7""]","[[7,7]]","1","success","success","true","14","1","1","0","38","0","0.2","0.2"
"2026-10-09T06:42:22.132Z","controlled-replay","replay-1791528142110","controlled-replay","single-blocker","single-blocker","2","1","astar","15","15","3","","","0.0044","1,7","E","13,7","5,8","[]","[""7,7""]","[[7,7]]","1","success","success","true","9","2","0","0","16","0","0.2","0.2"
"2026-10-09T06:42:22.132Z","controlled-replay","replay-1791528142110","controlled-replay","sequential-blockers","sequential-blockers","0","1","astar","15","15","3","","","0.0089","1,7","E","13,7","1,7","[]","[]","[[7,6],[7,7]]","2","success","success","true","12","0","0","0","12","0","0","0"
"2026-10-09T06:42:22.133Z","controlled-replay","replay-1791528142110","controlled-replay","sequential-blockers","sequential-blockers","1","1","astar","15","15","3","","","0.0089","1,7","E","13,7","1,7","[""7,7""]","[""7,7""]","[[7,6],[7,7]]","2","success","success","true","14","1","1","0","38","0","0.1","0.1"
"2026-10-09T06:42:22.133Z","controlled-replay","replay-1791528142110","controlled-replay","sequential-blockers","sequential-blockers","2","1","astar","15","15","3","","","0.0089","1,7","E","13,7","5,8","[""7,6""]","[""7,6"",""7,7""]","[[7,6],[7,7]]","2","success","success","true","9","2","1","0","16","0","0.1","0.1"
"2026-10-09T06:42:22.133Z","controlled-replay","replay-1791528142110","controlled-replay","sequential-blockers","sequential-blockers","0","1","dstar","15","15","3","","","0.0089","1,7","E","13,7","1,7","[]","[]","[[7,6],[7,7]]","2","success","success","true","12","0","0","0","13","0.2","0","0.2"
"2026-10-09T06:42:22.134Z","controlled-replay","replay-1791528142110","controlled-replay","sequential-blockers","sequential-blockers","1","1","dstar","15","15","3","","","0.0089","1,7","E","13,7","1,7","[""7,7""]","[""7,7""]","[[7,6],[7,7]]","2","success","success","true","14","1","1","0","40","0","0.7","0.7"
"2026-10-09T06:42:22.135Z","controlled-replay","replay-1791528142110","controlled-replay","sequential-blockers","sequential-blockers","2","1","dstar","15","15","3","","","0.0089","1,7","E","13,7","5,8","[""7,6""]","[""7,6"",""7,7""]","[[7,6],[7,7]]","2","success","success","true","9","2","1","0","0","0","0","0"
"2026-10-09T06:42:22.135Z","controlled-replay","replay-1791528142110","controlled-replay","off-route-updates","off-route-updates","0","1","dstar","15","15","3","","","0.0089","1,7","E","13,7","1,7","[]","[]","[[7,1],[7,13]]","2","success","success","true","12","0","0","0","13","0.4","0","0.4"
"2026-10-09T06:42:22.136Z","controlled-replay","replay-1791528142110","controlled-replay","off-route-updates","off-route-updates","1","1","dstar","15","15","3","","","0.0089","1,7","E","13,7","1,7","[""7,1""]","[""7,1""]","[[7,1],[7,13]]","2","success","success","true","12","1","1","0","0","0","0","0"
"2026-10-09T06:42:22.136Z","controlled-replay","replay-1791528142110","controlled-replay","off-route-updates","off-route-updates","2","1","dstar","15","15","3","","","0.0089","1,7","E","13,7","6,7","[""7,13""]","[""7,1"",""7,13""]","[[7,1],[7,13]]","2","success","success","true","7","2","1","0","0","0","0","0"
"2026-10-09T06:42:22.136Z","controlled-replay","replay-1791528142110","controlled-replay","off-route-updates","off-route-updates","0","1","astar","15","15","3","","","0.0089","1,7","E","13,7","1,7","[]","[]","[[7,1],[7,13]]","2","success","success","true","12","0","0","0","12","0.1","0","0.1"
"2026-10-09T06:42:22.137Z","controlled-replay","replay-1791528142110","controlled-replay","off-route-updates","off-route-updates","1","1","astar","15","15","3","","","0.0089","1,7","E","13,7","1,7","[""7,1""]","[""7,1""]","[[7,1],[7,13]]","2","success","success","true","12","1","1","0","12","0","0.2","0.2"
"2026-10-09T06:42:22.137Z","controlled-replay","replay-1791528142110","controlled-replay","off-route-updates","off-route-updates","2","1","astar","15","15","3","","","0.0089","1,7","E","13,7","6,7","[""7,13""]","[""7,1"",""7,13""]","[[7,1],[7,13]]","2","success","success","true","7","2","1","0","7","0","0","0"
"2026-10-09T06:42:22.138Z","controlled-replay","replay-1791528142110","controlled-replay","goal-cut-off","goal-cut-off","0","1","astar","15","15","3","","","0.0667","1,6","E","13,8","1,6","[]","[]","[[0,7],[1,7],[2,7],[3,7],[4,7],[5,7],[6,7],[7,7],[8,7],[9,7],[10,7],[11,7],[12,7],[13,7],[14,7]]","15","success","success","true","14","0","0","0","38","0.3","0","0.3"
"2026-10-09T06:42:22.138Z","controlled-replay","replay-1791528142110","controlled-replay","goal-cut-off","goal-cut-off","1","1","astar","15","15","3","","","0.0667","1,6","E","13,8","1,6","[""0,7"",""1,7"",""2,7"",""3,7"",""4,7"",""5,7"",""6,7"",""7,7"",""8,7"",""9,7"",""10,7"",""11,7"",""12,7"",""13,7"",""14,7""]","[""0,7"",""1,7"",""10,7"",""11,7"",""12,7"",""13,7"",""14,7"",""2,7"",""3,7"",""4,7"",""5,7"",""6,7"",""7,7"",""8,7"",""9,7""]","[[0,7],[1,7],[2,7],[3,7],[4,7],[5,7],[6,7],[7,7],[8,7],[9,7],[10,7],[11,7],[12,7],[13,7],[14,7]]","15","no_route","no_route","true","0","1","15","0","105","0","0.5","0.5"
"2026-10-09T06:42:22.139Z","controlled-replay","replay-1791528142110","controlled-replay","goal-cut-off","goal-cut-off","2","1","astar","15","15","3","","","0.0667","1,6","E","13,8","1,6","[]","[""0,7"",""1,7"",""10,7"",""11,7"",""12,7"",""13,7"",""14,7"",""2,7"",""3,7"",""4,7"",""5,7"",""6,7"",""7,7"",""8,7"",""9,7""]","[[0,7],[1,7],[2,7],[3,7],[4,7],[5,7],[6,7],[7,7],[8,7],[9,7],[10,7],[11,7],[12,7],[13,7],[14,7]]","15","no_route","no_route","true","0","2","0","0","105","0","0.4","0.4"
"2026-10-09T06:42:22.140Z","controlled-replay","replay-1791528142110","controlled-replay","goal-cut-off","goal-cut-off","0","1","dstar","15","15","3","","","0.0667","1,6","E","13,8","1,6","[]","[]","[[0,7],[1,7],[2,7],[3,7],[4,7],[5,7],[6,7],[7,7],[8,7],[9,7],[10,7],[11,7],[12,7],[13,7],[14,7]]","15","success","success","true","14","0","0","0","39","0.6","0","0.6"
"2026-10-09T06:42:22.142Z","controlled-replay","replay-1791528142110","controlled-replay","goal-cut-off","goal-cut-off","1","1","dstar","15","15","3","","","0.0667","1,6","E","13,8","1,6","[""0,7"",""1,7"",""2,7"",""3,7"",""4,7"",""5,7"",""6,7"",""7,7"",""8,7"",""9,7"",""10,7"",""11,7"",""12,7"",""13,7"",""14,7""]","[""0,7"",""1,7"",""10,7"",""11,7"",""12,7"",""13,7"",""14,7"",""2,7"",""3,7"",""4,7"",""5,7"",""6,7"",""7,7"",""8,7"",""9,7""]","[[0,7],[1,7],[2,7],[3,7],[4,7],[5,7],[6,7],[7,7],[8,7],[9,7],[10,7],[11,7],[12,7],[13,7],[14,7]]","15","no_route","no_route","true","0","1","15","0","118","0","1.6","1.6"
"2026-10-09T06:42:22.142Z","controlled-replay","replay-1791528142110","controlled-replay","goal-cut-off","goal-cut-off","2","1","dstar","15","15","3","","","0.0667","1,6","E","13,8","1,6","[]","[""0,7"",""1,7"",""10,7"",""11,7"",""12,7"",""13,7"",""14,7"",""2,7"",""3,7"",""4,7"",""5,7"",""6,7"",""7,7"",""8,7"",""9,7""]","[[0,7],[1,7],[2,7],[3,7],[4,7],[5,7],[6,7],[7,7],[8,7],[9,7],[10,7],[11,7],[12,7],[13,7],[14,7]]","15","no_route","no_route","true","0","2","0","0","0","0","0","0"
"2026-10-09T06:42:22.142Z","controlled-replay","replay-1791528142110","controlled-replay","single-blocker","single-blocker","0","2","astar","15","15","3","","","0.0044","1,7","E","13,7","1,7","[]","[]","[[7,7]]","1","success","success","true","12","0","0","0","12","0","0","0"
"2026-10-09T06:42:22.143Z","controlled-replay","replay-1791528142110","controlled-replay","single-blocker","single-blocker","1","2","astar","15","15","3","","","0.0044","1,7","E","13,7","1,7","[""7,7""]","[""7,7""]","[[7,7]]","1","success","success","true","14","1","1","0","38","0","0.2","0.2"
"2026-10-09T06:42:22.143Z","controlled-replay","replay-1791528142110","controlled-replay","single-blocker","single-blocker","2","2","astar","15","15","3","","","0.0044","1,7","E","13,7","5,8","[]","[""7,7""]","[[7,7]]","1","success","success","true","9","2","0","0","16","0","0.1","0.1"
"2026-10-09T06:42:22.143Z","controlled-replay","replay-1791528142110","controlled-replay","single-blocker","single-blocker","0","2","dstar","15","15","3","","","0.0044","1,7","E","13,7","1,7","[]","[]","[[7,7]]","1","success","success","true","12","0","0","0","13","0.2","0","0.2"
"2026-10-09T06:42:22.144Z","controlled-replay","replay-1791528142110","controlled-replay","single-blocker","single-blocker","1","2","dstar","15","15","3","","","0.0044","1,7","E","13,7","1,7","[""7,7""]","[""7,7""]","[[7,7]]","1","success","success","true","14","1","1","0","40","0","0.5","0.5"
"2026-10-09T06:42:22.145Z","controlled-replay","replay-1791528142110","controlled-replay","single-blocker","single-blocker","2","2","dstar","15","15","3","","","0.0044","1,7","E","13,7","5,8","[]","[""7,7""]","[[7,7]]","1","success","success","true","9","2","0","0","0","0","0","0"
"2026-10-09T06:42:22.145Z","controlled-replay","replay-1791528142110","controlled-replay","sequential-blockers","sequential-blockers","0","2","dstar","15","15","3","","","0.0089","1,7","E","13,7","1,7","[]","[]","[[7,6],[7,7]]","2","success","success","true","12","0","0","0","13","0.4","0","0.4"
"2026-10-09T06:42:22.146Z","controlled-replay","replay-1791528142110","controlled-replay","sequential-blockers","sequential-blockers","1","2","dstar","15","15","3","","","0.0089","1,7","E","13,7","1,7","[""7,7""]","[""7,7""]","[[7,6],[7,7]]","2","success","success","true","14","1","1","0","40","0","0.6","0.6"
"2026-10-09T06:42:22.147Z","controlled-replay","replay-1791528142110","controlled-replay","sequential-blockers","sequential-blockers","2","2","dstar","15","15","3","","","0.0089","1,7","E","13,7","5,8","[""7,6""]","[""7,6"",""7,7""]","[[7,6],[7,7]]","2","success","success","true","9","2","1","0","0","0","0","0"
"2026-10-09T06:42:22.147Z","controlled-replay","replay-1791528142110","controlled-replay","sequential-blockers","sequential-blockers","0","2","astar","15","15","3","","","0.0089","1,7","E","13,7","1,7","[]","[]","[[7,6],[7,7]]","2","success","success","true","12","0","0","0","12","0","0","0"
"2026-10-09T06:42:22.148Z","controlled-replay","replay-1791528142110","controlled-replay","sequential-blockers","sequential-blockers","1","2","astar","15","15","3","","","0.0089","1,7","E","13,7","1,7","[""7,7""]","[""7,7""]","[[7,6],[7,7]]","2","success","success","true","14","1","1","0","38","0","0.1","0.1"
"2026-10-09T06:42:22.148Z","controlled-replay","replay-1791528142110","controlled-replay","sequential-blockers","sequential-blockers","2","2","astar","15","15","3","","","0.0089","1,7","E","13,7","5,8","[""7,6""]","[""7,6"",""7,7""]","[[7,6],[7,7]]","2","success","success","true","9","2","1","0","16","0","0","0"
"2026-10-09T06:42:22.148Z","controlled-replay","replay-1791528142110","controlled-replay","off-route-updates","off-route-updates","0","2","astar","15","15","3","","","0.0089","1,7","E","13,7","1,7","[]","[]","[[7,1],[7,13]]","2","success","success","true","12","0","0","0","12","0","0","0"
"2026-10-09T06:42:22.148Z","controlled-replay","replay-1791528142110","controlled-replay","off-route-updates","off-route-updates","1","2","astar","15","15","3","","","0.0089","1,7","E","13,7","1,7","[""7,1""]","[""7,1""]","[[7,1],[7,13]]","2","success","success","true","12","1","1","0","12","0","0.1","0.1"
"2026-10-09T06:42:22.148Z","controlled-replay","replay-1791528142110","controlled-replay","off-route-updates","off-route-updates","2","2","astar","15","15","3","","","0.0089","1,7","E","13,7","6,7","[""7,13""]","[""7,1"",""7,13""]","[[7,1],[7,13]]","2","success","success","true","7","2","1","0","7","0","0.1","0.1"
"2026-10-09T06:42:22.149Z","controlled-replay","replay-1791528142110","controlled-replay","off-route-updates","off-route-updates","0","2","dstar","15","15","3","","","0.0089","1,7","E","13,7","1,7","[]","[]","[[7,1],[7,13]]","2","success","success","true","12","0","0","0","13","0.2","0","0.2"
"2026-10-09T06:42:22.149Z","controlled-replay","replay-1791528142110","controlled-replay","off-route-updates","off-route-updates","1","2","dstar","15","15","3","","","0.0089","1,7","E","13,7","1,7","[""7,1""]","[""7,1""]","[[7,1],[7,13]]","2","success","success","true","12","1","1","0","0","0","0","0"
"2026-10-09T06:42:22.149Z","controlled-replay","replay-1791528142110","controlled-replay","off-route-updates","off-route-updates","2","2","dstar","15","15","3","","","0.0089","1,7","E","13,7","6,7","[""7,13""]","[""7,1"",""7,13""]","[[7,1],[7,13]]","2","success","success","true","7","2","1","0","0","0","0","0"
"2026-10-09T06:42:22.150Z","controlled-replay","replay-1791528142110","controlled-replay","goal-cut-off","goal-cut-off","0","2","dstar","15","15","3","","","0.0667","1,6","E","13,8","1,6","[]","[]","[[0,7],[1,7],[2,7],[3,7],[4,7],[5,7],[6,7],[7,7],[8,7],[9,7],[10,7],[11,7],[12,7],[13,7],[14,7]]","15","success","success","true","14","0","0","0","39","0.7","0","0.7"
"2026-10-09T06:42:22.152Z","controlled-replay","replay-1791528142110","controlled-replay","goal-cut-off","goal-cut-off","1","2","dstar","15","15","3","","","0.0667","1,6","E","13,8","1,6","[""0,7"",""1,7"",""2,7"",""3,7"",""4,7"",""5,7"",""6,7"",""7,7"",""8,7"",""9,7"",""10,7"",""11,7"",""12,7"",""13,7"",""14,7""]","[""0,7"",""1,7"",""10,7"",""11,7"",""12,7"",""13,7"",""14,7"",""2,7"",""3,7"",""4,7"",""5,7"",""6,7"",""7,7"",""8,7"",""9,7""]","[[0,7],[1,7],[2,7],[3,7],[4,7],[5,7],[6,7],[7,7],[8,7],[9,7],[10,7],[11,7],[12,7],[13,7],[14,7]]","15","no_route","no_route","true","0","1","15","0","118","0","2","2"
"2026-10-09T06:42:22.153Z","controlled-replay","replay-1791528142110","controlled-replay","goal-cut-off","goal-cut-off","2","2","dstar","15","15","3","","","0.0667","1,6","E","13,8","1,6","[]","[""0,7"",""1,7"",""10,7"",""11,7"",""12,7"",""13,7"",""14,7"",""2,7"",""3,7"",""4,7"",""5,7"",""6,7"",""7,7"",""8,7"",""9,7""]","[[0,7],[1,7],[2,7],[3,7],[4,7],[5,7],[6,7],[7,7],[8,7],[9,7],[10,7],[11,7],[12,7],[13,7],[14,7]]","15","no_route","no_route","true","0","2","0","0","0","0","0","0"
"2026-10-09T06:42:22.153Z","controlled-replay","replay-1791528142110","controlled-replay","goal-cut-off","goal-cut-off","0","2","astar","15","15","3","","","0.0667","1,6","E","13,8","1,6","[]","[]","[[0,7],[1,7],[2,7],[3,7],[4,7],[5,7],[6,7],[7,7],[8,7],[9,7],[10,7],[11,7],[12,7],[13,7],[14,7]]","15","success","success","true","14","0","0","0","38","0.1","0","0.1"
"2026-10-09T06:42:22.153Z","controlled-replay","replay-1791528142110","controlled-replay","goal-cut-off","goal-cut-off","1","2","astar","15","15","3","","","0.0667","1,6","E","13,8","1,6","[""0,7"",""1,7"",""2,7"",""3,7"",""4,7"",""5,7"",""6,7"",""7,7"",""8,7"",""9,7"",""10,7"",""11,7"",""12,7"",""13,7"",""14,7""]","[""0,7"",""1,7"",""10,7"",""11,7"",""12,7"",""13,7"",""14,7"",""2,7"",""3,7"",""4,7"",""5,7"",""6,7"",""7,7"",""8,7"",""9,7""]","[[0,7],[1,7],[2,7],[3,7],[4,7],[5,7],[6,7],[7,7],[8,7],[9,7],[10,7],[11,7],[12,7],[13,7],[14,7]]","15","no_route","no_route","true","0","1","15","0","105","0","0.2","0.2"
"2026-10-09T06:42:22.153Z","controlled-replay","replay-1791528142110","controlled-replay","goal-cut-off","goal-cut-off","2","2","astar","15","15","3","","","0.0667","1,6","E","13,8","1,6","[]","[""0,7"",""1,7"",""10,7"",""11,7"",""12,7"",""13,7"",""14,7"",""2,7"",""3,7"",""4,7"",""5,7"",""6,7"",""7,7"",""8,7"",""9,7""]","[[0,7],[1,7],[2,7],[3,7],[4,7],[5,7],[6,7],[7,7],[8,7],[9,7],[10,7],[11,7],[12,7],[13,7],[14,7]]","15","no_route","no_route","true","0","2","0","0","105","0","0.2","0.2"
"2026-10-09T06:42:22.154Z","controlled-replay","replay-1791528142110","controlled-replay","single-blocker","single-blocker","0","3","dstar","15","15","3","","","0.0044","1,7","E","13,7","1,7","[]","[]","[[7,7]]","1","success","success","true","12","0","0","0","13","0.2","0","0.2"
"2026-10-09T06:42:22.155Z","controlled-replay","replay-1791528142110","controlled-replay","single-blocker","single-blocker","1","3","dstar","15","15","3","","","0.0044","1,7","E","13,7","1,7","[""7,7""]","[""7,7""]","[[7,7]]","1","success","success","true","14","1","1","0","40","0","0.7","0.7"
"2026-10-09T06:42:22.155Z","controlled-replay","replay-1791528142110","controlled-replay","single-blocker","single-blocker","2","3","dstar","15","15","3","","","0.0044","1,7","E","13,7","5,8","[]","[""7,7""]","[[7,7]]","1","success","success","true","9","2","0","0","0","0","0","0"
"2026-10-09T06:42:22.155Z","controlled-replay","replay-1791528142110","controlled-replay","single-blocker","single-blocker","0","3","astar","15","15","3","","","0.0044","1,7","E","13,7","1,7","[]","[]","[[7,7]]","1","success","success","true","12","0","0","0","12","0.1","0","0.1"
"2026-10-09T06:42:22.156Z","controlled-replay","replay-1791528142110","controlled-replay","single-blocker","single-blocker","1","3","astar","15","15","3","","","0.0044","1,7","E","13,7","1,7","[""7,7""]","[""7,7""]","[[7,7]]","1","success","success","true","14","1","1","0","38","0","0.2","0.2"
"2026-10-09T06:42:22.156Z","controlled-replay","replay-1791528142110","controlled-replay","single-blocker","single-blocker","2","3","astar","15","15","3","","","0.0044","1,7","E","13,7","5,8","[]","[""7,7""]","[[7,7]]","1","success","success","true","9","2","0","0","16","0","0.1","0.1"
"2026-10-09T06:42:22.157Z","controlled-replay","replay-1791528142110","controlled-replay","sequential-blockers","sequential-blockers","0","3","astar","15","15","3","","","0.0089","1,7","E","13,7","1,7","[]","[]","[[7,6],[7,7]]","2","success","success","true","12","0","0","0","12","0","0","0"
"2026-10-09T06:42:22.157Z","controlled-replay","replay-1791528142110","controlled-replay","sequential-blockers","sequential-blockers","1","3","astar","15","15","3","","","0.0089","1,7","E","13,7","1,7","[""7,7""]","[""7,7""]","[[7,6],[7,7]]","2","success","success","true","14","1","1","0","38","0","0.1","0.1"
"2026-10-09T06:42:22.158Z","controlled-replay","replay-1791528142110","controlled-replay","sequential-blockers","sequential-blockers","2","3","astar","15","15","3","","","0.0089","1,7","E","13,7","5,8","[""7,6""]","[""7,6"",""7,7""]","[[7,6],[7,7]]","2","success","success","true","9","2","1","0","16","0","0","0"
"2026-10-09T06:42:22.158Z","controlled-replay","replay-1791528142110","controlled-replay","sequential-blockers","sequential-blockers","0","3","dstar","15","15","3","","","0.0089","1,7","E","13,7","1,7","[]","[]","[[7,6],[7,7]]","2","success","success","true","12","0","0","0","13","0.2","0","0.2"
"2026-10-09T06:42:22.159Z","controlled-replay","replay-1791528142110","controlled-replay","sequential-blockers","sequential-blockers","1","3","dstar","15","15","3","","","0.0089","1,7","E","13,7","1,7","[""7,7""]","[""7,7""]","[[7,6],[7,7]]","2","success","success","true","14","1","1","0","40","0","0.7","0.7"
"2026-10-09T06:42:22.160Z","controlled-replay","replay-1791528142110","controlled-replay","sequential-blockers","sequential-blockers","2","3","dstar","15","15","3","","","0.0089","1,7","E","13,7","5,8","[""7,6""]","[""7,6"",""7,7""]","[[7,6],[7,7]]","2","success","success","true","9","2","1","0","0","0","0","0"
"2026-10-09T06:42:22.160Z","controlled-replay","replay-1791528142110","controlled-replay","off-route-updates","off-route-updates","0","3","dstar","15","15","3","","","0.0089","1,7","E","13,7","1,7","[]","[]","[[7,1],[7,13]]","2","success","success","true","12","0","0","0","13","0.5","0","0.5"
"2026-10-09T06:42:22.161Z","controlled-replay","replay-1791528142110","controlled-replay","off-route-updates","off-route-updates","1","3","dstar","15","15","3","","","0.0089","1,7","E","13,7","1,7","[""7,1""]","[""7,1""]","[[7,1],[7,13]]","2","success","success","true","12","1","1","0","0","0","0.1","0.1"
"2026-10-09T06:42:22.161Z","controlled-replay","replay-1791528142110","controlled-replay","off-route-updates","off-route-updates","2","3","dstar","15","15","3","","","0.0089","1,7","E","13,7","6,7","[""7,13""]","[""7,1"",""7,13""]","[[7,1],[7,13]]","2","success","success","true","7","2","1","0","0","0","0","0"
"2026-10-09T06:42:22.161Z","controlled-replay","replay-1791528142110","controlled-replay","off-route-updates","off-route-updates","0","3","astar","15","15","3","","","0.0089","1,7","E","13,7","1,7","[]","[]","[[7,1],[7,13]]","2","success","success","true","12","0","0","0","12","0.1","0","0.1"
"2026-10-09T06:42:22.162Z","controlled-replay","replay-1791528142110","controlled-replay","off-route-updates","off-route-updates","1","3","astar","15","15","3","","","0.0089","1,7","E","13,7","1,7","[""7,1""]","[""7,1""]","[[7,1],[7,13]]","2","success","success","true","12","1","1","0","12","0","0","0"
"2026-10-09T06:42:22.162Z","controlled-replay","replay-1791528142110","controlled-replay","off-route-updates","off-route-updates","2","3","astar","15","15","3","","","0.0089","1,7","E","13,7","6,7","[""7,13""]","[""7,1"",""7,13""]","[[7,1],[7,13]]","2","success","success","true","7","2","1","0","7","0","0","0"
"2026-10-09T06:42:22.162Z","controlled-replay","replay-1791528142110","controlled-replay","goal-cut-off","goal-cut-off","0","3","astar","15","15","3","","","0.0667","1,6","E","13,8","1,6","[]","[]","[[0,7],[1,7],[2,7],[3,7],[4,7],[5,7],[6,7],[7,7],[8,7],[9,7],[10,7],[11,7],[12,7],[13,7],[14,7]]","15","success","success","true","14","0","0","0","38","0.2","0","0.2"
"2026-10-09T06:42:22.163Z","controlled-replay","replay-1791528142110","controlled-replay","goal-cut-off","goal-cut-off","1","3","astar","15","15","3","","","0.0667","1,6","E","13,8","1,6","[""0,7"",""1,7"",""2,7"",""3,7"",""4,7"",""5,7"",""6,7"",""7,7"",""8,7"",""9,7"",""10,7"",""11,7"",""12,7"",""13,7"",""14,7""]","[""0,7"",""1,7"",""10,7"",""11,7"",""12,7"",""13,7"",""14,7"",""2,7"",""3,7"",""4,7"",""5,7"",""6,7"",""7,7"",""8,7"",""9,7""]","[[0,7],[1,7],[2,7],[3,7],[4,7],[5,7],[6,7],[7,7],[8,7],[9,7],[10,7],[11,7],[12,7],[13,7],[14,7]]","15","no_route","no_route","true","0","1","15","0","105","0","0.3","0.3"
"2026-10-09T06:42:22.164Z","controlled-replay","replay-1791528142110","controlled-replay","goal-cut-off","goal-cut-off","2","3","astar","15","15","3","","","0.0667","1,6","E","13,8","1,6","[]","[""0,7"",""1,7"",""10,7"",""11,7"",""12,7"",""13,7"",""14,7"",""2,7"",""3,7"",""4,7"",""5,7"",""6,7"",""7,7"",""8,7"",""9,7""]","[[0,7],[1,7],[2,7],[3,7],[4,7],[5,7],[6,7],[7,7],[8,7],[9,7],[10,7],[11,7],[12,7],[13,7],[14,7]]","15","no_route","no_route","true","0","2","0","0","105","0","0.2","0.2"
"2026-10-09T06:42:22.165Z","controlled-replay","replay-1791528142110","controlled-replay","goal-cut-off","goal-cut-off","0","3","dstar","15","15","3","","","0.0667","1,6","E","13,8","1,6","[]","[]","[[0,7],[1,7],[2,7],[3,7],[4,7],[5,7],[6,7],[7,7],[8,7],[9,7],[10,7],[11,7],[12,7],[13,7],[14,7]]","15","success","success","true","14","0","0","0","39","0.8","0","0.8"
"2026-10-09T06:42:22.168Z","controlled-replay","replay-1791528142110","controlled-replay","goal-cut-off","goal-cut-off","1","3","dstar","15","15","3","","","0.0667","1,6","E","13,8","1,6","[""0,7"",""1,7"",""2,7"",""3,7"",""4,7"",""5,7"",""6,7"",""7,7"",""8,7"",""9,7"",""10,7"",""11,7"",""12,7"",""13,7"",""14,7""]","[""0,7"",""1,7"",""10,7"",""11,7"",""12,7"",""13,7"",""14,7"",""2,7"",""3,7"",""4,7"",""5,7"",""6,7"",""7,7"",""8,7"",""9,7""]","[[0,7],[1,7],[2,7],[3,7],[4,7],[5,7],[6,7],[7,7],[8,7],[9,7],[10,7],[11,7],[12,7],[13,7],[14,7]]","15","no_route","no_route","true","0","1","15","0","118","0","2.3","2.3"
"2026-10-09T06:42:22.168Z","controlled-replay","replay-1791528142110","controlled-replay","goal-cut-off","goal-cut-off","2","3","dstar","15","15","3","","","0.0667","1,6","E","13,8","1,6","[]","[""0,7"",""1,7"",""10,7"",""11,7"",""12,7"",""13,7"",""14,7"",""2,7"",""3,7"",""4,7"",""5,7"",""6,7"",""7,7"",""8,7"",""9,7""]","[[0,7],[1,7],[2,7],[3,7],[4,7],[5,7],[6,7],[7,7],[8,7],[9,7],[10,7],[11,7],[12,7],[13,7],[14,7]]","15","no_route","no_route","true","0","2","0","0","0","0","0","0"
"2026-10-09T06:42:22.168Z","controlled-replay","replay-1791528142110","controlled-replay","single-blocker","single-blocker","0","4","astar","15","15","3","","","0.0044","1,7","E","13,7","1,7","[]","[]","[[7,7]]","1","success","success","true","12","0","0","0","12","0","0","0"
"2026-10-09T06:42:22.168Z","controlled-replay","replay-1791528142110","controlled-replay","single-blocker","single-blocker","1","4","astar","15","15","3","","","0.0044","1,7","E","13,7","1,7","[""7,7""]","[""7,7""]","[[7,7]]","1","success","success","true","14","1","1","0","38","0","0","0"
"2026-10-09T06:42:22.169Z","controlled-replay","replay-1791528142110","controlled-replay","single-blocker","single-blocker","2","4","astar","15","15","3","","","0.0044","1,7","E","13,7","5,8","[]","[""7,7""]","[[7,7]]","1","success","success","true","9","2","0","0","16","0","0.2","0.2"
"2026-10-09T06:42:22.170Z","controlled-replay","replay-1791528142110","controlled-replay","single-blocker","single-blocker","0","4","dstar","15","15","3","","","0.0044","1,7","E","13,7","1,7","[]","[]","[[7,7]]","1","success","success","true","12","0","0","0","13","0.2","0","0.2"
"2026-10-09T06:42:22.170Z","controlled-replay","replay-1791528142110","controlled-replay","single-blocker","single-blocker","1","4","dstar","15","15","3","","","0.0044","1,7","E","13,7","1,7","[""7,7""]","[""7,7""]","[[7,7]]","1","success","success","true","14","1","1","0","40","0","0.5","0.5"
"2026-10-09T06:42:22.171Z","controlled-replay","replay-1791528142110","controlled-replay","single-blocker","single-blocker","2","4","dstar","15","15","3","","","0.0044","1,7","E","13,7","5,8","[]","[""7,7""]","[[7,7]]","1","success","success","true","9","2","0","0","0","0","0.1","0.1"
"2026-10-09T06:42:22.171Z","controlled-replay","replay-1791528142110","controlled-replay","sequential-blockers","sequential-blockers","0","4","dstar","15","15","3","","","0.0089","1,7","E","13,7","1,7","[]","[]","[[7,6],[7,7]]","2","success","success","true","12","0","0","0","13","0.2","0","0.2"
"2026-10-09T06:42:22.172Z","controlled-replay","replay-1791528142110","controlled-replay","sequential-blockers","sequential-blockers","1","4","dstar","15","15","3","","","0.0089","1,7","E","13,7","1,7","[""7,7""]","[""7,7""]","[[7,6],[7,7]]","2","success","success","true","14","1","1","0","40","0","0.8","0.8"
"2026-10-09T06:42:22.172Z","controlled-replay","replay-1791528142110","controlled-replay","sequential-blockers","sequential-blockers","2","4","dstar","15","15","3","","","0.0089","1,7","E","13,7","5,8","[""7,6""]","[""7,6"",""7,7""]","[[7,6],[7,7]]","2","success","success","true","9","2","1","0","0","0","0","0"
"2026-10-09T06:42:22.173Z","controlled-replay","replay-1791528142110","controlled-replay","sequential-blockers","sequential-blockers","0","4","astar","15","15","3","","","0.0089","1,7","E","13,7","1,7","[]","[]","[[7,6],[7,7]]","2","success","success","true","12","0","0","0","12","0","0","0"
"2026-10-09T06:42:22.173Z","controlled-replay","replay-1791528142110","controlled-replay","sequential-blockers","sequential-blockers","1","4","astar","15","15","3","","","0.0089","1,7","E","13,7","1,7","[""7,7""]","[""7,7""]","[[7,6],[7,7]]","2","success","success","true","14","1","1","0","38","0","0.2","0.2"
"2026-10-09T06:42:22.174Z","controlled-replay","replay-1791528142110","controlled-replay","sequential-blockers","sequential-blockers","2","4","astar","15","15","3","","","0.0089","1,7","E","13,7","5,8","[""7,6""]","[""7,6"",""7,7""]","[[7,6],[7,7]]","2","success","success","true","9","2","1","0","16","0","0.1","0.1"
"2026-10-09T06:42:22.174Z","controlled-replay","replay-1791528142110","controlled-replay","off-route-updates","off-route-updates","0","4","astar","15","15","3","","","0.0089","1,7","E","13,7","1,7","[]","[]","[[7,1],[7,13]]","2","success","success","true","12","0","0","0","12","0.2","0","0.2"
"2026-10-09T06:42:22.174Z","controlled-replay","replay-1791528142110","controlled-replay","off-route-updates","off-route-updates","1","4","astar","15","15","3","","","0.0089","1,7","E","13,7","1,7","[""7,1""]","[""7,1""]","[[7,1],[7,13]]","2","success","success","true","12","1","1","0","12","0","0","0"
"2026-10-09T06:42:22.174Z","controlled-replay","replay-1791528142110","controlled-replay","off-route-updates","off-route-updates","2","4","astar","15","15","3","","","0.0089","1,7","E","13,7","6,7","[""7,13""]","[""7,1"",""7,13""]","[[7,1],[7,13]]","2","success","success","true","7","2","1","0","7","0","0","0"
"2026-10-09T06:42:22.175Z","controlled-replay","replay-1791528142110","controlled-replay","off-route-updates","off-route-updates","0","4","dstar","15","15","3","","","0.0089","1,7","E","13,7","1,7","[]","[]","[[7,1],[7,13]]","2","success","success","true","12","0","0","0","13","0.2","0","0.2"
"2026-10-09T06:42:22.175Z","controlled-replay","replay-1791528142110","controlled-replay","off-route-updates","off-route-updates","1","4","dstar","15","15","3","","","0.0089","1,7","E","13,7","1,7","[""7,1""]","[""7,1""]","[[7,1],[7,13]]","2","success","success","true","12","1","1","0","0","0","0","0"
"2026-10-09T06:42:22.175Z","controlled-replay","replay-1791528142110","controlled-replay","off-route-updates","off-route-updates","2","4","dstar","15","15","3","","","0.0089","1,7","E","13,7","6,7","[""7,13""]","[""7,1"",""7,13""]","[[7,1],[7,13]]","2","success","success","true","7","2","1","0","0","0","0","0"
"2026-10-09T06:42:22.176Z","controlled-replay","replay-1791528142110","controlled-replay","goal-cut-off","goal-cut-off","0","4","dstar","15","15","3","","","0.0667","1,6","E","13,8","1,6","[]","[]","[[0,7],[1,7],[2,7],[3,7],[4,7],[5,7],[6,7],[7,7],[8,7],[9,7],[10,7],[11,7],[12,7],[13,7],[14,7]]","15","success","success","true","14","0","0","0","39","0.4","0","0.4"
"2026-10-09T06:42:22.178Z","controlled-replay","replay-1791528142110","controlled-replay","goal-cut-off","goal-cut-off","1","4","dstar","15","15","3","","","0.0667","1,6","E","13,8","1,6","[""0,7"",""1,7"",""2,7"",""3,7"",""4,7"",""5,7"",""6,7"",""7,7"",""8,7"",""9,7"",""10,7"",""11,7"",""12,7"",""13,7"",""14,7""]","[""0,7"",""1,7"",""10,7"",""11,7"",""12,7"",""13,7"",""14,7"",""2,7"",""3,7"",""4,7"",""5,7"",""6,7"",""7,7"",""8,7"",""9,7""]","[[0,7],[1,7],[2,7],[3,7],[4,7],[5,7],[6,7],[7,7],[8,7],[9,7],[10,7],[11,7],[12,7],[13,7],[14,7]]","15","no_route","no_route","true","0","1","15","0","118","0","1.3","1.3"
"2026-10-09T06:42:22.178Z","controlled-replay","replay-1791528142110","controlled-replay","goal-cut-off","goal-cut-off","2","4","dstar","15","15","3","","","0.0667","1,6","E","13,8","1,6","[]","[""0,7"",""1,7"",""10,7"",""11,7"",""12,7"",""13,7"",""14,7"",""2,7"",""3,7"",""4,7"",""5,7"",""6,7"",""7,7"",""8,7"",""9,7""]","[[0,7],[1,7],[2,7],[3,7],[4,7],[5,7],[6,7],[7,7],[8,7],[9,7],[10,7],[11,7],[12,7],[13,7],[14,7]]","15","no_route","no_route","true","0","2","0","0","0","0","0","0"
"2026-10-09T06:42:22.178Z","controlled-replay","replay-1791528142110","controlled-replay","goal-cut-off","goal-cut-off","0","4","astar","15","15","3","","","0.0667","1,6","E","13,8","1,6","[]","[]","[[0,7],[1,7],[2,7],[3,7],[4,7],[5,7],[6,7],[7,7],[8,7],[9,7],[10,7],[11,7],[12,7],[13,7],[14,7]]","15","success","success","true","14","0","0","0","38","0.3","0","0.3"
"2026-10-09T06:42:22.178Z","controlled-replay","replay-1791528142110","controlled-replay","goal-cut-off","goal-cut-off","1","4","astar","15","15","3","","","0.0667","1,6","E","13,8","1,6","[""0,7"",""1,7"",""2,7"",""3,7"",""4,7"",""5,7"",""6,7"",""7,7"",""8,7"",""9,7"",""10,7"",""11,7"",""12,7"",""13,7"",""14,7""]","[""0,7"",""1,7"",""10,7"",""11,7"",""12,7"",""13,7"",""14,7"",""2,7"",""3,7"",""4,7"",""5,7"",""6,7"",""7,7"",""8,7"",""9,7""]","[[0,7],[1,7],[2,7],[3,7],[4,7],[5,7],[6,7],[7,7],[8,7],[9,7],[10,7],[11,7],[12,7],[13,7],[14,7]]","15","no_route","no_route","true","0","1","15","0","105","0","0.1","0.1"
"2026-10-09T06:42:22.179Z","controlled-replay","replay-1791528142110","controlled-replay","goal-cut-off","goal-cut-off","2","4","astar","15","15","3","","","0.0667","1,6","E","13,8","1,6","[]","[""0,7"",""1,7"",""10,7"",""11,7"",""12,7"",""13,7"",""14,7"",""2,7"",""3,7"",""4,7"",""5,7"",""6,7"",""7,7"",""8,7"",""9,7""]","[[0,7],[1,7],[2,7],[3,7],[4,7],[5,7],[6,7],[7,7],[8,7],[9,7],[10,7],[11,7],[12,7],[13,7],[14,7]]","15","no_route","no_route","true","0","2","0","0","105","0","0.1","0.1"
"2026-10-09T06:42:22.179Z","controlled-replay","replay-1791528142110","controlled-replay","single-blocker","single-blocker","0","5","dstar","15","15","3","","","0.0044","1,7","E","13,7","1,7","[]","[]","[[7,7]]","1","success","success","true","12","0","0","0","13","0.2","0","0.2"
"2026-10-09T06:42:22.180Z","controlled-replay","replay-1791528142110","controlled-replay","single-blocker","single-blocker","1","5","dstar","15","15","3","","","0.0044","1,7","E","13,7","1,7","[""7,7""]","[""7,7""]","[[7,7]]","1","success","success","true","14","1","1","0","40","0","0.6","0.6"
"2026-10-09T06:42:22.180Z","controlled-replay","replay-1791528142110","controlled-replay","single-blocker","single-blocker","2","5","dstar","15","15","3","","","0.0044","1,7","E","13,7","5,8","[]","[""7,7""]","[[7,7]]","1","success","success","true","9","2","0","0","0","0","0","0"
"2026-10-09T06:42:22.181Z","controlled-replay","replay-1791528142110","controlled-replay","single-blocker","single-blocker","0","5","astar","15","15","3","","","0.0044","1,7","E","13,7","1,7","[]","[]","[[7,7]]","1","success","success","true","12","0","0","0","12","0.1","0","0.1"
"2026-10-09T06:42:22.181Z","controlled-replay","replay-1791528142110","controlled-replay","single-blocker","single-blocker","1","5","astar","15","15","3","","","0.0044","1,7","E","13,7","1,7","[""7,7""]","[""7,7""]","[[7,7]]","1","success","success","true","14","1","1","0","38","0","0.2","0.2"
"2026-10-09T06:42:22.181Z","controlled-replay","replay-1791528142110","controlled-replay","single-blocker","single-blocker","2","5","astar","15","15","3","","","0.0044","1,7","E","13,7","5,8","[]","[""7,7""]","[[7,7]]","1","success","success","true","9","2","0","0","16","0","0","0"
"2026-10-09T06:42:22.181Z","controlled-replay","replay-1791528142110","controlled-replay","sequential-blockers","sequential-blockers","0","5","astar","15","15","3","","","0.0089","1,7","E","13,7","1,7","[]","[]","[[7,6],[7,7]]","2","success","success","true","12","0","0","0","12","0","0","0"
"2026-10-09T06:42:22.182Z","controlled-replay","replay-1791528142110","controlled-replay","sequential-blockers","sequential-blockers","1","5","astar","15","15","3","","","0.0089","1,7","E","13,7","1,7","[""7,7""]","[""7,7""]","[[7,6],[7,7]]","2","success","success","true","14","1","1","0","38","0","0","0"
"2026-10-09T06:42:22.182Z","controlled-replay","replay-1791528142110","controlled-replay","sequential-blockers","sequential-blockers","2","5","astar","15","15","3","","","0.0089","1,7","E","13,7","5,8","[""7,6""]","[""7,6"",""7,7""]","[[7,6],[7,7]]","2","success","success","true","9","2","1","0","16","0","0","0"
"2026-10-09T06:42:22.182Z","controlled-replay","replay-1791528142110","controlled-replay","sequential-blockers","sequential-blockers","0","5","dstar","15","15","3","","","0.0089","1,7","E","13,7","1,7","[]","[]","[[7,6],[7,7]]","2","success","success","true","12","0","0","0","13","0.2","0","0.2"
"2026-10-09T06:42:22.183Z","controlled-replay","replay-1791528142110","controlled-replay","sequential-blockers","sequential-blockers","1","5","dstar","15","15","3","","","0.0089","1,7","E","13,7","1,7","[""7,7""]","[""7,7""]","[[7,6],[7,7]]","2","success","success","true","14","1","1","0","40","0","0.5","0.5"
"2026-10-09T06:42:22.183Z","controlled-replay","replay-1791528142110","controlled-replay","sequential-blockers","sequential-blockers","2","5","dstar","15","15","3","","","0.0089","1,7","E","13,7","5,8","[""7,6""]","[""7,6"",""7,7""]","[[7,6],[7,7]]","2","success","success","true","9","2","1","0","0","0","0","0"
"2026-10-09T06:42:22.183Z","controlled-replay","replay-1791528142110","controlled-replay","off-route-updates","off-route-updates","0","5","dstar","15","15","3","","","0.0089","1,7","E","13,7","1,7","[]","[]","[[7,1],[7,13]]","2","success","success","true","12","0","0","0","13","0.2","0","0.2"
"2026-10-09T06:42:22.184Z","controlled-replay","replay-1791528142110","controlled-replay","off-route-updates","off-route-updates","1","5","dstar","15","15","3","","","0.0089","1,7","E","13,7","1,7","[""7,1""]","[""7,1""]","[[7,1],[7,13]]","2","success","success","true","12","1","1","0","0","0","0.1","0.1"
"2026-10-09T06:42:22.184Z","controlled-replay","replay-1791528142110","controlled-replay","off-route-updates","off-route-updates","2","5","dstar","15","15","3","","","0.0089","1,7","E","13,7","6,7","[""7,13""]","[""7,1"",""7,13""]","[[7,1],[7,13]]","2","success","success","true","7","2","1","0","0","0","0","0"
"2026-10-09T06:42:22.185Z","controlled-replay","replay-1791528142110","controlled-replay","off-route-updates","off-route-updates","0","5","astar","15","15","3","","","0.0089","1,7","E","13,7","1,7","[]","[]","[[7,1],[7,13]]","2","success","success","true","12","0","0","0","12","0","0","0"
"2026-10-09T06:42:22.185Z","controlled-replay","replay-1791528142110","controlled-replay","off-route-updates","off-route-updates","1","5","astar","15","15","3","","","0.0089","1,7","E","13,7","1,7","[""7,1""]","[""7,1""]","[[7,1],[7,13]]","2","success","success","true","12","1","1","0","12","0","0","0"
"2026-10-09T06:42:22.185Z","controlled-replay","replay-1791528142110","controlled-replay","off-route-updates","off-route-updates","2","5","astar","15","15","3","","","0.0089","1,7","E","13,7","6,7","[""7,13""]","[""7,1"",""7,13""]","[[7,1],[7,13]]","2","success","success","true","7","2","1","0","7","0","0.1","0.1"
"2026-10-09T06:42:22.185Z","controlled-replay","replay-1791528142110","controlled-replay","goal-cut-off","goal-cut-off","0","5","astar","15","15","3","","","0.0667","1,6","E","13,8","1,6","[]","[]","[[0,7],[1,7],[2,7],[3,7],[4,7],[5,7],[6,7],[7,7],[8,7],[9,7],[10,7],[11,7],[12,7],[13,7],[14,7]]","15","success","success","true","14","0","0","0","38","0.1","0","0.1"
"2026-10-09T06:42:22.186Z","controlled-replay","replay-1791528142110","controlled-replay","goal-cut-off","goal-cut-off","1","5","astar","15","15","3","","","0.0667","1,6","E","13,8","1,6","[""0,7"",""1,7"",""2,7"",""3,7"",""4,7"",""5,7"",""6,7"",""7,7"",""8,7"",""9,7"",""10,7"",""11,7"",""12,7"",""13,7"",""14,7""]","[""0,7"",""1,7"",""10,7"",""11,7"",""12,7"",""13,7"",""14,7"",""2,7"",""3,7"",""4,7"",""5,7"",""6,7"",""7,7"",""8,7"",""9,7""]","[[0,7],[1,7],[2,7],[3,7],[4,7],[5,7],[6,7],[7,7],[8,7],[9,7],[10,7],[11,7],[12,7],[13,7],[14,7]]","15","no_route","no_route","true","0","1","15","0","105","0","0.3","0.3"
"2026-10-09T06:42:22.187Z","controlled-replay","replay-1791528142110","controlled-replay","goal-cut-off","goal-cut-off","2","5","astar","15","15","3","","","0.0667","1,6","E","13,8","1,6","[]","[""0,7"",""1,7"",""10,7"",""11,7"",""12,7"",""13,7"",""14,7"",""2,7"",""3,7"",""4,7"",""5,7"",""6,7"",""7,7"",""8,7"",""9,7""]","[[0,7],[1,7],[2,7],[3,7],[4,7],[5,7],[6,7],[7,7],[8,7],[9,7],[10,7],[11,7],[12,7],[13,7],[14,7]]","15","no_route","no_route","true","0","2","0","0","105","0","0.2","0.2"
"2026-10-09T06:42:22.187Z","controlled-replay","replay-1791528142110","controlled-replay","goal-cut-off","goal-cut-off","0","5","dstar","15","15","3","","","0.0667","1,6","E","13,8","1,6","[]","[]","[[0,7],[1,7],[2,7],[3,7],[4,7],[5,7],[6,7],[7,7],[8,7],[9,7],[10,7],[11,7],[12,7],[13,7],[14,7]]","15","success","success","true","14","0","0","0","39","0.5","0","0.5"
"2026-10-09T06:42:22.189Z","controlled-replay","replay-1791528142110","controlled-replay","goal-cut-off","goal-cut-off","1","5","dstar","15","15","3","","","0.0667","1,6","E","13,8","1,6","[""0,7"",""1,7"",""2,7"",""3,7"",""4,7"",""5,7"",""6,7"",""7,7"",""8,7"",""9,7"",""10,7"",""11,7"",""12,7"",""13,7"",""14,7""]","[""0,7"",""1,7"",""10,7"",""11,7"",""12,7"",""13,7"",""14,7"",""2,7"",""3,7"",""4,7"",""5,7"",""6,7"",""7,7"",""8,7"",""9,7""]","[[0,7],[1,7],[2,7],[3,7],[4,7],[5,7],[6,7],[7,7],[8,7],[9,7],[10,7],[11,7],[12,7],[13,7],[14,7]]","15","no_route","no_route","true","0","1","15","0","118","0","1.4","1.4"
"2026-10-09T06:42:22.189Z","controlled-replay","replay-1791528142110","controlled-replay","goal-cut-off","goal-cut-off","2","5","dstar","15","15","3","","","0.0667","1,6","E","13,8","1,6","[]","[""0,7"",""1,7"",""10,7"",""11,7"",""12,7"",""13,7"",""14,7"",""2,7"",""3,7"",""4,7"",""5,7"",""6,7"",""7,7"",""8,7"",""9,7""]","[[0,7],[1,7],[2,7],[3,7],[4,7],[5,7],[6,7],[7,7],[8,7],[9,7],[10,7],[11,7],[12,7],[13,7],[14,7]]","15","no_route","no_route","true","0","2","0","0","0","0","0","0"
"2026-10-09T06:42:22.189Z","controlled-replay","replay-1791528142110","controlled-replay","single-blocker","single-blocker","0","6","astar","15","15","3","","","0.0044","1,7","E","13,7","1,7","[]","[]","[[7,7]]","1","success","success","true","12","0","0","0","12","0.1","0","0.1"
"2026-10-09T06:42:22.190Z","controlled-replay","replay-1791528142110","controlled-replay","single-blocker","single-blocker","1","6","astar","15","15","3","","","0.0044","1,7","E","13,7","1,7","[""7,7""]","[""7,7""]","[[7,7]]","1","success","success","true","14","1","1","0","38","0","0","0"
"2026-10-09T06:42:22.190Z","controlled-replay","replay-1791528142110","controlled-replay","single-blocker","single-blocker","2","6","astar","15","15","3","","","0.0044","1,7","E","13,7","5,8","[]","[""7,7""]","[[7,7]]","1","success","success","true","9","2","0","0","16","0","0.1","0.1"
"2026-10-09T06:42:22.190Z","controlled-replay","replay-1791528142110","controlled-replay","single-blocker","single-blocker","0","6","dstar","15","15","3","","","0.0044","1,7","E","13,7","1,7","[]","[]","[[7,7]]","1","success","success","true","12","0","0","0","13","0.1","0","0.1"
"2026-10-09T06:42:22.192Z","controlled-replay","replay-1791528142110","controlled-replay","single-blocker","single-blocker","1","6","dstar","15","15","3","","","0.0044","1,7","E","13,7","1,7","[""7,7""]","[""7,7""]","[[7,7]]","1","success","success","true","14","1","1","0","40","0","0.9","0.9"
"2026-10-09T06:42:22.192Z","controlled-replay","replay-1791528142110","controlled-replay","single-blocker","single-blocker","2","6","dstar","15","15","3","","","0.0044","1,7","E","13,7","5,8","[]","[""7,7""]","[[7,7]]","1","success","success","true","9","2","0","0","0","0","0","0"
"2026-10-09T06:42:22.193Z","controlled-replay","replay-1791528142110","controlled-replay","sequential-blockers","sequential-blockers","0","6","dstar","15","15","3","","","0.0089","1,7","E","13,7","1,7","[]","[]","[[7,6],[7,7]]","2","success","success","true","12","0","0","0","13","0.3","0","0.3"
"2026-10-09T06:42:22.194Z","controlled-replay","replay-1791528142110","controlled-replay","sequential-blockers","sequential-blockers","1","6","dstar","15","15","3","","","0.0089","1,7","E","13,7","1,7","[""7,7""]","[""7,7""]","[[7,6],[7,7]]","2","success","success","true","14","1","1","0","40","0","0.8","0.8"
"2026-10-09T06:42:22.194Z","controlled-replay","replay-1791528142110","controlled-replay","sequential-blockers","sequential-blockers","2","6","dstar","15","15","3","","","0.0089","1,7","E","13,7","5,8","[""7,6""]","[""7,6"",""7,7""]","[[7,6],[7,7]]","2","success","success","true","9","2","1","0","0","0","0","0"
"2026-10-09T06:42:22.194Z","controlled-replay","replay-1791528142110","controlled-replay","sequential-blockers","sequential-blockers","0","6","astar","15","15","3","","","0.0089","1,7","E","13,7","1,7","[]","[]","[[7,6],[7,7]]","2","success","success","true","12","0","0","0","12","0","0","0"
"2026-10-09T06:42:22.195Z","controlled-replay","replay-1791528142110","controlled-replay","sequential-blockers","sequential-blockers","1","6","astar","15","15","3","","","0.0089","1,7","E","13,7","1,7","[""7,7""]","[""7,7""]","[[7,6],[7,7]]","2","success","success","true","14","1","1","0","38","0","0.1","0.1"
"2026-10-09T06:42:22.195Z","controlled-replay","replay-1791528142110","controlled-replay","sequential-blockers","sequential-blockers","2","6","astar","15","15","3","","","0.0089","1,7","E","13,7","5,8","[""7,6""]","[""7,6"",""7,7""]","[[7,6],[7,7]]","2","success","success","true","9","2","1","0","16","0","0","0"
"2026-10-09T06:42:22.195Z","controlled-replay","replay-1791528142110","controlled-replay","off-route-updates","off-route-updates","0","6","astar","15","15","3","","","0.0089","1,7","E","13,7","1,7","[]","[]","[[7,1],[7,13]]","2","success","success","true","12","0","0","0","12","0.1","0","0.1"
"2026-10-09T06:42:22.195Z","controlled-replay","replay-1791528142110","controlled-replay","off-route-updates","off-route-updates","1","6","astar","15","15","3","","","0.0089","1,7","E","13,7","1,7","[""7,1""]","[""7,1""]","[[7,1],[7,13]]","2","success","success","true","12","1","1","0","12","0","0","0"
"2026-10-09T06:42:22.196Z","controlled-replay","replay-1791528142110","controlled-replay","off-route-updates","off-route-updates","2","6","astar","15","15","3","","","0.0089","1,7","E","13,7","6,7","[""7,13""]","[""7,1"",""7,13""]","[[7,1],[7,13]]","2","success","success","true","7","2","1","0","7","0","0","0"
"2026-10-09T06:42:22.196Z","controlled-replay","replay-1791528142110","controlled-replay","off-route-updates","off-route-updates","0","6","dstar","15","15","3","","","0.0089","1,7","E","13,7","1,7","[]","[]","[[7,1],[7,13]]","2","success","success","true","12","0","0","0","13","0.6","0","0.6"
"2026-10-09T06:42:22.197Z","controlled-replay","replay-1791528142110","controlled-replay","off-route-updates","off-route-updates","1","6","dstar","15","15","3","","","0.0089","1,7","E","13,7","1,7","[""7,1""]","[""7,1""]","[[7,1],[7,13]]","2","success","success","true","12","1","1","0","0","0","0","0"
"2026-10-09T06:42:22.197Z","controlled-replay","replay-1791528142110","controlled-replay","off-route-updates","off-route-updates","2","6","dstar","15","15","3","","","0.0089","1,7","E","13,7","6,7","[""7,13""]","[""7,1"",""7,13""]","[[7,1],[7,13]]","2","success","success","true","7","2","1","0","0","0","0.1","0.1"
"2026-10-09T06:42:22.198Z","controlled-replay","replay-1791528142110","controlled-replay","goal-cut-off","goal-cut-off","0","6","dstar","15","15","3","","","0.0667","1,6","E","13,8","1,6","[]","[]","[[0,7],[1,7],[2,7],[3,7],[4,7],[5,7],[6,7],[7,7],[8,7],[9,7],[10,7],[11,7],[12,7],[13,7],[14,7]]","15","success","success","true","14","0","0","0","39","0.9","0","0.9"
"2026-10-09T06:42:22.201Z","controlled-replay","replay-1791528142110","controlled-replay","goal-cut-off","goal-cut-off","1","6","dstar","15","15","3","","","0.0667","1,6","E","13,8","1,6","[""0,7"",""1,7"",""2,7"",""3,7"",""4,7"",""5,7"",""6,7"",""7,7"",""8,7"",""9,7"",""10,7"",""11,7"",""12,7"",""13,7"",""14,7""]","[""0,7"",""1,7"",""10,7"",""11,7"",""12,7"",""13,7"",""14,7"",""2,7"",""3,7"",""4,7"",""5,7"",""6,7"",""7,7"",""8,7"",""9,7""]","[[0,7],[1,7],[2,7],[3,7],[4,7],[5,7],[6,7],[7,7],[8,7],[9,7],[10,7],[11,7],[12,7],[13,7],[14,7]]","15","no_route","no_route","true","0","1","15","0","118","0","2.3","2.3"
"2026-10-09T06:42:22.201Z","controlled-replay","replay-1791528142110","controlled-replay","goal-cut-off","goal-cut-off","2","6","dstar","15","15","3","","","0.0667","1,6","E","13,8","1,6","[]","[""0,7"",""1,7"",""10,7"",""11,7"",""12,7"",""13,7"",""14,7"",""2,7"",""3,7"",""4,7"",""5,7"",""6,7"",""7,7"",""8,7"",""9,7""]","[[0,7],[1,7],[2,7],[3,7],[4,7],[5,7],[6,7],[7,7],[8,7],[9,7],[10,7],[11,7],[12,7],[13,7],[14,7]]","15","no_route","no_route","true","0","2","0","0","0","0","0","0"
"2026-10-09T06:42:22.201Z","controlled-replay","replay-1791528142110","controlled-replay","goal-cut-off","goal-cut-off","0","6","astar","15","15","3","","","0.0667","1,6","E","13,8","1,6","[]","[]","[[0,7],[1,7],[2,7],[3,7],[4,7],[5,7],[6,7],[7,7],[8,7],[9,7],[10,7],[11,7],[12,7],[13,7],[14,7]]","15","success","success","true","14","0","0","0","38","0.1","0","0.1"
"2026-10-09T06:42:22.202Z","controlled-replay","replay-1791528142110","controlled-replay","goal-cut-off","goal-cut-off","1","6","astar","15","15","3","","","0.0667","1,6","E","13,8","1,6","[""0,7"",""1,7"",""2,7"",""3,7"",""4,7"",""5,7"",""6,7"",""7,7"",""8,7"",""9,7"",""10,7"",""11,7"",""12,7"",""13,7"",""14,7""]","[""0,7"",""1,7"",""10,7"",""11,7"",""12,7"",""13,7"",""14,7"",""2,7"",""3,7"",""4,7"",""5,7"",""6,7"",""7,7"",""8,7"",""9,7""]","[[0,7],[1,7],[2,7],[3,7],[4,7],[5,7],[6,7],[7,7],[8,7],[9,7],[10,7],[11,7],[12,7],[13,7],[14,7]]","15","no_route","no_route","true","0","1","15","0","105","0","0.2","0.2"
"2026-10-09T06:42:22.202Z","controlled-replay","replay-1791528142110","controlled-replay","goal-cut-off","goal-cut-off","2","6","astar","15","15","3","","","0.0667","1,6","E","13,8","1,6","[]","[""0,7"",""1,7"",""10,7"",""11,7"",""12,7"",""13,7"",""14,7"",""2,7"",""3,7"",""4,7"",""5,7"",""6,7"",""7,7"",""8,7"",""9,7""]","[[0,7],[1,7],[2,7],[3,7],[4,7],[5,7],[6,7],[7,7],[8,7],[9,7],[10,7],[11,7],[12,7],[13,7],[14,7]]","15","no_route","no_route","true","0","2","0","0","105","0","0.2","0.2"
"2026-10-09T06:42:22.203Z","controlled-replay","replay-1791528142110","controlled-replay","single-blocker","single-blocker","0","7","dstar","15","15","3","","","0.0044","1,7","E","13,7","1,7","[]","[]","[[7,7]]","1","success","success","true","12","0","0","0","13","0.3","0","0.3"
"2026-10-09T06:42:22.203Z","controlled-replay","replay-1791528142110","controlled-replay","single-blocker","single-blocker","1","7","dstar","15","15","3","","","0.0044","1,7","E","13,7","1,7","[""7,7""]","[""7,7""]","[[7,7]]","1","success","success","true","14","1","1","0","40","0","0.5","0.5"
"2026-10-09T06:42:22.204Z","controlled-replay","replay-1791528142110","controlled-replay","single-blocker","single-blocker","2","7","dstar","15","15","3","","","0.0044","1,7","E","13,7","5,8","[]","[""7,7""]","[[7,7]]","1","success","success","true","9","2","0","0","0","0","0","0"
"2026-10-09T06:42:22.204Z","controlled-replay","replay-1791528142110","controlled-replay","single-blocker","single-blocker","0","7","astar","15","15","3","","","0.0044","1,7","E","13,7","1,7","[]","[]","[[7,7]]","1","success","success","true","12","0","0","0","12","0.1","0","0.1"
"2026-10-09T06:42:22.204Z","controlled-replay","replay-1791528142110","controlled-replay","single-blocker","single-blocker","1","7","astar","15","15","3","","","0.0044","1,7","E","13,7","1,7","[""7,7""]","[""7,7""]","[[7,7]]","1","success","success","true","14","1","1","0","38","0","0.1","0.1"
"2026-10-09T06:42:22.204Z","controlled-replay","replay-1791528142110","controlled-replay","single-blocker","single-blocker","2","7","astar","15","15","3","","","0.0044","1,7","E","13,7","5,8","[]","[""7,7""]","[[7,7]]","1","success","success","true","9","2","0","0","16","0","0","0"
"2026-10-09T06:42:22.205Z","controlled-replay","replay-1791528142110","controlled-replay","sequential-blockers","sequential-blockers","0","7","astar","15","15","3","","","0.0089","1,7","E","13,7","1,7","[]","[]","[[7,6],[7,7]]","2","success","success","true","12","0","0","0","12","0","0","0"
"2026-10-09T06:42:22.205Z","controlled-replay","replay-1791528142110","controlled-replay","sequential-blockers","sequential-blockers","1","7","astar","15","15","3","","","0.0089","1,7","E","13,7","1,7","[""7,7""]","[""7,7""]","[[7,6],[7,7]]","2","success","success","true","14","1","1","0","38","0","0.1","0.1"
"2026-10-09T06:42:22.205Z","controlled-replay","replay-1791528142110","controlled-replay","sequential-blockers","sequential-blockers","2","7","astar","15","15","3","","","0.0089","1,7","E","13,7","5,8","[""7,6""]","[""7,6"",""7,7""]","[[7,6],[7,7]]","2","success","success","true","9","2","1","0","16","0","0","0"
"2026-10-09T06:42:22.206Z","controlled-replay","replay-1791528142110","controlled-replay","sequential-blockers","sequential-blockers","0","7","dstar","15","15","3","","","0.0089","1,7","E","13,7","1,7","[]","[]","[[7,6],[7,7]]","2","success","success","true","12","0","0","0","13","0.4","0","0.4"
"2026-10-09T06:42:22.207Z","controlled-replay","replay-1791528142110","controlled-replay","sequential-blockers","sequential-blockers","1","7","dstar","15","15","3","","","0.0089","1,7","E","13,7","1,7","[""7,7""]","[""7,7""]","[[7,6],[7,7]]","2","success","success","true","14","1","1","0","40","0","0.8","0.8"
"2026-10-09T06:42:22.208Z","controlled-replay","replay-1791528142110","controlled-replay","sequential-blockers","sequential-blockers","2","7","dstar","15","15","3","","","0.0089","1,7","E","13,7","5,8","[""7,6""]","[""7,6"",""7,7""]","[[7,6],[7,7]]","2","success","success","true","9","2","1","0","0","0","0","0"
"2026-10-09T06:42:22.208Z","controlled-replay","replay-1791528142110","controlled-replay","off-route-updates","off-route-updates","0","7","dstar","15","15","3","","","0.0089","1,7","E","13,7","1,7","[]","[]","[[7,1],[7,13]]","2","success","success","true","12","0","0","0","13","0.2","0","0.2"
"2026-10-09T06:42:22.208Z","controlled-replay","replay-1791528142110","controlled-replay","off-route-updates","off-route-updates","1","7","dstar","15","15","3","","","0.0089","1,7","E","13,7","1,7","[""7,1""]","[""7,1""]","[[7,1],[7,13]]","2","success","success","true","12","1","1","0","0","0","0","0"
"2026-10-09T06:42:22.208Z","controlled-replay","replay-1791528142110","controlled-replay","off-route-updates","off-route-updates","2","7","dstar","15","15","3","","","0.0089","1,7","E","13,7","6,7","[""7,13""]","[""7,1"",""7,13""]","[[7,1],[7,13]]","2","success","success","true","7","2","1","0","0","0","0","0"
"2026-10-09T06:42:22.209Z","controlled-replay","replay-1791528142110","controlled-replay","off-route-updates","off-route-updates","0","7","astar","15","15","3","","","0.0089","1,7","E","13,7","1,7","[]","[]","[[7,1],[7,13]]","2","success","success","true","12","0","0","0","12","0","0","0"
"2026-10-09T06:42:22.209Z","controlled-replay","replay-1791528142110","controlled-replay","off-route-updates","off-route-updates","1","7","astar","15","15","3","","","0.0089","1,7","E","13,7","1,7","[""7,1""]","[""7,1""]","[[7,1],[7,13]]","2","success","success","true","12","1","1","0","12","0","0.1","0.1"
"2026-10-09T06:42:22.209Z","controlled-replay","replay-1791528142110","controlled-replay","off-route-updates","off-route-updates","2","7","astar","15","15","3","","","0.0089","1,7","E","13,7","6,7","[""7,13""]","[""7,1"",""7,13""]","[[7,1],[7,13]]","2","success","success","true","7","2","1","0","7","0","0","0"
"2026-10-09T06:42:22.210Z","controlled-replay","replay-1791528142110","controlled-replay","goal-cut-off","goal-cut-off","0","7","astar","15","15","3","","","0.0667","1,6","E","13,8","1,6","[]","[]","[[0,7],[1,7],[2,7],[3,7],[4,7],[5,7],[6,7],[7,7],[8,7],[9,7],[10,7],[11,7],[12,7],[13,7],[14,7]]","15","success","success","true","14","0","0","0","38","0.2","0","0.2"
"2026-10-09T06:42:22.210Z","controlled-replay","replay-1791528142110","controlled-replay","goal-cut-off","goal-cut-off","1","7","astar","15","15","3","","","0.0667","1,6","E","13,8","1,6","[""0,7"",""1,7"",""2,7"",""3,7"",""4,7"",""5,7"",""6,7"",""7,7"",""8,7"",""9,7"",""10,7"",""11,7"",""12,7"",""13,7"",""14,7""]","[""0,7"",""1,7"",""10,7"",""11,7"",""12,7"",""13,7"",""14,7"",""2,7"",""3,7"",""4,7"",""5,7"",""6,7"",""7,7"",""8,7"",""9,7""]","[[0,7],[1,7],[2,7],[3,7],[4,7],[5,7],[6,7],[7,7],[8,7],[9,7],[10,7],[11,7],[12,7],[13,7],[14,7]]","15","no_route","no_route","true","0","1","15","0","105","0","0.4","0.4"
"2026-10-09T06:42:22.211Z","controlled-replay","replay-1791528142110","controlled-replay","goal-cut-off","goal-cut-off","2","7","astar","15","15","3","","","0.0667","1,6","E","13,8","1,6","[]","[""0,7"",""1,7"",""10,7"",""11,7"",""12,7"",""13,7"",""14,7"",""2,7"",""3,7"",""4,7"",""5,7"",""6,7"",""7,7"",""8,7"",""9,7""]","[[0,7],[1,7],[2,7],[3,7],[4,7],[5,7],[6,7],[7,7],[8,7],[9,7],[10,7],[11,7],[12,7],[13,7],[14,7]]","15","no_route","no_route","true","0","2","0","0","105","0","0.2","0.2"
"2026-10-09T06:42:22.212Z","controlled-replay","replay-1791528142110","controlled-replay","goal-cut-off","goal-cut-off","0","7","dstar","15","15","3","","","0.0667","1,6","E","13,8","1,6","[]","[]","[[0,7],[1,7],[2,7],[3,7],[4,7],[5,7],[6,7],[7,7],[8,7],[9,7],[10,7],[11,7],[12,7],[13,7],[14,7]]","15","success","success","true","14","0","0","0","39","1","0","1"
"2026-10-09T06:42:22.215Z","controlled-replay","replay-1791528142110","controlled-replay","goal-cut-off","goal-cut-off","1","7","dstar","15","15","3","","","0.0667","1,6","E","13,8","1,6","[""0,7"",""1,7"",""2,7"",""3,7"",""4,7"",""5,7"",""6,7"",""7,7"",""8,7"",""9,7"",""10,7"",""11,7"",""12,7"",""13,7"",""14,7""]","[""0,7"",""1,7"",""10,7"",""11,7"",""12,7"",""13,7"",""14,7"",""2,7"",""3,7"",""4,7"",""5,7"",""6,7"",""7,7"",""8,7"",""9,7""]","[[0,7],[1,7],[2,7],[3,7],[4,7],[5,7],[6,7],[7,7],[8,7],[9,7],[10,7],[11,7],[12,7],[13,7],[14,7]]","15","no_route","no_route","true","0","1","15","0","118","0","2.4","2.4"
"2026-10-09T06:42:22.216Z","controlled-replay","replay-1791528142110","controlled-replay","goal-cut-off","goal-cut-off","2","7","dstar","15","15","3","","","0.0667","1,6","E","13,8","1,6","[]","[""0,7"",""1,7"",""10,7"",""11,7"",""12,7"",""13,7"",""14,7"",""2,7"",""3,7"",""4,7"",""5,7"",""6,7"",""7,7"",""8,7"",""9,7""]","[[0,7],[1,7],[2,7],[3,7],[4,7],[5,7],[6,7],[7,7],[8,7],[9,7],[10,7],[11,7],[12,7],[13,7],[14,7]]","15","no_route","no_route","true","0","2","0","0","0","0","0","0"
"2026-10-09T06:42:22.216Z","controlled-replay","replay-1791528142110","controlled-replay","single-blocker","single-blocker","0","8","astar","15","15","3","","","0.0044","1,7","E","13,7","1,7","[]","[]","[[7,7]]","1","success","success","true","12","0","0","0","12","0","0","0"
"2026-10-09T06:42:22.216Z","controlled-replay","replay-1791528142110","controlled-replay","single-blocker","single-blocker","1","8","astar","15","15","3","","","0.0044","1,7","E","13,7","1,7","[""7,7""]","[""7,7""]","[[7,7]]","1","success","success","true","14","1","1","0","38","0","0.2","0.2"
"2026-10-09T06:42:22.217Z","controlled-replay","replay-1791528142110","controlled-replay","single-blocker","single-blocker","2","8","astar","15","15","3","","","0.0044","1,7","E","13,7","5,8","[]","[""7,7""]","[[7,7]]","1","success","success","true","9","2","0","0","16","0","0.1","0.1"
"2026-10-09T06:42:22.217Z","controlled-replay","replay-1791528142110","controlled-replay","single-blocker","single-blocker","0","8","dstar","15","15","3","","","0.0044","1,7","E","13,7","1,7","[]","[]","[[7,7]]","1","success","success","true","12","0","0","0","13","0.3","0","0.3"
"2026-10-09T06:42:22.219Z","controlled-replay","replay-1791528142110","controlled-replay","single-blocker","single-blocker","1","8","dstar","15","15","3","","","0.0044","1,7","E","13,7","1,7","[""7,7""]","[""7,7""]","[[7,7]]","1","success","success","true","14","1","1","0","40","0","1.2","1.2"
"2026-10-09T06:42:22.219Z","controlled-replay","replay-1791528142110","controlled-replay","single-blocker","single-blocker","2","8","dstar","15","15","3","","","0.0044","1,7","E","13,7","5,8","[]","[""7,7""]","[[7,7]]","1","success","success","true","9","2","0","0","0","0","0","0"
"2026-10-09T06:42:22.219Z","controlled-replay","replay-1791528142110","controlled-replay","sequential-blockers","sequential-blockers","0","8","dstar","15","15","3","","","0.0089","1,7","E","13,7","1,7","[]","[]","[[7,6],[7,7]]","2","success","success","true","12","0","0","0","13","0.3","0","0.3"
"2026-10-09T06:42:22.220Z","controlled-replay","replay-1791528142110","controlled-replay","sequential-blockers","sequential-blockers","1","8","dstar","15","15","3","","","0.0089","1,7","E","13,7","1,7","[""7,7""]","[""7,7""]","[[7,6],[7,7]]","2","success","success","true","14","1","1","0","40","0","0.8","0.8"
"2026-10-09T06:42:22.221Z","controlled-replay","replay-1791528142110","controlled-replay","sequential-blockers","sequential-blockers","2","8","dstar","15","15","3","","","0.0089","1,7","E","13,7","5,8","[""7,6""]","[""7,6"",""7,7""]","[[7,6],[7,7]]","2","success","success","true","9","2","1","0","0","0","0.1","0.1"
"2026-10-09T06:42:22.221Z","controlled-replay","replay-1791528142110","controlled-replay","sequential-blockers","sequential-blockers","0","8","astar","15","15","3","","","0.0089","1,7","E","13,7","1,7","[]","[]","[[7,6],[7,7]]","2","success","success","true","12","0","0","0","12","0.1","0","0.1"
"2026-10-09T06:42:22.221Z","controlled-replay","replay-1791528142110","controlled-replay","sequential-blockers","sequential-blockers","1","8","astar","15","15","3","","","0.0089","1,7","E","13,7","1,7","[""7,7""]","[""7,7""]","[[7,6],[7,7]]","2","success","success","true","14","1","1","0","38","0","0","0"
"2026-10-09T06:42:22.222Z","controlled-replay","replay-1791528142110","controlled-replay","sequential-blockers","sequential-blockers","2","8","astar","15","15","3","","","0.0089","1,7","E","13,7","5,8","[""7,6""]","[""7,6"",""7,7""]","[[7,6],[7,7]]","2","success","success","true","9","2","1","0","16","0","0","0"
"2026-10-09T06:42:22.222Z","controlled-replay","replay-1791528142110","controlled-replay","off-route-updates","off-route-updates","0","8","astar","15","15","3","","","0.0089","1,7","E","13,7","1,7","[]","[]","[[7,1],[7,13]]","2","success","success","true","12","0","0","0","12","0","0","0"
"2026-10-09T06:42:22.222Z","controlled-replay","replay-1791528142110","controlled-replay","off-route-updates","off-route-updates","1","8","astar","15","15","3","","","0.0089","1,7","E","13,7","1,7","[""7,1""]","[""7,1""]","[[7,1],[7,13]]","2","success","success","true","12","1","1","0","12","0","0","0"
"2026-10-09T06:42:22.222Z","controlled-replay","replay-1791528142110","controlled-replay","off-route-updates","off-route-updates","2","8","astar","15","15","3","","","0.0089","1,7","E","13,7","6,7","[""7,13""]","[""7,1"",""7,13""]","[[7,1],[7,13]]","2","success","success","true","7","2","1","0","7","0","0.2","0.2"
"2026-10-09T06:42:22.222Z","controlled-replay","replay-1791528142110","controlled-replay","off-route-updates","off-route-updates","0","8","dstar","15","15","3","","","0.0089","1,7","E","13,7","1,7","[]","[]","[[7,1],[7,13]]","2","success","success","true","12","0","0","0","13","0.1","0","0.1"
"2026-10-09T06:42:22.222Z","controlled-replay","replay-1791528142110","controlled-replay","off-route-updates","off-route-updates","1","8","dstar","15","15","3","","","0.0089","1,7","E","13,7","1,7","[""7,1""]","[""7,1""]","[[7,1],[7,13]]","2","success","success","true","12","1","1","0","0","0","0","0"
"2026-10-09T06:42:22.222Z","controlled-replay","replay-1791528142110","controlled-replay","off-route-updates","off-route-updates","2","8","dstar","15","15","3","","","0.0089","1,7","E","13,7","6,7","[""7,13""]","[""7,1"",""7,13""]","[[7,1],[7,13]]","2","success","success","true","7","2","1","0","0","0","0.1","0.1"
"2026-10-09T06:42:22.224Z","controlled-replay","replay-1791528142110","controlled-replay","goal-cut-off","goal-cut-off","0","8","dstar","15","15","3","","","0.0667","1,6","E","13,8","1,6","[]","[]","[[0,7],[1,7],[2,7],[3,7],[4,7],[5,7],[6,7],[7,7],[8,7],[9,7],[10,7],[11,7],[12,7],[13,7],[14,7]]","15","success","success","true","14","0","0","0","39","1.2","0","1.2"
"2026-10-09T06:42:22.226Z","controlled-replay","replay-1791528142110","controlled-replay","goal-cut-off","goal-cut-off","1","8","dstar","15","15","3","","","0.0667","1,6","E","13,8","1,6","[""0,7"",""1,7"",""2,7"",""3,7"",""4,7"",""5,7"",""6,7"",""7,7"",""8,7"",""9,7"",""10,7"",""11,7"",""12,7"",""13,7"",""14,7""]","[""0,7"",""1,7"",""10,7"",""11,7"",""12,7"",""13,7"",""14,7"",""2,7"",""3,7"",""4,7"",""5,7"",""6,7"",""7,7"",""8,7"",""9,7""]","[[0,7],[1,7],[2,7],[3,7],[4,7],[5,7],[6,7],[7,7],[8,7],[9,7],[10,7],[11,7],[12,7],[13,7],[14,7]]","15","no_route","no_route","true","0","1","15","0","118","0","2.2","2.2"
"2026-10-09T06:42:22.227Z","controlled-replay","replay-1791528142110","controlled-replay","goal-cut-off","goal-cut-off","2","8","dstar","15","15","3","","","0.0667","1,6","E","13,8","1,6","[]","[""0,7"",""1,7"",""10,7"",""11,7"",""12,7"",""13,7"",""14,7"",""2,7"",""3,7"",""4,7"",""5,7"",""6,7"",""7,7"",""8,7"",""9,7""]","[[0,7],[1,7],[2,7],[3,7],[4,7],[5,7],[6,7],[7,7],[8,7],[9,7],[10,7],[11,7],[12,7],[13,7],[14,7]]","15","no_route","no_route","true","0","2","0","0","0","0","0","0"
"2026-10-09T06:42:22.227Z","controlled-replay","replay-1791528142110","controlled-replay","goal-cut-off","goal-cut-off","0","8","astar","15","15","3","","","0.0667","1,6","E","13,8","1,6","[]","[]","[[0,7],[1,7],[2,7],[3,7],[4,7],[5,7],[6,7],[7,7],[8,7],[9,7],[10,7],[11,7],[12,7],[13,7],[14,7]]","15","success","success","true","14","0","0","0","38","0.5","0","0.5"
"2026-10-09T06:42:22.228Z","controlled-replay","replay-1791528142110","controlled-replay","goal-cut-off","goal-cut-off","1","8","astar","15","15","3","","","0.0667","1,6","E","13,8","1,6","[""0,7"",""1,7"",""2,7"",""3,7"",""4,7"",""5,7"",""6,7"",""7,7"",""8,7"",""9,7"",""10,7"",""11,7"",""12,7"",""13,7"",""14,7""]","[""0,7"",""1,7"",""10,7"",""11,7"",""12,7"",""13,7"",""14,7"",""2,7"",""3,7"",""4,7"",""5,7"",""6,7"",""7,7"",""8,7"",""9,7""]","[[0,7],[1,7],[2,7],[3,7],[4,7],[5,7],[6,7],[7,7],[8,7],[9,7],[10,7],[11,7],[12,7],[13,7],[14,7]]","15","no_route","no_route","true","0","1","15","0","105","0","0.2","0.2"
"2026-10-09T06:42:22.228Z","controlled-replay","replay-1791528142110","controlled-replay","goal-cut-off","goal-cut-off","2","8","astar","15","15","3","","","0.0667","1,6","E","13,8","1,6","[]","[""0,7"",""1,7"",""10,7"",""11,7"",""12,7"",""13,7"",""14,7"",""2,7"",""3,7"",""4,7"",""5,7"",""6,7"",""7,7"",""8,7"",""9,7""]","[[0,7],[1,7],[2,7],[3,7],[4,7],[5,7],[6,7],[7,7],[8,7],[9,7],[10,7],[11,7],[12,7],[13,7],[14,7]]","15","no_route","no_route","true","0","2","0","0","105","0","0.2","0.2"
"2026-10-09T06:42:22.229Z","controlled-replay","replay-1791528142110","controlled-replay","single-blocker","single-blocker","0","9","dstar","15","15","3","","","0.0044","1,7","E","13,7","1,7","[]","[]","[[7,7]]","1","success","success","true","12","0","0","0","13","0.4","0","0.4"
"2026-10-09T06:42:22.229Z","controlled-replay","replay-1791528142110","controlled-replay","single-blocker","single-blocker","1","9","dstar","15","15","3","","","0.0044","1,7","E","13,7","1,7","[""7,7""]","[""7,7""]","[[7,7]]","1","success","success","true","14","1","1","0","40","0","0.6","0.6"
"2026-10-09T06:42:22.230Z","controlled-replay","replay-1791528142110","controlled-replay","single-blocker","single-blocker","2","9","dstar","15","15","3","","","0.0044","1,7","E","13,7","5,8","[]","[""7,7""]","[[7,7]]","1","success","success","true","9","2","0","0","0","0","0","0"
"2026-10-09T06:42:22.230Z","controlled-replay","replay-1791528142110","controlled-replay","single-blocker","single-blocker","0","9","astar","15","15","3","","","0.0044","1,7","E","13,7","1,7","[]","[]","[[7,7]]","1","success","success","true","12","0","0","0","12","0","0","0"
"2026-10-09T06:42:22.230Z","controlled-replay","replay-1791528142110","controlled-replay","single-blocker","single-blocker","1","9","astar","15","15","3","","","0.0044","1,7","E","13,7","1,7","[""7,7""]","[""7,7""]","[[7,7]]","1","success","success","true","14","1","1","0","38","0","0.1","0.1"
"2026-10-09T06:42:22.230Z","controlled-replay","replay-1791528142110","controlled-replay","single-blocker","single-blocker","2","9","astar","15","15","3","","","0.0044","1,7","E","13,7","5,8","[]","[""7,7""]","[[7,7]]","1","success","success","true","9","2","0","0","16","0","0","0"
"2026-10-09T06:42:22.230Z","controlled-replay","replay-1791528142110","controlled-replay","sequential-blockers","sequential-blockers","0","9","astar","15","15","3","","","0.0089","1,7","E","13,7","1,7","[]","[]","[[7,6],[7,7]]","2","success","success","true","12","0","0","0","12","0","0","0"
"2026-10-09T06:42:22.231Z","controlled-replay","replay-1791528142110","controlled-replay","sequential-blockers","sequential-blockers","1","9","astar","15","15","3","","","0.0089","1,7","E","13,7","1,7","[""7,7""]","[""7,7""]","[[7,6],[7,7]]","2","success","success","true","14","1","1","0","38","0","0.1","0.1"
"2026-10-09T06:42:22.231Z","controlled-replay","replay-1791528142110","controlled-replay","sequential-blockers","sequential-blockers","2","9","astar","15","15","3","","","0.0089","1,7","E","13,7","5,8","[""7,6""]","[""7,6"",""7,7""]","[[7,6],[7,7]]","2","success","success","true","9","2","1","0","16","0","0","0"
"2026-10-09T06:42:22.231Z","controlled-replay","replay-1791528142110","controlled-replay","sequential-blockers","sequential-blockers","0","9","dstar","15","15","3","","","0.0089","1,7","E","13,7","1,7","[]","[]","[[7,6],[7,7]]","2","success","success","true","12","0","0","0","13","0.2","0","0.2"
"2026-10-09T06:42:22.232Z","controlled-replay","replay-1791528142110","controlled-replay","sequential-blockers","sequential-blockers","1","9","dstar","15","15","3","","","0.0089","1,7","E","13,7","1,7","[""7,7""]","[""7,7""]","[[7,6],[7,7]]","2","success","success","true","14","1","1","0","40","0","0.9","0.9"
"2026-10-09T06:42:22.233Z","controlled-replay","replay-1791528142110","controlled-replay","sequential-blockers","sequential-blockers","2","9","dstar","15","15","3","","","0.0089","1,7","E","13,7","5,8","[""7,6""]","[""7,6"",""7,7""]","[[7,6],[7,7]]","2","success","success","true","9","2","1","0","0","0","0","0"
"2026-10-09T06:42:22.233Z","controlled-replay","replay-1791528142110","controlled-replay","off-route-updates","off-route-updates","0","9","dstar","15","15","3","","","0.0089","1,7","E","13,7","1,7","[]","[]","[[7,1],[7,13]]","2","success","success","true","12","0","0","0","13","0.3","0","0.3"
"2026-10-09T06:42:22.233Z","controlled-replay","replay-1791528142110","controlled-replay","off-route-updates","off-route-updates","1","9","dstar","15","15","3","","","0.0089","1,7","E","13,7","1,7","[""7,1""]","[""7,1""]","[[7,1],[7,13]]","2","success","success","true","12","1","1","0","0","0","0.1","0.1"
"2026-10-09T06:42:22.233Z","controlled-replay","replay-1791528142110","controlled-replay","off-route-updates","off-route-updates","2","9","dstar","15","15","3","","","0.0089","1,7","E","13,7","6,7","[""7,13""]","[""7,1"",""7,13""]","[[7,1],[7,13]]","2","success","success","true","7","2","1","0","0","0","0","0"
"2026-10-09T06:42:22.234Z","controlled-replay","replay-1791528142110","controlled-replay","off-route-updates","off-route-updates","0","9","astar","15","15","3","","","0.0089","1,7","E","13,7","1,7","[]","[]","[[7,1],[7,13]]","2","success","success","true","12","0","0","0","12","0","0","0"
"2026-10-09T06:42:22.234Z","controlled-replay","replay-1791528142110","controlled-replay","off-route-updates","off-route-updates","1","9","astar","15","15","3","","","0.0089","1,7","E","13,7","1,7","[""7,1""]","[""7,1""]","[[7,1],[7,13]]","2","success","success","true","12","1","1","0","12","0","0.1","0.1"
"2026-10-09T06:42:22.234Z","controlled-replay","replay-1791528142110","controlled-replay","off-route-updates","off-route-updates","2","9","astar","15","15","3","","","0.0089","1,7","E","13,7","6,7","[""7,13""]","[""7,1"",""7,13""]","[[7,1],[7,13]]","2","success","success","true","7","2","1","0","7","0","0","0"
"2026-10-09T06:42:22.235Z","controlled-replay","replay-1791528142110","controlled-replay","goal-cut-off","goal-cut-off","0","9","astar","15","15","3","","","0.0667","1,6","E","13,8","1,6","[]","[]","[[0,7],[1,7],[2,7],[3,7],[4,7],[5,7],[6,7],[7,7],[8,7],[9,7],[10,7],[11,7],[12,7],[13,7],[14,7]]","15","success","success","true","14","0","0","0","38","0.3","0","0.3"
"2026-10-09T06:42:22.235Z","controlled-replay","replay-1791528142110","controlled-replay","goal-cut-off","goal-cut-off","1","9","astar","15","15","3","","","0.0667","1,6","E","13,8","1,6","[""0,7"",""1,7"",""2,7"",""3,7"",""4,7"",""5,7"",""6,7"",""7,7"",""8,7"",""9,7"",""10,7"",""11,7"",""12,7"",""13,7"",""14,7""]","[""0,7"",""1,7"",""10,7"",""11,7"",""12,7"",""13,7"",""14,7"",""2,7"",""3,7"",""4,7"",""5,7"",""6,7"",""7,7"",""8,7"",""9,7""]","[[0,7],[1,7],[2,7],[3,7],[4,7],[5,7],[6,7],[7,7],[8,7],[9,7],[10,7],[11,7],[12,7],[13,7],[14,7]]","15","no_route","no_route","true","0","1","15","0","105","0","0.3","0.3"
"2026-10-09T06:42:22.236Z","controlled-replay","replay-1791528142110","controlled-replay","goal-cut-off","goal-cut-off","2","9","astar","15","15","3","","","0.0667","1,6","E","13,8","1,6","[]","[""0,7"",""1,7"",""10,7"",""11,7"",""12,7"",""13,7"",""14,7"",""2,7"",""3,7"",""4,7"",""5,7"",""6,7"",""7,7"",""8,7"",""9,7""]","[[0,7],[1,7],[2,7],[3,7],[4,7],[5,7],[6,7],[7,7],[8,7],[9,7],[10,7],[11,7],[12,7],[13,7],[14,7]]","15","no_route","no_route","true","0","2","0","0","105","0","0.6","0.6"
"2026-10-09T06:42:22.236Z","controlled-replay","replay-1791528142110","controlled-replay","goal-cut-off","goal-cut-off","0","9","dstar","15","15","3","","","0.0667","1,6","E","13,8","1,6","[]","[]","[[0,7],[1,7],[2,7],[3,7],[4,7],[5,7],[6,7],[7,7],[8,7],[9,7],[10,7],[11,7],[12,7],[13,7],[14,7]]","15","success","success","true","14","0","0","0","39","0.4","0","0.4"
"2026-10-09T06:42:22.238Z","controlled-replay","replay-1791528142110","controlled-replay","goal-cut-off","goal-cut-off","1","9","dstar","15","15","3","","","0.0667","1,6","E","13,8","1,6","[""0,7"",""1,7"",""2,7"",""3,7"",""4,7"",""5,7"",""6,7"",""7,7"",""8,7"",""9,7"",""10,7"",""11,7"",""12,7"",""13,7"",""14,7""]","[""0,7"",""1,7"",""10,7"",""11,7"",""12,7"",""13,7"",""14,7"",""2,7"",""3,7"",""4,7"",""5,7"",""6,7"",""7,7"",""8,7"",""9,7""]","[[0,7],[1,7],[2,7],[3,7],[4,7],[5,7],[6,7],[7,7],[8,7],[9,7],[10,7],[11,7],[12,7],[13,7],[14,7]]","15","no_route","no_route","true","0","1","15","0","118","0","1.3","1.3"
"2026-10-09T06:42:22.238Z","controlled-replay","replay-1791528142110","controlled-replay","goal-cut-off","goal-cut-off","2","9","dstar","15","15","3","","","0.0667","1,6","E","13,8","1,6","[]","[""0,7"",""1,7"",""10,7"",""11,7"",""12,7"",""13,7"",""14,7"",""2,7"",""3,7"",""4,7"",""5,7"",""6,7"",""7,7"",""8,7"",""9,7""]","[[0,7],[1,7],[2,7],[3,7],[4,7],[5,7],[6,7],[7,7],[8,7],[9,7],[10,7],[11,7],[12,7],[13,7],[14,7]]","15","no_route","no_route","true","0","2","0","0","0","0","0","0"
"2026-10-09T06:42:22.238Z","controlled-replay","replay-1791528142110","controlled-replay","single-blocker","single-blocker","0","10","astar","15","15","3","","","0.0044","1,7","E","13,7","1,7","[]","[]","[[7,7]]","1","success","success","true","12","0","0","0","12","0.1","0","0.1"
"2026-10-09T06:42:22.238Z","controlled-replay","replay-1791528142110","controlled-replay","single-blocker","single-blocker","1","10","astar","15","15","3","","","0.0044","1,7","E","13,7","1,7","[""7,7""]","[""7,7""]","[[7,7]]","1","success","success","true","14","1","1","0","38","0","0","0"
"2026-10-09T06:42:22.239Z","controlled-replay","replay-1791528142110","controlled-replay","single-blocker","single-blocker","2","10","astar","15","15","3","","","0.0044","1,7","E","13,7","5,8","[]","[""7,7""]","[[7,7]]","1","success","success","true","9","2","0","0","16","0","0","0"
"2026-10-09T06:42:22.239Z","controlled-replay","replay-1791528142110","controlled-replay","single-blocker","single-blocker","0","10","dstar","15","15","3","","","0.0044","1,7","E","13,7","1,7","[]","[]","[[7,7]]","1","success","success","true","12","0","0","0","13","0.2","0","0.2"
"2026-10-09T06:42:22.240Z","controlled-replay","replay-1791528142110","controlled-replay","single-blocker","single-blocker","1","10","dstar","15","15","3","","","0.0044","1,7","E","13,7","1,7","[""7,7""]","[""7,7""]","[[7,7]]","1","success","success","true","14","1","1","0","40","0","0.4","0.4"
"2026-10-09T06:42:22.240Z","controlled-replay","replay-1791528142110","controlled-replay","single-blocker","single-blocker","2","10","dstar","15","15","3","","","0.0044","1,7","E","13,7","5,8","[]","[""7,7""]","[[7,7]]","1","success","success","true","9","2","0","0","0","0","0","0"
"2026-10-09T06:42:22.240Z","controlled-replay","replay-1791528142110","controlled-replay","sequential-blockers","sequential-blockers","0","10","dstar","15","15","3","","","0.0089","1,7","E","13,7","1,7","[]","[]","[[7,6],[7,7]]","2","success","success","true","12","0","0","0","13","0.2","0","0.2"
"2026-10-09T06:42:22.241Z","controlled-replay","replay-1791528142110","controlled-replay","sequential-blockers","sequential-blockers","1","10","dstar","15","15","3","","","0.0089","1,7","E","13,7","1,7","[""7,7""]","[""7,7""]","[[7,6],[7,7]]","2","success","success","true","14","1","1","0","40","0","0.5","0.5"
"2026-10-09T06:42:22.241Z","controlled-replay","replay-1791528142110","controlled-replay","sequential-blockers","sequential-blockers","2","10","dstar","15","15","3","","","0.0089","1,7","E","13,7","5,8","[""7,6""]","[""7,6"",""7,7""]","[[7,6],[7,7]]","2","success","success","true","9","2","1","0","0","0","0.1","0.1"
"2026-10-09T06:42:22.241Z","controlled-replay","replay-1791528142110","controlled-replay","sequential-blockers","sequential-blockers","0","10","astar","15","15","3","","","0.0089","1,7","E","13,7","1,7","[]","[]","[[7,6],[7,7]]","2","success","success","true","12","0","0","0","12","0","0","0"
"2026-10-09T06:42:22.241Z","controlled-replay","replay-1791528142110","controlled-replay","sequential-blockers","sequential-blockers","1","10","astar","15","15","3","","","0.0089","1,7","E","13,7","1,7","[""7,7""]","[""7,7""]","[[7,6],[7,7]]","2","success","success","true","14","1","1","0","38","0","0","0"
"2026-10-09T06:42:22.241Z","controlled-replay","replay-1791528142110","controlled-replay","sequential-blockers","sequential-blockers","2","10","astar","15","15","3","","","0.0089","1,7","E","13,7","5,8","[""7,6""]","[""7,6"",""7,7""]","[[7,6],[7,7]]","2","success","success","true","9","2","1","0","16","0","0","0"
"2026-10-09T06:42:22.241Z","controlled-replay","replay-1791528142110","controlled-replay","off-route-updates","off-route-updates","0","10","astar","15","15","3","","","0.0089","1,7","E","13,7","1,7","[]","[]","[[7,1],[7,13]]","2","success","success","true","12","0","0","0","12","0","0","0"
"2026-10-09T06:42:22.242Z","controlled-replay","replay-1791528142110","controlled-replay","off-route-updates","off-route-updates","1","10","astar","15","15","3","","","0.0089","1,7","E","13,7","1,7","[""7,1""]","[""7,1""]","[[7,1],[7,13]]","2","success","success","true","12","1","1","0","12","0","0","0"
"2026-10-09T06:42:22.242Z","controlled-replay","replay-1791528142110","controlled-replay","off-route-updates","off-route-updates","2","10","astar","15","15","3","","","0.0089","1,7","E","13,7","6,7","[""7,13""]","[""7,1"",""7,13""]","[[7,1],[7,13]]","2","success","success","true","7","2","1","0","7","0","0","0"
"2026-10-09T06:42:22.242Z","controlled-replay","replay-1791528142110","controlled-replay","off-route-updates","off-route-updates","0","10","dstar","15","15","3","","","0.0089","1,7","E","13,7","1,7","[]","[]","[[7,1],[7,13]]","2","success","success","true","12","0","0","0","13","0.1","0","0.1"
"2026-10-09T06:42:22.242Z","controlled-replay","replay-1791528142110","controlled-replay","off-route-updates","off-route-updates","1","10","dstar","15","15","3","","","0.0089","1,7","E","13,7","1,7","[""7,1""]","[""7,1""]","[[7,1],[7,13]]","2","success","success","true","12","1","1","0","0","0","0","0"
"2026-10-09T06:42:22.242Z","controlled-replay","replay-1791528142110","controlled-replay","off-route-updates","off-route-updates","2","10","dstar","15","15","3","","","0.0089","1,7","E","13,7","6,7","[""7,13""]","[""7,1"",""7,13""]","[[7,1],[7,13]]","2","success","success","true","7","2","1","0","0","0","0","0"
"2026-10-09T06:42:22.243Z","controlled-replay","replay-1791528142110","controlled-replay","goal-cut-off","goal-cut-off","0","10","dstar","15","15","3","","","0.0667","1,6","E","13,8","1,6","[]","[]","[[0,7],[1,7],[2,7],[3,7],[4,7],[5,7],[6,7],[7,7],[8,7],[9,7],[10,7],[11,7],[12,7],[13,7],[14,7]]","15","success","success","true","14","0","0","0","39","0.6","0","0.6"
"2026-10-09T06:42:22.244Z","controlled-replay","replay-1791528142110","controlled-replay","goal-cut-off","goal-cut-off","1","10","dstar","15","15","3","","","0.0667","1,6","E","13,8","1,6","[""0,7"",""1,7"",""2,7"",""3,7"",""4,7"",""5,7"",""6,7"",""7,7"",""8,7"",""9,7"",""10,7"",""11,7"",""12,7"",""13,7"",""14,7""]","[""0,7"",""1,7"",""10,7"",""11,7"",""12,7"",""13,7"",""14,7"",""2,7"",""3,7"",""4,7"",""5,7"",""6,7"",""7,7"",""8,7"",""9,7""]","[[0,7],[1,7],[2,7],[3,7],[4,7],[5,7],[6,7],[7,7],[8,7],[9,7],[10,7],[11,7],[12,7],[13,7],[14,7]]","15","no_route","no_route","true","0","1","15","0","118","0","1.4","1.4"
"2026-10-09T06:42:22.245Z","controlled-replay","replay-1791528142110","controlled-replay","goal-cut-off","goal-cut-off","2","10","dstar","15","15","3","","","0.0667","1,6","E","13,8","1,6","[]","[""0,7"",""1,7"",""10,7"",""11,7"",""12,7"",""13,7"",""14,7"",""2,7"",""3,7"",""4,7"",""5,7"",""6,7"",""7,7"",""8,7"",""9,7""]","[[0,7],[1,7],[2,7],[3,7],[4,7],[5,7],[6,7],[7,7],[8,7],[9,7],[10,7],[11,7],[12,7],[13,7],[14,7]]","15","no_route","no_route","true","0","2","0","0","0","0","0","0"
"2026-10-09T06:42:22.245Z","controlled-replay","replay-1791528142110","controlled-replay","goal-cut-off","goal-cut-off","0","10","astar","15","15","3","","","0.0667","1,6","E","13,8","1,6","[]","[]","[[0,7],[1,7],[2,7],[3,7],[4,7],[5,7],[6,7],[7,7],[8,7],[9,7],[10,7],[11,7],[12,7],[13,7],[14,7]]","15","success","success","true","14","0","0","0","38","0","0","0"
"2026-10-09T06:42:22.245Z","controlled-replay","replay-1791528142110","controlled-replay","goal-cut-off","goal-cut-off","1","10","astar","15","15","3","","","0.0667","1,6","E","13,8","1,6","[""0,7"",""1,7"",""2,7"",""3,7"",""4,7"",""5,7"",""6,7"",""7,7"",""8,7"",""9,7"",""10,7"",""11,7"",""12,7"",""13,7"",""14,7""]","[""0,7"",""1,7"",""10,7"",""11,7"",""12,7"",""13,7"",""14,7"",""2,7"",""3,7"",""4,7"",""5,7"",""6,7"",""7,7"",""8,7"",""9,7""]","[[0,7],[1,7],[2,7],[3,7],[4,7],[5,7],[6,7],[7,7],[8,7],[9,7],[10,7],[11,7],[12,7],[13,7],[14,7]]","15","no_route","no_route","true","0","1","15","0","105","0","0.1","0.1"
"2026-10-09T06:42:22.245Z","controlled-replay","replay-1791528142110","controlled-replay","goal-cut-off","goal-cut-off","2","10","astar","15","15","3","","","0.0667","1,6","E","13,8","1,6","[]","[""0,7"",""1,7"",""10,7"",""11,7"",""12,7"",""13,7"",""14,7"",""2,7"",""3,7"",""4,7"",""5,7"",""6,7"",""7,7"",""8,7"",""9,7""]","[[0,7],[1,7],[2,7],[3,7],[4,7],[5,7],[6,7],[7,7],[8,7],[9,7],[10,7],[11,7],[12,7],[13,7],[14,7]]","15","no_route","no_route","true","0","2","0","0","105","0","0.1","0.1"
"2026-10-09T06:42:28.989Z","controlled-replay","replay-1791528148963","controlled-replay","single-blocker","single-blocker","0","1","dstar","25","25","3","","","0.0016","1,12","E","23,12","1,12","[]","[]","[[12,12]]","1","success","success","true","22","0","0","0","23","0.3","0","0.3"
"2026-10-09T06:42:28.991Z","controlled-replay","replay-1791528148963","controlled-replay","single-blocker","single-blocker","1","1","dstar","25","25","3","","","0.0016","1,12","E","23,12","1,12","[""12,12""]","[""12,12""]","[[12,12]]","1","success","success","true","24","1","1","0","70","0","1.3","1.3"
"2026-10-09T06:42:28.992Z","controlled-replay","replay-1791528148963","controlled-replay","single-blocker","single-blocker","2","1","dstar","25","25","3","","","0.0016","1,12","E","23,12","10,13","[]","[""12,12""]","[[12,12]]","1","success","success","true","14","2","0","0","0","0","0","0"
"2026-10-09T06:42:28.992Z","controlled-replay","replay-1791528148963","controlled-replay","single-blocker","single-blocker","0","1","astar","25","25","3","","","0.0016","1,12","E","23,12","1,12","[]","[]","[[12,12]]","1","success","success","true","22","0","0","0","22","0","0","0"
"2026-10-09T06:42:28.993Z","controlled-replay","replay-1791528148963","controlled-replay","single-blocker","single-blocker","1","1","astar","25","25","3","","","0.0016","1,12","E","23,12","1,12","[""12,12""]","[""12,12""]","[[12,12]]","1","success","success","true","24","1","1","0","68","0","0.3","0.3"
"2026-10-09T06:42:28.993Z","controlled-replay","replay-1791528148963","controlled-replay","single-blocker","single-blocker","2","1","astar","25","25","3","","","0.0016","1,12","E","23,12","10,13","[]","[""12,12""]","[[12,12]]","1","success","success","true","14","2","0","0","26","0","0.1","0.1"
"2026-10-09T06:42:28.994Z","controlled-replay","replay-1791528148963","controlled-replay","sequential-blockers","sequential-blockers","0","1","astar","25","25","3","","","0.0032","1,12","E","23,12","1,12","[]","[]","[[12,11],[12,12]]","2","success","success","true","22","0","0","0","22","0.1","0","0.1"
"2026-10-09T06:42:28.994Z","controlled-replay","replay-1791528148963","controlled-replay","sequential-blockers","sequential-blockers","1","1","astar","25","25","3","","","0.0032","1,12","E","23,12","1,12","[""12,12""]","[""12,12""]","[[12,11],[12,12]]","2","success","success","true","24","1","1","0","68","0","0.2","0.2"
"2026-10-09T06:42:28.995Z","controlled-replay","replay-1791528148963","controlled-replay","sequential-blockers","sequential-blockers","2","1","astar","25","25","3","","","0.0032","1,12","E","23,12","10,13","[""12,11""]","[""12,11"",""12,12""]","[[12,11],[12,12]]","2","success","success","true","14","2","1","0","26","0","0.2","0.2"
"2026-10-09T06:42:28.996Z","controlled-replay","replay-1791528148963","controlled-replay","sequential-blockers","sequential-blockers","0","1","dstar","25","25","3","","","0.0032","1,12","E","23,12","1,12","[]","[]","[[12,11],[12,12]]","2","success","success","true","22","0","0","0","23","0.3","0","0.3"
"2026-10-09T06:42:28.997Z","controlled-replay","replay-1791528148963","controlled-replay","sequential-blockers","sequential-blockers","1","1","dstar","25","25","3","","","0.0032","1,12","E","23,12","1,12","[""12,12""]","[""12,12""]","[[12,11],[12,12]]","2","success","success","true","24","1","1","0","70","0","1","1"
"2026-10-09T06:42:28.998Z","controlled-replay","replay-1791528148963","controlled-replay","sequential-blockers","sequential-blockers","2","1","dstar","25","25","3","","","0.0032","1,12","E","23,12","10,13","[""12,11""]","[""12,11"",""12,12""]","[[12,11],[12,12]]","2","success","success","true","14","2","1","0","0","0","0.1","0.1"
"2026-10-09T06:42:28.999Z","controlled-replay","replay-1791528148963","controlled-replay","off-route-updates","off-route-updates","0","1","dstar","25","25","3","","","0.0032","1,12","E","23,12","1,12","[]","[]","[[12,1],[12,23]]","2","success","success","true","22","0","0","0","23","0.6","0","0.6"
"2026-10-09T06:42:29.000Z","controlled-replay","replay-1791528148963","controlled-replay","off-route-updates","off-route-updates","1","1","dstar","25","25","3","","","0.0032","1,12","E","23,12","1,12","[""12,1""]","[""12,1""]","[[12,1],[12,23]]","2","success","success","true","22","1","1","0","0","0","0.1","0.1"
"2026-10-09T06:42:29.000Z","controlled-replay","replay-1791528148963","controlled-replay","off-route-updates","off-route-updates","2","1","dstar","25","25","3","","","0.0032","1,12","E","23,12","11,12","[""12,23""]","[""12,1"",""12,23""]","[[12,1],[12,23]]","2","success","success","true","12","2","1","0","0","0","0","0"
"2026-10-09T06:42:29.001Z","controlled-replay","replay-1791528148963","controlled-replay","off-route-updates","off-route-updates","0","1","astar","25","25","3","","","0.0032","1,12","E","23,12","1,12","[]","[]","[[12,1],[12,23]]","2","success","success","true","22","0","0","0","22","0.2","0","0.2"
"2026-10-09T06:42:29.001Z","controlled-replay","replay-1791528148963","controlled-replay","off-route-updates","off-route-updates","1","1","astar","25","25","3","","","0.0032","1,12","E","23,12","1,12","[""12,1""]","[""12,1""]","[[12,1],[12,23]]","2","success","success","true","22","1","1","0","22","0","0.1","0.1"
"2026-10-09T06:42:29.002Z","controlled-replay","replay-1791528148963","controlled-replay","off-route-updates","off-route-updates","2","1","astar","25","25","3","","","0.0032","1,12","E","23,12","11,12","[""12,23""]","[""12,1"",""12,23""]","[[12,1],[12,23]]","2","success","success","true","12","2","1","0","12","0","0.1","0.1"
"2026-10-09T06:42:29.003Z","controlled-replay","replay-1791528148963","controlled-replay","goal-cut-off","goal-cut-off","0","1","astar","25","25","3","","","0.04","1,11","E","23,13","1,11","[]","[]","[[0,12],[1,12],[2,12],[3,12],[4,12],[5,12],[6,12],[7,12],[8,12],[9,12],[10,12],[11,12],[12,12],[13,12],[14,12],[15,12],[16,12],[17,12],[18,12],[19,12],[20,12],[21,12],[22,12],[23,12],[24,12]]","25","success","success","true","24","0","0","0","68","0.3","0","0.3"
"2026-10-09T06:42:29.004Z","controlled-replay","replay-1791528148963","controlled-replay","goal-cut-off","goal-cut-off","1","1","astar","25","25","3","","","0.04","1,11","E","23,13","1,11","[""0,12"",""1,12"",""2,12"",""3,12"",""4,12"",""5,12"",""6,12"",""7,12"",""8,12"",""9,12"",""10,12"",""11,12"",""12,12"",""13,12"",""14,12"",""15,12"",""16,12"",""17,12"",""18,12"",""19,12"",""20,12"",""21,12"",""22,12"",""23,12"",""24,12""]","[""0,12"",""1,12"",""10,12"",""11,12"",""12,12"",""13,12"",""14,12"",""15,12"",""16,12"",""17,12"",""18,12"",""19,12"",""2,12"",""20,12"",""21,12"",""22,12"",""23,12"",""24,12"",""3,12"",""4,12"",""5,12"",""6,12"",""7,12"",""8,12"",""9,12""]","[[0,12],[1,12],[2,12],[3,12],[4,12],[5,12],[6,12],[7,12],[8,12],[9,12],[10,12],[11,12],[12,12],[13,12],[14,12],[15,12],[16,12],[17,12],[18,12],[19,12],[20,12],[21,12],[22,12],[23,12],[24,12]]","25","no_route","no_route","true","0","1","25","0","300","0","1","1"
"2026-10-09T06:42:29.005Z","controlled-replay","replay-1791528148963","controlled-replay","goal-cut-off","goal-cut-off","2","1","astar","25","25","3","","","0.04","1,11","E","23,13","1,11","[]","[""0,12"",""1,12"",""10,12"",""11,12"",""12,12"",""13,12"",""14,12"",""15,12"",""16,12"",""17,12"",""18,12"",""19,12"",""2,12"",""20,12"",""21,12"",""22,12"",""23,12"",""24,12"",""3,12"",""4,12"",""5,12"",""6,12"",""7,12"",""8,12"",""9,12""]","[[0,12],[1,12],[2,12],[3,12],[4,12],[5,12],[6,12],[7,12],[8,12],[9,12],[10,12],[11,12],[12,12],[13,12],[14,12],[15,12],[16,12],[17,12],[18,12],[19,12],[20,12],[21,12],[22,12],[23,12],[24,12]]","25","no_route","no_route","true","0","2","0","0","300","0","1.2","1.2"
"2026-10-09T06:42:29.007Z","controlled-replay","replay-1791528148963","controlled-replay","goal-cut-off","goal-cut-off","0","1","dstar","25","25","3","","","0.04","1,11","E","23,13","1,11","[]","[]","[[0,12],[1,12],[2,12],[3,12],[4,12],[5,12],[6,12],[7,12],[8,12],[9,12],[10,12],[11,12],[12,12],[13,12],[14,12],[15,12],[16,12],[17,12],[18,12],[19,12],[20,12],[21,12],[22,12],[23,12],[24,12]]","25","success","success","true","24","0","0","0","69","1.3","0","1.3"
"2026-10-09T06:42:29.012Z","controlled-replay","replay-1791528148963","controlled-replay","goal-cut-off","goal-cut-off","1","1","dstar","25","25","3","","","0.04","1,11","E","23,13","1,11","[""0,12"",""1,12"",""2,12"",""3,12"",""4,12"",""5,12"",""6,12"",""7,12"",""8,12"",""9,12"",""10,12"",""11,12"",""12,12"",""13,12"",""14,12"",""15,12"",""16,12"",""17,12"",""18,12"",""19,12"",""20,12"",""21,12"",""22,12"",""23,12"",""24,12""]","[""0,12"",""1,12"",""10,12"",""11,12"",""12,12"",""13,12"",""14,12"",""15,12"",""16,12"",""17,12"",""18,12"",""19,12"",""2,12"",""20,12"",""21,12"",""22,12"",""23,12"",""24,12"",""3,12"",""4,12"",""5,12"",""6,12"",""7,12"",""8,12"",""9,12""]","[[0,12],[1,12],[2,12],[3,12],[4,12],[5,12],[6,12],[7,12],[8,12],[9,12],[10,12],[11,12],[12,12],[13,12],[14,12],[15,12],[16,12],[17,12],[18,12],[19,12],[20,12],[21,12],[22,12],[23,12],[24,12]]","25","no_route","no_route","true","0","1","25","0","323","0","4.5","4.5"
"2026-10-09T06:42:29.013Z","controlled-replay","replay-1791528148963","controlled-replay","goal-cut-off","goal-cut-off","2","1","dstar","25","25","3","","","0.04","1,11","E","23,13","1,11","[]","[""0,12"",""1,12"",""10,12"",""11,12"",""12,12"",""13,12"",""14,12"",""15,12"",""16,12"",""17,12"",""18,12"",""19,12"",""2,12"",""20,12"",""21,12"",""22,12"",""23,12"",""24,12"",""3,12"",""4,12"",""5,12"",""6,12"",""7,12"",""8,12"",""9,12""]","[[0,12],[1,12],[2,12],[3,12],[4,12],[5,12],[6,12],[7,12],[8,12],[9,12],[10,12],[11,12],[12,12],[13,12],[14,12],[15,12],[16,12],[17,12],[18,12],[19,12],[20,12],[21,12],[22,12],[23,12],[24,12]]","25","no_route","no_route","true","0","2","0","0","0","0","0","0"
"2026-10-09T06:42:29.013Z","controlled-replay","replay-1791528148963","controlled-replay","single-blocker","single-blocker","0","2","astar","25","25","3","","","0.0016","1,12","E","23,12","1,12","[]","[]","[[12,12]]","1","success","success","true","22","0","0","0","22","0.1","0","0.1"
"2026-10-09T06:42:29.014Z","controlled-replay","replay-1791528148963","controlled-replay","single-blocker","single-blocker","1","2","astar","25","25","3","","","0.0016","1,12","E","23,12","1,12","[""12,12""]","[""12,12""]","[[12,12]]","1","success","success","true","24","1","1","0","68","0","0.1","0.1"
"2026-10-09T06:42:29.014Z","controlled-replay","replay-1791528148963","controlled-replay","single-blocker","single-blocker","2","2","astar","25","25","3","","","0.0016","1,12","E","23,12","10,13","[]","[""12,12""]","[[12,12]]","1","success","success","true","14","2","0","0","26","0","0","0"
"2026-10-09T06:42:29.015Z","controlled-replay","replay-1791528148963","controlled-replay","single-blocker","single-blocker","0","2","dstar","25","25","3","","","0.0016","1,12","E","23,12","1,12","[]","[]","[[12,12]]","1","success","success","true","22","0","0","0","23","0.2","0","0.2"
"2026-10-09T06:42:29.016Z","controlled-replay","replay-1791528148963","controlled-replay","single-blocker","single-blocker","1","2","dstar","25","25","3","","","0.0016","1,12","E","23,12","1,12","[""12,12""]","[""12,12""]","[[12,12]]","1","success","success","true","24","1","1","0","70","0","0.8","0.8"
"2026-10-09T06:42:29.017Z","controlled-replay","replay-1791528148963","controlled-replay","single-blocker","single-blocker","2","2","dstar","25","25","3","","","0.0016","1,12","E","23,12","10,13","[]","[""12,12""]","[[12,12]]","1","success","success","true","14","2","0","0","0","0","0","0"
"2026-10-09T06:42:29.018Z","controlled-replay","replay-1791528148963","controlled-replay","sequential-blockers","sequential-blockers","0","2","dstar","25","25","3","","","0.0032","1,12","E","23,12","1,12","[]","[]","[[12,11],[12,12]]","2","success","success","true","22","0","0","0","23","0.5","0","0.5"
"2026-10-09T06:42:29.020Z","controlled-replay","replay-1791528148963","controlled-replay","sequential-blockers","sequential-blockers","1","2","dstar","25","25","3","","","0.0032","1,12","E","23,12","1,12","[""12,12""]","[""12,12""]","[[12,11],[12,12]]","2","success","success","true","24","1","1","0","70","0","1.9","1.9"
"2026-10-09T06:42:29.021Z","controlled-replay","replay-1791528148963","controlled-replay","sequential-blockers","sequential-blockers","2","2","dstar","25","25","3","","","0.0032","1,12","E","23,12","10,13","[""12,11""]","[""12,11"",""12,12""]","[[12,11],[12,12]]","2","success","success","true","14","2","1","0","0","0","0.1","0.1"
"2026-10-09T06:42:29.021Z","controlled-replay","replay-1791528148963","controlled-replay","sequential-blockers","sequential-blockers","0","2","astar","25","25","3","","","0.0032","1,12","E","23,12","1,12","[]","[]","[[12,11],[12,12]]","2","success","success","true","22","0","0","0","22","0.1","0","0.1"
"2026-10-09T06:42:29.022Z","controlled-replay","replay-1791528148963","controlled-replay","sequential-blockers","sequential-blockers","1","2","astar","25","25","3","","","0.0032","1,12","E","23,12","1,12","[""12,12""]","[""12,12""]","[[12,11],[12,12]]","2","success","success","true","24","1","1","0","68","0","0.3","0.3"
"2026-10-09T06:42:29.023Z","controlled-replay","replay-1791528148963","controlled-replay","sequential-blockers","sequential-blockers","2","2","astar","25","25","3","","","0.0032","1,12","E","23,12","10,13","[""12,11""]","[""12,11"",""12,12""]","[[12,11],[12,12]]","2","success","success","true","14","2","1","0","26","0","0.1","0.1"
"2026-10-09T06:42:29.023Z","controlled-replay","replay-1791528148963","controlled-replay","off-route-updates","off-route-updates","0","2","astar","25","25","3","","","0.0032","1,12","E","23,12","1,12","[]","[]","[[12,1],[12,23]]","2","success","success","true","22","0","0","0","22","0.1","0","0.1"
"2026-10-09T06:42:29.024Z","controlled-replay","replay-1791528148963","controlled-replay","off-route-updates","off-route-updates","1","2","astar","25","25","3","","","0.0032","1,12","E","23,12","1,12","[""12,1""]","[""12,1""]","[[12,1],[12,23]]","2","success","success","true","22","1","1","0","22","0","0.1","0.1"
"2026-10-09T06:42:29.024Z","controlled-replay","replay-1791528148963","controlled-replay","off-route-updates","off-route-updates","2","2","astar","25","25","3","","","0.0032","1,12","E","23,12","11,12","[""12,23""]","[""12,1"",""12,23""]","[[12,1],[12,23]]","2","success","success","true","12","2","1","0","12","0","0","0"
"2026-10-09T06:42:29.025Z","controlled-replay","replay-1791528148963","controlled-replay","off-route-updates","off-route-updates","0","2","dstar","25","25","3","","","0.0032","1,12","E","23,12","1,12","[]","[]","[[12,1],[12,23]]","2","success","success","true","22","0","0","0","23","0.5","0","0.5"
"2026-10-09T06:42:29.026Z","controlled-replay","replay-1791528148963","controlled-replay","off-route-updates","off-route-updates","1","2","dstar","25","25","3","","","0.0032","1,12","E","23,12","1,12","[""12,1""]","[""12,1""]","[[12,1],[12,23]]","2","success","success","true","22","1","1","0","0","0","0.1","0.1"
"2026-10-09T06:42:29.027Z","controlled-replay","replay-1791528148963","controlled-replay","off-route-updates","off-route-updates","2","2","dstar","25","25","3","","","0.0032","1,12","E","23,12","11,12","[""12,23""]","[""12,1"",""12,23""]","[[12,1],[12,23]]","2","success","success","true","12","2","1","0","0","0","0.1","0.1"
"2026-10-09T06:42:29.028Z","controlled-replay","replay-1791528148963","controlled-replay","goal-cut-off","goal-cut-off","0","2","dstar","25","25","3","","","0.04","1,11","E","23,13","1,11","[]","[]","[[0,12],[1,12],[2,12],[3,12],[4,12],[5,12],[6,12],[7,12],[8,12],[9,12],[10,12],[11,12],[12,12],[13,12],[14,12],[15,12],[16,12],[17,12],[18,12],[19,12],[20,12],[21,12],[22,12],[23,12],[24,12]]","25","success","success","true","24","0","0","0","69","0.7","0","0.7"
"2026-10-09T06:42:29.033Z","controlled-replay","replay-1791528148963","controlled-replay","goal-cut-off","goal-cut-off","1","2","dstar","25","25","3","","","0.04","1,11","E","23,13","1,11","[""0,12"",""1,12"",""2,12"",""3,12"",""4,12"",""5,12"",""6,12"",""7,12"",""8,12"",""9,12"",""10,12"",""11,12"",""12,12"",""13,12"",""14,12"",""15,12"",""16,12"",""17,12"",""18,12"",""19,12"",""20,12"",""21,12"",""22,12"",""23,12"",""24,12""]","[""0,12"",""1,12"",""10,12"",""11,12"",""12,12"",""13,12"",""14,12"",""15,12"",""16,12"",""17,12"",""18,12"",""19,12"",""2,12"",""20,12"",""21,12"",""22,12"",""23,12"",""24,12"",""3,12"",""4,12"",""5,12"",""6,12"",""7,12"",""8,12"",""9,12""]","[[0,12],[1,12],[2,12],[3,12],[4,12],[5,12],[6,12],[7,12],[8,12],[9,12],[10,12],[11,12],[12,12],[13,12],[14,12],[15,12],[16,12],[17,12],[18,12],[19,12],[20,12],[21,12],[22,12],[23,12],[24,12]]","25","no_route","no_route","true","0","1","25","0","323","0","4.7","4.7"
"2026-10-09T06:42:29.034Z","controlled-replay","replay-1791528148963","controlled-replay","goal-cut-off","goal-cut-off","2","2","dstar","25","25","3","","","0.04","1,11","E","23,13","1,11","[]","[""0,12"",""1,12"",""10,12"",""11,12"",""12,12"",""13,12"",""14,12"",""15,12"",""16,12"",""17,12"",""18,12"",""19,12"",""2,12"",""20,12"",""21,12"",""22,12"",""23,12"",""24,12"",""3,12"",""4,12"",""5,12"",""6,12"",""7,12"",""8,12"",""9,12""]","[[0,12],[1,12],[2,12],[3,12],[4,12],[5,12],[6,12],[7,12],[8,12],[9,12],[10,12],[11,12],[12,12],[13,12],[14,12],[15,12],[16,12],[17,12],[18,12],[19,12],[20,12],[21,12],[22,12],[23,12],[24,12]]","25","no_route","no_route","true","0","2","0","0","0","0","0","0"
"2026-10-09T06:42:29.035Z","controlled-replay","replay-1791528148963","controlled-replay","goal-cut-off","goal-cut-off","0","2","astar","25","25","3","","","0.04","1,11","E","23,13","1,11","[]","[]","[[0,12],[1,12],[2,12],[3,12],[4,12],[5,12],[6,12],[7,12],[8,12],[9,12],[10,12],[11,12],[12,12],[13,12],[14,12],[15,12],[16,12],[17,12],[18,12],[19,12],[20,12],[21,12],[22,12],[23,12],[24,12]]","25","success","success","true","24","0","0","0","68","0.2","0","0.2"
"2026-10-09T06:42:29.036Z","controlled-replay","replay-1791528148963","controlled-replay","goal-cut-off","goal-cut-off","1","2","astar","25","25","3","","","0.04","1,11","E","23,13","1,11","[""0,12"",""1,12"",""2,12"",""3,12"",""4,12"",""5,12"",""6,12"",""7,12"",""8,12"",""9,12"",""10,12"",""11,12"",""12,12"",""13,12"",""14,12"",""15,12"",""16,12"",""17,12"",""18,12"",""19,12"",""20,12"",""21,12"",""22,12"",""23,12"",""24,12""]","[""0,12"",""1,12"",""10,12"",""11,12"",""12,12"",""13,12"",""14,12"",""15,12"",""16,12"",""17,12"",""18,12"",""19,12"",""2,12"",""20,12"",""21,12"",""22,12"",""23,12"",""24,12"",""3,12"",""4,12"",""5,12"",""6,12"",""7,12"",""8,12"",""9,12""]","[[0,12],[1,12],[2,12],[3,12],[4,12],[5,12],[6,12],[7,12],[8,12],[9,12],[10,12],[11,12],[12,12],[13,12],[14,12],[15,12],[16,12],[17,12],[18,12],[19,12],[20,12],[21,12],[22,12],[23,12],[24,12]]","25","no_route","no_route","true","0","1","25","0","300","0","0.6","0.6"
"2026-10-09T06:42:29.037Z","controlled-replay","replay-1791528148963","controlled-replay","goal-cut-off","goal-cut-off","2","2","astar","25","25","3","","","0.04","1,11","E","23,13","1,11","[]","[""0,12"",""1,12"",""10,12"",""11,12"",""12,12"",""13,12"",""14,12"",""15,12"",""16,12"",""17,12"",""18,12"",""19,12"",""2,12"",""20,12"",""21,12"",""22,12"",""23,12"",""24,12"",""3,12"",""4,12"",""5,12"",""6,12"",""7,12"",""8,12"",""9,12""]","[[0,12],[1,12],[2,12],[3,12],[4,12],[5,12],[6,12],[7,12],[8,12],[9,12],[10,12],[11,12],[12,12],[13,12],[14,12],[15,12],[16,12],[17,12],[18,12],[19,12],[20,12],[21,12],[22,12],[23,12],[24,12]]","25","no_route","no_route","true","0","2","0","0","300","0","0.6","0.6"
"2026-10-09T06:42:29.037Z","controlled-replay","replay-1791528148963","controlled-replay","single-blocker","single-blocker","0","3","dstar","25","25","3","","","0.0016","1,12","E","23,12","1,12","[]","[]","[[12,12]]","1","success","success","true","22","0","0","0","23","0.4","0","0.4"
"2026-10-09T06:42:29.039Z","controlled-replay","replay-1791528148963","controlled-replay","single-blocker","single-blocker","1","3","dstar","25","25","3","","","0.0016","1,12","E","23,12","1,12","[""12,12""]","[""12,12""]","[[12,12]]","1","success","success","true","24","1","1","0","70","0","1.4","1.4"
"2026-10-09T06:42:29.040Z","controlled-replay","replay-1791528148963","controlled-replay","single-blocker","single-blocker","2","3","dstar","25","25","3","","","0.0016","1,12","E","23,12","10,13","[]","[""12,12""]","[[12,12]]","1","success","success","true","14","2","0","0","0","0","0","0"
"2026-10-09T06:42:29.041Z","controlled-replay","replay-1791528148963","controlled-replay","single-blocker","single-blocker","0","3","astar","25","25","3","","","0.0016","1,12","E","23,12","1,12","[]","[]","[[12,12]]","1","success","success","true","22","0","0","0","22","0.4","0","0.4"
"2026-10-09T06:42:29.041Z","controlled-replay","replay-1791528148963","controlled-replay","single-blocker","single-blocker","1","3","astar","25","25","3","","","0.0016","1,12","E","23,12","1,12","[""12,12""]","[""12,12""]","[[12,12]]","1","success","success","true","24","1","1","0","68","0","0.1","0.1"
"2026-10-09T06:42:29.042Z","controlled-replay","replay-1791528148963","controlled-replay","single-blocker","single-blocker","2","3","astar","25","25","3","","","0.0016","1,12","E","23,12","10,13","[]","[""12,12""]","[[12,12]]","1","success","success","true","14","2","0","0","26","0","0.1","0.1"
"2026-10-09T06:42:29.042Z","controlled-replay","replay-1791528148963","controlled-replay","sequential-blockers","sequential-blockers","0","3","astar","25","25","3","","","0.0032","1,12","E","23,12","1,12","[]","[]","[[12,11],[12,12]]","2","success","success","true","22","0","0","0","22","0","0","0"
"2026-10-09T06:42:29.043Z","controlled-replay","replay-1791528148963","controlled-replay","sequential-blockers","sequential-blockers","1","3","astar","25","25","3","","","0.0032","1,12","E","23,12","1,12","[""12,12""]","[""12,12""]","[[12,11],[12,12]]","2","success","success","true","24","1","1","0","68","0","0.4","0.4"
"2026-10-09T06:42:29.044Z","controlled-replay","replay-1791528148963","controlled-replay","sequential-blockers","sequential-blockers","2","3","astar","25","25","3","","","0.0032","1,12","E","23,12","10,13","[""12,11""]","[""12,11"",""12,12""]","[[12,11],[12,12]]","2","success","success","true","14","2","1","0","26","0","0.1","0.1"
"2026-10-09T06:42:29.045Z","controlled-replay","replay-1791528148963","controlled-replay","sequential-blockers","sequential-blockers","0","3","dstar","25","25","3","","","0.0032","1,12","E","23,12","1,12","[]","[]","[[12,11],[12,12]]","2","success","success","true","22","0","0","0","23","0.5","0","0.5"
"2026-10-09T06:42:29.046Z","controlled-replay","replay-1791528148963","controlled-replay","sequential-blockers","sequential-blockers","1","3","dstar","25","25","3","","","0.0032","1,12","E","23,12","1,12","[""12,12""]","[""12,12""]","[[12,11],[12,12]]","2","success","success","true","24","1","1","0","70","0","1","1"
"2026-10-09T06:42:29.047Z","controlled-replay","replay-1791528148963","controlled-replay","sequential-blockers","sequential-blockers","2","3","dstar","25","25","3","","","0.0032","1,12","E","23,12","10,13","[""12,11""]","[""12,11"",""12,12""]","[[12,11],[12,12]]","2","success","success","true","14","2","1","0","0","0","0","0"
"2026-10-09T06:42:29.047Z","controlled-replay","replay-1791528148963","controlled-replay","off-route-updates","off-route-updates","0","3","dstar","25","25","3","","","0.0032","1,12","E","23,12","1,12","[]","[]","[[12,1],[12,23]]","2","success","success","true","22","0","0","0","23","0.5","0","0.5"
"2026-10-09T06:42:29.048Z","controlled-replay","replay-1791528148963","controlled-replay","off-route-updates","off-route-updates","1","3","dstar","25","25","3","","","0.0032","1,12","E","23,12","1,12","[""12,1""]","[""12,1""]","[[12,1],[12,23]]","2","success","success","true","22","1","1","0","0","0","0","0"
"2026-10-09T06:42:29.049Z","controlled-replay","replay-1791528148963","controlled-replay","off-route-updates","off-route-updates","2","3","dstar","25","25","3","","","0.0032","1,12","E","23,12","11,12","[""12,23""]","[""12,1"",""12,23""]","[[12,1],[12,23]]","2","success","success","true","12","2","1","0","0","0","0","0"
"2026-10-09T06:42:29.049Z","controlled-replay","replay-1791528148963","controlled-replay","off-route-updates","off-route-updates","0","3","astar","25","25","3","","","0.0032","1,12","E","23,12","1,12","[]","[]","[[12,1],[12,23]]","2","success","success","true","22","0","0","0","22","0.1","0","0.1"
"2026-10-09T06:42:29.049Z","controlled-replay","replay-1791528148963","controlled-replay","off-route-updates","off-route-updates","1","3","astar","25","25","3","","","0.0032","1,12","E","23,12","1,12","[""12,1""]","[""12,1""]","[[12,1],[12,23]]","2","success","success","true","22","1","1","0","22","0","0.1","0.1"
"2026-10-09T06:42:29.050Z","controlled-replay","replay-1791528148963","controlled-replay","off-route-updates","off-route-updates","2","3","astar","25","25","3","","","0.0032","1,12","E","23,12","11,12","[""12,23""]","[""12,1"",""12,23""]","[[12,1],[12,23]]","2","success","success","true","12","2","1","0","12","0","0","0"
"2026-10-09T06:42:29.050Z","controlled-replay","replay-1791528148963","controlled-replay","goal-cut-off","goal-cut-off","0","3","astar","25","25","3","","","0.04","1,11","E","23,13","1,11","[]","[]","[[0,12],[1,12],[2,12],[3,12],[4,12],[5,12],[6,12],[7,12],[8,12],[9,12],[10,12],[11,12],[12,12],[13,12],[14,12],[15,12],[16,12],[17,12],[18,12],[19,12],[20,12],[21,12],[22,12],[23,12],[24,12]]","25","success","success","true","24","0","0","0","68","0.2","0","0.2"
"2026-10-09T06:42:29.051Z","controlled-replay","replay-1791528148963","controlled-replay","goal-cut-off","goal-cut-off","1","3","astar","25","25","3","","","0.04","1,11","E","23,13","1,11","[""0,12"",""1,12"",""2,12"",""3,12"",""4,12"",""5,12"",""6,12"",""7,12"",""8,12"",""9,12"",""10,12"",""11,12"",""12,12"",""13,12"",""14,12"",""15,12"",""16,12"",""17,12"",""18,12"",""19,12"",""20,12"",""21,12"",""22,12"",""23,12"",""24,12""]","[""0,12"",""1,12"",""10,12"",""11,12"",""12,12"",""13,12"",""14,12"",""15,12"",""16,12"",""17,12"",""18,12"",""19,12"",""2,12"",""20,12"",""21,12"",""22,12"",""23,12"",""24,12"",""3,12"",""4,12"",""5,12"",""6,12"",""7,12"",""8,12"",""9,12""]","[[0,12],[1,12],[2,12],[3,12],[4,12],[5,12],[6,12],[7,12],[8,12],[9,12],[10,12],[11,12],[12,12],[13,12],[14,12],[15,12],[16,12],[17,12],[18,12],[19,12],[20,12],[21,12],[22,12],[23,12],[24,12]]","25","no_route","no_route","true","0","1","25","0","300","0","0.6","0.6"
"2026-10-09T06:42:29.052Z","controlled-replay","replay-1791528148963","controlled-replay","goal-cut-off","goal-cut-off","2","3","astar","25","25","3","","","0.04","1,11","E","23,13","1,11","[]","[""0,12"",""1,12"",""10,12"",""11,12"",""12,12"",""13,12"",""14,12"",""15,12"",""16,12"",""17,12"",""18,12"",""19,12"",""2,12"",""20,12"",""21,12"",""22,12"",""23,12"",""24,12"",""3,12"",""4,12"",""5,12"",""6,12"",""7,12"",""8,12"",""9,12""]","[[0,12],[1,12],[2,12],[3,12],[4,12],[5,12],[6,12],[7,12],[8,12],[9,12],[10,12],[11,12],[12,12],[13,12],[14,12],[15,12],[16,12],[17,12],[18,12],[19,12],[20,12],[21,12],[22,12],[23,12],[24,12]]","25","no_route","no_route","true","0","2","0","0","300","0","0.8","0.8"
"2026-10-09T06:42:29.054Z","controlled-replay","replay-1791528148963","controlled-replay","goal-cut-off","goal-cut-off","0","3","dstar","25","25","3","","","0.04","1,11","E","23,13","1,11","[]","[]","[[0,12],[1,12],[2,12],[3,12],[4,12],[5,12],[6,12],[7,12],[8,12],[9,12],[10,12],[11,12],[12,12],[13,12],[14,12],[15,12],[16,12],[17,12],[18,12],[19,12],[20,12],[21,12],[22,12],[23,12],[24,12]]","25","success","success","true","24","0","0","0","69","1","0","1"
"2026-10-09T06:42:29.059Z","controlled-replay","replay-1791528148963","controlled-replay","goal-cut-off","goal-cut-off","1","3","dstar","25","25","3","","","0.04","1,11","E","23,13","1,11","[""0,12"",""1,12"",""2,12"",""3,12"",""4,12"",""5,12"",""6,12"",""7,12"",""8,12"",""9,12"",""10,12"",""11,12"",""12,12"",""13,12"",""14,12"",""15,12"",""16,12"",""17,12"",""18,12"",""19,12"",""20,12"",""21,12"",""22,12"",""23,12"",""24,12""]","[""0,12"",""1,12"",""10,12"",""11,12"",""12,12"",""13,12"",""14,12"",""15,12"",""16,12"",""17,12"",""18,12"",""19,12"",""2,12"",""20,12"",""21,12"",""22,12"",""23,12"",""24,12"",""3,12"",""4,12"",""5,12"",""6,12"",""7,12"",""8,12"",""9,12""]","[[0,12],[1,12],[2,12],[3,12],[4,12],[5,12],[6,12],[7,12],[8,12],[9,12],[10,12],[11,12],[12,12],[13,12],[14,12],[15,12],[16,12],[17,12],[18,12],[19,12],[20,12],[21,12],[22,12],[23,12],[24,12]]","25","no_route","no_route","true","0","1","25","0","323","0","4.8","4.8"
"2026-10-09T06:42:29.060Z","controlled-replay","replay-1791528148963","controlled-replay","goal-cut-off","goal-cut-off","2","3","dstar","25","25","3","","","0.04","1,11","E","23,13","1,11","[]","[""0,12"",""1,12"",""10,12"",""11,12"",""12,12"",""13,12"",""14,12"",""15,12"",""16,12"",""17,12"",""18,12"",""19,12"",""2,12"",""20,12"",""21,12"",""22,12"",""23,12"",""24,12"",""3,12"",""4,12"",""5,12"",""6,12"",""7,12"",""8,12"",""9,12""]","[[0,12],[1,12],[2,12],[3,12],[4,12],[5,12],[6,12],[7,12],[8,12],[9,12],[10,12],[11,12],[12,12],[13,12],[14,12],[15,12],[16,12],[17,12],[18,12],[19,12],[20,12],[21,12],[22,12],[23,12],[24,12]]","25","no_route","no_route","true","0","2","0","0","0","0","0","0"
"2026-10-09T06:42:29.060Z","controlled-replay","replay-1791528148963","controlled-replay","single-blocker","single-blocker","0","4","astar","25","25","3","","","0.0016","1,12","E","23,12","1,12","[]","[]","[[12,12]]","1","success","success","true","22","0","0","0","22","0.1","0","0.1"
"2026-10-09T06:42:29.061Z","controlled-replay","replay-1791528148963","controlled-replay","single-blocker","single-blocker","1","4","astar","25","25","3","","","0.0016","1,12","E","23,12","1,12","[""12,12""]","[""12,12""]","[[12,12]]","1","success","success","true","24","1","1","0","68","0","0.3","0.3"
"2026-10-09T06:42:29.062Z","controlled-replay","replay-1791528148963","controlled-replay","single-blocker","single-blocker","2","4","astar","25","25","3","","","0.0016","1,12","E","23,12","10,13","[]","[""12,12""]","[[12,12]]","1","success","success","true","14","2","0","0","26","0","0.1","0.1"
"2026-10-09T06:42:29.062Z","controlled-replay","replay-1791528148963","controlled-replay","single-blocker","single-blocker","0","4","dstar","25","25","3","","","0.0016","1,12","E","23,12","1,12","[]","[]","[[12,12]]","1","success","success","true","22","0","0","0","23","0.2","0","0.2"
"2026-10-09T06:42:29.064Z","controlled-replay","replay-1791528148963","controlled-replay","single-blocker","single-blocker","1","4","dstar","25","25","3","","","0.0016","1,12","E","23,12","1,12","[""12,12""]","[""12,12""]","[[12,12]]","1","success","success","true","24","1","1","0","70","0","1.1","1.1"
"2026-10-09T06:42:29.064Z","controlled-replay","replay-1791528148963","controlled-replay","single-blocker","single-blocker","2","4","dstar","25","25","3","","","0.0016","1,12","E","23,12","10,13","[]","[""12,12""]","[[12,12]]","1","success","success","true","14","2","0","0","0","0","0.1","0.1"
"2026-10-09T06:42:29.065Z","controlled-replay","replay-1791528148963","controlled-replay","sequential-blockers","sequential-blockers","0","4","dstar","25","25","3","","","0.0032","1,12","E","23,12","1,12","[]","[]","[[12,11],[12,12]]","2","success","success","true","22","0","0","0","23","0.6","0","0.6"
"2026-10-09T06:42:29.067Z","controlled-replay","replay-1791528148963","controlled-replay","sequential-blockers","sequential-blockers","1","4","dstar","25","25","3","","","0.0032","1,12","E","23,12","1,12","[""12,12""]","[""12,12""]","[[12,11],[12,12]]","2","success","success","true","24","1","1","0","70","0","1.5","1.5"
"2026-10-09T06:42:29.067Z","controlled-replay","replay-1791528148963","controlled-replay","sequential-blockers","sequential-blockers","2","4","dstar","25","25","3","","","0.0032","1,12","E","23,12","10,13","[""12,11""]","[""12,11"",""12,12""]","[[12,11],[12,12]]","2","success","success","true","14","2","1","0","0","0","0","0"
"2026-10-09T06:42:29.068Z","controlled-replay","replay-1791528148963","controlled-replay","sequential-blockers","sequential-blockers","0","4","astar","25","25","3","","","0.0032","1,12","E","23,12","1,12","[]","[]","[[12,11],[12,12]]","2","success","success","true","22","0","0","0","22","0.1","0","0.1"
"2026-10-09T06:42:29.069Z","controlled-replay","replay-1791528148963","controlled-replay","sequential-blockers","sequential-blockers","1","4","astar","25","25","3","","","0.0032","1,12","E","23,12","1,12","[""12,12""]","[""12,12""]","[[12,11],[12,12]]","2","success","success","true","24","1","1","0","68","0","0.2","0.2"
"2026-10-09T06:42:29.069Z","controlled-replay","replay-1791528148963","controlled-replay","sequential-blockers","sequential-blockers","2","4","astar","25","25","3","","","0.0032","1,12","E","23,12","10,13","[""12,11""]","[""12,11"",""12,12""]","[[12,11],[12,12]]","2","success","success","true","14","2","1","0","26","0","0.1","0.1"
"2026-10-09T06:42:29.070Z","controlled-replay","replay-1791528148963","controlled-replay","off-route-updates","off-route-updates","0","4","astar","25","25","3","","","0.0032","1,12","E","23,12","1,12","[]","[]","[[12,1],[12,23]]","2","success","success","true","22","0","0","0","22","0.2","0","0.2"
"2026-10-09T06:42:29.071Z","controlled-replay","replay-1791528148963","controlled-replay","off-route-updates","off-route-updates","1","4","astar","25","25","3","","","0.0032","1,12","E","23,12","1,12","[""12,1""]","[""12,1""]","[[12,1],[12,23]]","2","success","success","true","22","1","1","0","22","0","0.2","0.2"
"2026-10-09T06:42:29.071Z","controlled-replay","replay-1791528148963","controlled-replay","off-route-updates","off-route-updates","2","4","astar","25","25","3","","","0.0032","1,12","E","23,12","11,12","[""12,23""]","[""12,1"",""12,23""]","[[12,1],[12,23]]","2","success","success","true","12","2","1","0","12","0","0.1","0.1"
"2026-10-09T06:42:29.072Z","controlled-replay","replay-1791528148963","controlled-replay","off-route-updates","off-route-updates","0","4","dstar","25","25","3","","","0.0032","1,12","E","23,12","1,12","[]","[]","[[12,1],[12,23]]","2","success","success","true","22","0","0","0","23","0.5","0","0.5"
"2026-10-09T06:42:29.073Z","controlled-replay","replay-1791528148963","controlled-replay","off-route-updates","off-route-updates","1","4","dstar","25","25","3","","","0.0032","1,12","E","23,12","1,12","[""12,1""]","[""12,1""]","[[12,1],[12,23]]","2","success","success","true","22","1","1","0","0","0","0.1","0.1"
"2026-10-09T06:42:29.073Z","controlled-replay","replay-1791528148963","controlled-replay","off-route-updates","off-route-updates","2","4","dstar","25","25","3","","","0.0032","1,12","E","23,12","11,12","[""12,23""]","[""12,1"",""12,23""]","[[12,1],[12,23]]","2","success","success","true","12","2","1","0","0","0","0","0"
"2026-10-09T06:42:29.074Z","controlled-replay","replay-1791528148963","controlled-replay","goal-cut-off","goal-cut-off","0","4","dstar","25","25","3","","","0.04","1,11","E","23,13","1,11","[]","[]","[[0,12],[1,12],[2,12],[3,12],[4,12],[5,12],[6,12],[7,12],[8,12],[9,12],[10,12],[11,12],[12,12],[13,12],[14,12],[15,12],[16,12],[17,12],[18,12],[19,12],[20,12],[21,12],[22,12],[23,12],[24,12]]","25","success","success","true","24","0","0","0","69","0.9","0","0.9"
"2026-10-09T06:42:29.079Z","controlled-replay","replay-1791528148963","controlled-replay","goal-cut-off","goal-cut-off","1","4","dstar","25","25","3","","","0.04","1,11","E","23,13","1,11","[""0,12"",""1,12"",""2,12"",""3,12"",""4,12"",""5,12"",""6,12"",""7,12"",""8,12"",""9,12"",""10,12"",""11,12"",""12,12"",""13,12"",""14,12"",""15,12"",""16,12"",""17,12"",""18,12"",""19,12"",""20,12"",""21,12"",""22,12"",""23,12"",""24,12""]","[""0,12"",""1,12"",""10,12"",""11,12"",""12,12"",""13,12"",""14,12"",""15,12"",""16,12"",""17,12"",""18,12"",""19,12"",""2,12"",""20,12"",""21,12"",""22,12"",""23,12"",""24,12"",""3,12"",""4,12"",""5,12"",""6,12"",""7,12"",""8,12"",""9,12""]","[[0,12],[1,12],[2,12],[3,12],[4,12],[5,12],[6,12],[7,12],[8,12],[9,12],[10,12],[11,12],[12,12],[13,12],[14,12],[15,12],[16,12],[17,12],[18,12],[19,12],[20,12],[21,12],[22,12],[23,12],[24,12]]","25","no_route","no_route","true","0","1","25","0","323","0","3.8","3.8"
"2026-10-09T06:42:29.079Z","controlled-replay","replay-1791528148963","controlled-replay","goal-cut-off","goal-cut-off","2","4","dstar","25","25","3","","","0.04","1,11","E","23,13","1,11","[]","[""0,12"",""1,12"",""10,12"",""11,12"",""12,12"",""13,12"",""14,12"",""15,12"",""16,12"",""17,12"",""18,12"",""19,12"",""2,12"",""20,12"",""21,12"",""22,12"",""23,12"",""24,12"",""3,12"",""4,12"",""5,12"",""6,12"",""7,12"",""8,12"",""9,12""]","[[0,12],[1,12],[2,12],[3,12],[4,12],[5,12],[6,12],[7,12],[8,12],[9,12],[10,12],[11,12],[12,12],[13,12],[14,12],[15,12],[16,12],[17,12],[18,12],[19,12],[20,12],[21,12],[22,12],[23,12],[24,12]]","25","no_route","no_route","true","0","2","0","0","0","0","0","0"
"2026-10-09T06:42:29.080Z","controlled-replay","replay-1791528148963","controlled-replay","goal-cut-off","goal-cut-off","0","4","astar","25","25","3","","","0.04","1,11","E","23,13","1,11","[]","[]","[[0,12],[1,12],[2,12],[3,12],[4,12],[5,12],[6,12],[7,12],[8,12],[9,12],[10,12],[11,12],[12,12],[13,12],[14,12],[15,12],[16,12],[17,12],[18,12],[19,12],[20,12],[21,12],[22,12],[23,12],[24,12]]","25","success","success","true","24","0","0","0","68","0.2","0","0.2"
"2026-10-09T06:42:29.081Z","controlled-replay","replay-1791528148963","controlled-replay","goal-cut-off","goal-cut-off","1","4","astar","25","25","3","","","0.04","1,11","E","23,13","1,11","[""0,12"",""1,12"",""2,12"",""3,12"",""4,12"",""5,12"",""6,12"",""7,12"",""8,12"",""9,12"",""10,12"",""11,12"",""12,12"",""13,12"",""14,12"",""15,12"",""16,12"",""17,12"",""18,12"",""19,12"",""20,12"",""21,12"",""22,12"",""23,12"",""24,12""]","[""0,12"",""1,12"",""10,12"",""11,12"",""12,12"",""13,12"",""14,12"",""15,12"",""16,12"",""17,12"",""18,12"",""19,12"",""2,12"",""20,12"",""21,12"",""22,12"",""23,12"",""24,12"",""3,12"",""4,12"",""5,12"",""6,12"",""7,12"",""8,12"",""9,12""]","[[0,12],[1,12],[2,12],[3,12],[4,12],[5,12],[6,12],[7,12],[8,12],[9,12],[10,12],[11,12],[12,12],[13,12],[14,12],[15,12],[16,12],[17,12],[18,12],[19,12],[20,12],[21,12],[22,12],[23,12],[24,12]]","25","no_route","no_route","true","0","1","25","0","300","0","0.7","0.7"
"2026-10-09T06:42:29.082Z","controlled-replay","replay-1791528148963","controlled-replay","goal-cut-off","goal-cut-off","2","4","astar","25","25","3","","","0.04","1,11","E","23,13","1,11","[]","[""0,12"",""1,12"",""10,12"",""11,12"",""12,12"",""13,12"",""14,12"",""15,12"",""16,12"",""17,12"",""18,12"",""19,12"",""2,12"",""20,12"",""21,12"",""22,12"",""23,12"",""24,12"",""3,12"",""4,12"",""5,12"",""6,12"",""7,12"",""8,12"",""9,12""]","[[0,12],[1,12],[2,12],[3,12],[4,12],[5,12],[6,12],[7,12],[8,12],[9,12],[10,12],[11,12],[12,12],[13,12],[14,12],[15,12],[16,12],[17,12],[18,12],[19,12],[20,12],[21,12],[22,12],[23,12],[24,12]]","25","no_route","no_route","true","0","2","0","0","300","0","1","1"
"2026-10-09T06:42:29.083Z","controlled-replay","replay-1791528148963","controlled-replay","single-blocker","single-blocker","0","5","dstar","25","25","3","","","0.0016","1,12","E","23,12","1,12","[]","[]","[[12,12]]","1","success","success","true","22","0","0","0","23","0.4","0","0.4"
"2026-10-09T06:42:29.085Z","controlled-replay","replay-1791528148963","controlled-replay","single-blocker","single-blocker","1","5","dstar","25","25","3","","","0.0016","1,12","E","23,12","1,12","[""12,12""]","[""12,12""]","[[12,12]]","1","success","success","true","24","1","1","0","70","0","1.1","1.1"
"2026-10-09T06:42:29.085Z","controlled-replay","replay-1791528148963","controlled-replay","single-blocker","single-blocker","2","5","dstar","25","25","3","","","0.0016","1,12","E","23,12","10,13","[]","[""12,12""]","[[12,12]]","1","success","success","true","14","2","0","0","0","0","0.1","0.1"
"2026-10-09T06:42:29.085Z","controlled-replay","replay-1791528148963","controlled-replay","single-blocker","single-blocker","0","5","astar","25","25","3","","","0.0016","1,12","E","23,12","1,12","[]","[]","[[12,12]]","1","success","success","true","22","0","0","0","22","0.1","0","0.1"
"2026-10-09T06:42:29.086Z","controlled-replay","replay-1791528148963","controlled-replay","single-blocker","single-blocker","1","5","astar","25","25","3","","","0.0016","1,12","E","23,12","1,12","[""12,12""]","[""12,12""]","[[12,12]]","1","success","success","true","24","1","1","0","68","0","0.2","0.2"
"2026-10-09T06:42:29.086Z","controlled-replay","replay-1791528148963","controlled-replay","single-blocker","single-blocker","2","5","astar","25","25","3","","","0.0016","1,12","E","23,12","10,13","[]","[""12,12""]","[[12,12]]","1","success","success","true","14","2","0","0","26","0","0.2","0.2"
"2026-10-09T06:42:29.087Z","controlled-replay","replay-1791528148963","controlled-replay","sequential-blockers","sequential-blockers","0","5","astar","25","25","3","","","0.0032","1,12","E","23,12","1,12","[]","[]","[[12,11],[12,12]]","2","success","success","true","22","0","0","0","22","0.1","0","0.1"
"2026-10-09T06:42:29.087Z","controlled-replay","replay-1791528148963","controlled-replay","sequential-blockers","sequential-blockers","1","5","astar","25","25","3","","","0.0032","1,12","E","23,12","1,12","[""12,12""]","[""12,12""]","[[12,11],[12,12]]","2","success","success","true","24","1","1","0","68","0","0.2","0.2"
"2026-10-09T06:42:29.088Z","controlled-replay","replay-1791528148963","controlled-replay","sequential-blockers","sequential-blockers","2","5","astar","25","25","3","","","0.0032","1,12","E","23,12","10,13","[""12,11""]","[""12,11"",""12,12""]","[[12,11],[12,12]]","2","success","success","true","14","2","1","0","26","0","0.1","0.1"
"2026-10-09T06:42:29.088Z","controlled-replay","replay-1791528148963","controlled-replay","sequential-blockers","sequential-blockers","0","5","dstar","25","25","3","","","0.0032","1,12","E","23,12","1,12","[]","[]","[[12,11],[12,12]]","2","success","success","true","22","0","0","0","23","0.3","0","0.3"
"2026-10-09T06:42:29.090Z","controlled-replay","replay-1791528148963","controlled-replay","sequential-blockers","sequential-blockers","1","5","dstar","25","25","3","","","0.0032","1,12","E","23,12","1,12","[""12,12""]","[""12,12""]","[[12,11],[12,12]]","2","success","success","true","24","1","1","0","70","0","1.3","1.3"
"2026-10-09T06:42:29.091Z","controlled-replay","replay-1791528148963","controlled-replay","sequential-blockers","sequential-blockers","2","5","dstar","25","25","3","","","0.0032","1,12","E","23,12","10,13","[""12,11""]","[""12,11"",""12,12""]","[[12,11],[12,12]]","2","success","success","true","14","2","1","0","0","0","0.1","0.1"
"2026-10-09T06:42:29.092Z","controlled-replay","replay-1791528148963","controlled-replay","off-route-updates","off-route-updates","0","5","dstar","25","25","3","","","0.0032","1,12","E","23,12","1,12","[]","[]","[[12,1],[12,23]]","2","success","success","true","22","0","0","0","23","0.6","0","0.6"
"2026-10-09T06:42:29.093Z","controlled-replay","replay-1791528148963","controlled-replay","off-route-updates","off-route-updates","1","5","dstar","25","25","3","","","0.0032","1,12","E","23,12","1,12","[""12,1""]","[""12,1""]","[[12,1],[12,23]]","2","success","success","true","22","1","1","0","0","0","0.1","0.1"
"2026-10-09T06:42:29.093Z","controlled-replay","replay-1791528148963","controlled-replay","off-route-updates","off-route-updates","2","5","dstar","25","25","3","","","0.0032","1,12","E","23,12","11,12","[""12,23""]","[""12,1"",""12,23""]","[[12,1],[12,23]]","2","success","success","true","12","2","1","0","0","0","0.1","0.1"
"2026-10-09T06:42:29.094Z","controlled-replay","replay-1791528148963","controlled-replay","off-route-updates","off-route-updates","0","5","astar","25","25","3","","","0.0032","1,12","E","23,12","1,12","[]","[]","[[12,1],[12,23]]","2","success","success","true","22","0","0","0","22","0.1","0","0.1"
"2026-10-09T06:42:29.094Z","controlled-replay","replay-1791528148963","controlled-replay","off-route-updates","off-route-updates","1","5","astar","25","25","3","","","0.0032","1,12","E","23,12","1,12","[""12,1""]","[""12,1""]","[[12,1],[12,23]]","2","success","success","true","22","1","1","0","22","0","0.1","0.1"
"2026-10-09T06:42:29.095Z","controlled-replay","replay-1791528148963","controlled-replay","off-route-updates","off-route-updates","2","5","astar","25","25","3","","","0.0032","1,12","E","23,12","11,12","[""12,23""]","[""12,1"",""12,23""]","[[12,1],[12,23]]","2","success","success","true","12","2","1","0","12","0","0.1","0.1"
"2026-10-09T06:42:29.095Z","controlled-replay","replay-1791528148963","controlled-replay","goal-cut-off","goal-cut-off","0","5","astar","25","25","3","","","0.04","1,11","E","23,13","1,11","[]","[]","[[0,12],[1,12],[2,12],[3,12],[4,12],[5,12],[6,12],[7,12],[8,12],[9,12],[10,12],[11,12],[12,12],[13,12],[14,12],[15,12],[16,12],[17,12],[18,12],[19,12],[20,12],[21,12],[22,12],[23,12],[24,12]]","25","success","success","true","24","0","0","0","68","0.3","0","0.3"
"2026-10-09T06:42:29.097Z","controlled-replay","replay-1791528148963","controlled-replay","goal-cut-off","goal-cut-off","1","5","astar","25","25","3","","","0.04","1,11","E","23,13","1,11","[""0,12"",""1,12"",""2,12"",""3,12"",""4,12"",""5,12"",""6,12"",""7,12"",""8,12"",""9,12"",""10,12"",""11,12"",""12,12"",""13,12"",""14,12"",""15,12"",""16,12"",""17,12"",""18,12"",""19,12"",""20,12"",""21,12"",""22,12"",""23,12"",""24,12""]","[""0,12"",""1,12"",""10,12"",""11,12"",""12,12"",""13,12"",""14,12"",""15,12"",""16,12"",""17,12"",""18,12"",""19,12"",""2,12"",""20,12"",""21,12"",""22,12"",""23,12"",""24,12"",""3,12"",""4,12"",""5,12"",""6,12"",""7,12"",""8,12"",""9,12""]","[[0,12],[1,12],[2,12],[3,12],[4,12],[5,12],[6,12],[7,12],[8,12],[9,12],[10,12],[11,12],[12,12],[13,12],[14,12],[15,12],[16,12],[17,12],[18,12],[19,12],[20,12],[21,12],[22,12],[23,12],[24,12]]","25","no_route","no_route","true","0","1","25","0","300","0","1.5","1.5"
"2026-10-09T06:42:29.099Z","controlled-replay","replay-1791528148963","controlled-replay","goal-cut-off","goal-cut-off","2","5","astar","25","25","3","","","0.04","1,11","E","23,13","1,11","[]","[""0,12"",""1,12"",""10,12"",""11,12"",""12,12"",""13,12"",""14,12"",""15,12"",""16,12"",""17,12"",""18,12"",""19,12"",""2,12"",""20,12"",""21,12"",""22,12"",""23,12"",""24,12"",""3,12"",""4,12"",""5,12"",""6,12"",""7,12"",""8,12"",""9,12""]","[[0,12],[1,12],[2,12],[3,12],[4,12],[5,12],[6,12],[7,12],[8,12],[9,12],[10,12],[11,12],[12,12],[13,12],[14,12],[15,12],[16,12],[17,12],[18,12],[19,12],[20,12],[21,12],[22,12],[23,12],[24,12]]","25","no_route","no_route","true","0","2","0","0","300","0","1.2","1.2"
"2026-10-09T06:42:29.101Z","controlled-replay","replay-1791528148963","controlled-replay","goal-cut-off","goal-cut-off","0","5","dstar","25","25","3","","","0.04","1,11","E","23,13","1,11","[]","[]","[[0,12],[1,12],[2,12],[3,12],[4,12],[5,12],[6,12],[7,12],[8,12],[9,12],[10,12],[11,12],[12,12],[13,12],[14,12],[15,12],[16,12],[17,12],[18,12],[19,12],[20,12],[21,12],[22,12],[23,12],[24,12]]","25","success","success","true","24","0","0","0","69","1.5","0","1.5"
"2026-10-09T06:42:29.106Z","controlled-replay","replay-1791528148963","controlled-replay","goal-cut-off","goal-cut-off","1","5","dstar","25","25","3","","","0.04","1,11","E","23,13","1,11","[""0,12"",""1,12"",""2,12"",""3,12"",""4,12"",""5,12"",""6,12"",""7,12"",""8,12"",""9,12"",""10,12"",""11,12"",""12,12"",""13,12"",""14,12"",""15,12"",""16,12"",""17,12"",""18,12"",""19,12"",""20,12"",""21,12"",""22,12"",""23,12"",""24,12""]","[""0,12"",""1,12"",""10,12"",""11,12"",""12,12"",""13,12"",""14,12"",""15,12"",""16,12"",""17,12"",""18,12"",""19,12"",""2,12"",""20,12"",""21,12"",""22,12"",""23,12"",""24,12"",""3,12"",""4,12"",""5,12"",""6,12"",""7,12"",""8,12"",""9,12""]","[[0,12],[1,12],[2,12],[3,12],[4,12],[5,12],[6,12],[7,12],[8,12],[9,12],[10,12],[11,12],[12,12],[13,12],[14,12],[15,12],[16,12],[17,12],[18,12],[19,12],[20,12],[21,12],[22,12],[23,12],[24,12]]","25","no_route","no_route","true","0","1","25","0","323","0","4.6","4.6"
"2026-10-09T06:42:29.107Z","controlled-replay","replay-1791528148963","controlled-replay","goal-cut-off","goal-cut-off","2","5","dstar","25","25","3","","","0.04","1,11","E","23,13","1,11","[]","[""0,12"",""1,12"",""10,12"",""11,12"",""12,12"",""13,12"",""14,12"",""15,12"",""16,12"",""17,12"",""18,12"",""19,12"",""2,12"",""20,12"",""21,12"",""22,12"",""23,12"",""24,12"",""3,12"",""4,12"",""5,12"",""6,12"",""7,12"",""8,12"",""9,12""]","[[0,12],[1,12],[2,12],[3,12],[4,12],[5,12],[6,12],[7,12],[8,12],[9,12],[10,12],[11,12],[12,12],[13,12],[14,12],[15,12],[16,12],[17,12],[18,12],[19,12],[20,12],[21,12],[22,12],[23,12],[24,12]]","25","no_route","no_route","true","0","2","0","0","0","0","0","0"
"2026-10-09T06:42:29.107Z","controlled-replay","replay-1791528148963","controlled-replay","single-blocker","single-blocker","0","6","astar","25","25","3","","","0.0016","1,12","E","23,12","1,12","[]","[]","[[12,12]]","1","success","success","true","22","0","0","0","22","0","0","0"
"2026-10-09T06:42:29.108Z","controlled-replay","replay-1791528148963","controlled-replay","single-blocker","single-blocker","1","6","astar","25","25","3","","","0.0016","1,12","E","23,12","1,12","[""12,12""]","[""12,12""]","[[12,12]]","1","success","success","true","24","1","1","0","68","0","0.5","0.5"
"2026-10-09T06:42:29.109Z","controlled-replay","replay-1791528148963","controlled-replay","single-blocker","single-blocker","2","6","astar","25","25","3","","","0.0016","1,12","E","23,12","10,13","[]","[""12,12""]","[[12,12]]","1","success","success","true","14","2","0","0","26","0","0.1","0.1"
"2026-10-09T06:42:29.110Z","controlled-replay","replay-1791528148963","controlled-replay","single-blocker","single-blocker","0","6","dstar","25","25","3","","","0.0016","1,12","E","23,12","1,12","[]","[]","[[12,12]]","1","success","success","true","22","0","0","0","23","0.6","0","0.6"
"2026-10-09T06:42:29.111Z","controlled-replay","replay-1791528148963","controlled-replay","single-blocker","single-blocker","1","6","dstar","25","25","3","","","0.0016","1,12","E","23,12","1,12","[""12,12""]","[""12,12""]","[[12,12]]","1","success","success","true","24","1","1","0","70","0","0.9","0.9"
"2026-10-09T06:42:29.112Z","controlled-replay","replay-1791528148963","controlled-replay","single-blocker","single-blocker","2","6","dstar","25","25","3","","","0.0016","1,12","E","23,12","10,13","[]","[""12,12""]","[[12,12]]","1","success","success","true","14","2","0","0","0","0","0","0"
"2026-10-09T06:42:29.113Z","controlled-replay","replay-1791528148963","controlled-replay","sequential-blockers","sequential-blockers","0","6","dstar","25","25","3","","","0.0032","1,12","E","23,12","1,12","[]","[]","[[12,11],[12,12]]","2","success","success","true","22","0","0","0","23","0.5","0","0.5"
"2026-10-09T06:42:29.115Z","controlled-replay","replay-1791528148963","controlled-replay","sequential-blockers","sequential-blockers","1","6","dstar","25","25","3","","","0.0032","1,12","E","23,12","1,12","[""12,12""]","[""12,12""]","[[12,11],[12,12]]","2","success","success","true","24","1","1","0","70","0","1.3","1.3"
"2026-10-09T06:42:29.115Z","controlled-replay","replay-1791528148963","controlled-replay","sequential-blockers","sequential-blockers","2","6","dstar","25","25","3","","","0.0032","1,12","E","23,12","10,13","[""12,11""]","[""12,11"",""12,12""]","[[12,11],[12,12]]","2","success","success","true","14","2","1","0","0","0","0.1","0.1"
"2026-10-09T06:42:29.116Z","controlled-replay","replay-1791528148963","controlled-replay","sequential-blockers","sequential-blockers","0","6","astar","25","25","3","","","0.0032","1,12","E","23,12","1,12","[]","[]","[[12,11],[12,12]]","2","success","success","true","22","0","0","0","22","0.1","0","0.1"
"2026-10-09T06:42:29.116Z","controlled-replay","replay-1791528148963","controlled-replay","sequential-blockers","sequential-blockers","1","6","astar","25","25","3","","","0.0032","1,12","E","23,12","1,12","[""12,12""]","[""12,12""]","[[12,11],[12,12]]","2","success","success","true","24","1","1","0","68","0","0.2","0.2"
"2026-10-09T06:42:29.117Z","controlled-replay","replay-1791528148963","controlled-replay","sequential-blockers","sequential-blockers","2","6","astar","25","25","3","","","0.0032","1,12","E","23,12","10,13","[""12,11""]","[""12,11"",""12,12""]","[[12,11],[12,12]]","2","success","success","true","14","2","1","0","26","0","0.2","0.2"
"2026-10-09T06:42:29.117Z","controlled-replay","replay-1791528148963","controlled-replay","off-route-updates","off-route-updates","0","6","astar","25","25","3","","","0.0032","1,12","E","23,12","1,12","[]","[]","[[12,1],[12,23]]","2","success","success","true","22","0","0","0","22","0","0","0"
"2026-10-09T06:42:29.118Z","controlled-replay","replay-1791528148963","controlled-replay","off-route-updates","off-route-updates","1","6","astar","25","25","3","","","0.0032","1,12","E","23,12","1,12","[""12,1""]","[""12,1""]","[[12,1],[12,23]]","2","success","success","true","22","1","1","0","22","0","0.1","0.1"
"2026-10-09T06:42:29.118Z","controlled-replay","replay-1791528148963","controlled-replay","off-route-updates","off-route-updates","2","6","astar","25","25","3","","","0.0032","1,12","E","23,12","11,12","[""12,23""]","[""12,1"",""12,23""]","[[12,1],[12,23]]","2","success","success","true","12","2","1","0","12","0","0","0"
"2026-10-09T06:42:29.119Z","controlled-replay","replay-1791528148963","controlled-replay","off-route-updates","off-route-updates","0","6","dstar","25","25","3","","","0.0032","1,12","E","23,12","1,12","[]","[]","[[12,1],[12,23]]","2","success","success","true","22","0","0","0","23","0.3","0","0.3"
"2026-10-09T06:42:29.119Z","controlled-replay","replay-1791528148963","controlled-replay","off-route-updates","off-route-updates","1","6","dstar","25","25","3","","","0.0032","1,12","E","23,12","1,12","[""12,1""]","[""12,1""]","[[12,1],[12,23]]","2","success","success","true","22","1","1","0","0","0","0","0"
"2026-10-09T06:42:29.119Z","controlled-replay","replay-1791528148963","controlled-replay","off-route-updates","off-route-updates","2","6","dstar","25","25","3","","","0.0032","1,12","E","23,12","11,12","[""12,23""]","[""12,1"",""12,23""]","[[12,1],[12,23]]","2","success","success","true","12","2","1","0","0","0","0","0"
"2026-10-09T06:42:29.121Z","controlled-replay","replay-1791528148963","controlled-replay","goal-cut-off","goal-cut-off","0","6","dstar","25","25","3","","","0.04","1,11","E","23,13","1,11","[]","[]","[[0,12],[1,12],[2,12],[3,12],[4,12],[5,12],[6,12],[7,12],[8,12],[9,12],[10,12],[11,12],[12,12],[13,12],[14,12],[15,12],[16,12],[17,12],[18,12],[19,12],[20,12],[21,12],[22,12],[23,12],[24,12]]","25","success","success","true","24","0","0","0","69","0.7","0","0.7"
"2026-10-09T06:42:29.125Z","controlled-replay","replay-1791528148963","controlled-replay","goal-cut-off","goal-cut-off","1","6","dstar","25","25","3","","","0.04","1,11","E","23,13","1,11","[""0,12"",""1,12"",""2,12"",""3,12"",""4,12"",""5,12"",""6,12"",""7,12"",""8,12"",""9,12"",""10,12"",""11,12"",""12,12"",""13,12"",""14,12"",""15,12"",""16,12"",""17,12"",""18,12"",""19,12"",""20,12"",""21,12"",""22,12"",""23,12"",""24,12""]","[""0,12"",""1,12"",""10,12"",""11,12"",""12,12"",""13,12"",""14,12"",""15,12"",""16,12"",""17,12"",""18,12"",""19,12"",""2,12"",""20,12"",""21,12"",""22,12"",""23,12"",""24,12"",""3,12"",""4,12"",""5,12"",""6,12"",""7,12"",""8,12"",""9,12""]","[[0,12],[1,12],[2,12],[3,12],[4,12],[5,12],[6,12],[7,12],[8,12],[9,12],[10,12],[11,12],[12,12],[13,12],[14,12],[15,12],[16,12],[17,12],[18,12],[19,12],[20,12],[21,12],[22,12],[23,12],[24,12]]","25","no_route","no_route","true","0","1","25","0","323","0","3.9","3.9"
"2026-10-09T06:42:29.125Z","controlled-replay","replay-1791528148963","controlled-replay","goal-cut-off","goal-cut-off","2","6","dstar","25","25","3","","","0.04","1,11","E","23,13","1,11","[]","[""0,12"",""1,12"",""10,12"",""11,12"",""12,12"",""13,12"",""14,12"",""15,12"",""16,12"",""17,12"",""18,12"",""19,12"",""2,12"",""20,12"",""21,12"",""22,12"",""23,12"",""24,12"",""3,12"",""4,12"",""5,12"",""6,12"",""7,12"",""8,12"",""9,12""]","[[0,12],[1,12],[2,12],[3,12],[4,12],[5,12],[6,12],[7,12],[8,12],[9,12],[10,12],[11,12],[12,12],[13,12],[14,12],[15,12],[16,12],[17,12],[18,12],[19,12],[20,12],[21,12],[22,12],[23,12],[24,12]]","25","no_route","no_route","true","0","2","0","0","0","0","0","0"
"2026-10-09T06:42:29.126Z","controlled-replay","replay-1791528148963","controlled-replay","goal-cut-off","goal-cut-off","0","6","astar","25","25","3","","","0.04","1,11","E","23,13","1,11","[]","[]","[[0,12],[1,12],[2,12],[3,12],[4,12],[5,12],[6,12],[7,12],[8,12],[9,12],[10,12],[11,12],[12,12],[13,12],[14,12],[15,12],[16,12],[17,12],[18,12],[19,12],[20,12],[21,12],[22,12],[23,12],[24,12]]","25","success","success","true","24","0","0","0","68","0.3","0","0.3"
"2026-10-09T06:42:29.127Z","controlled-replay","replay-1791528148963","controlled-replay","goal-cut-off","goal-cut-off","1","6","astar","25","25","3","","","0.04","1,11","E","23,13","1,11","[""0,12"",""1,12"",""2,12"",""3,12"",""4,12"",""5,12"",""6,12"",""7,12"",""8,12"",""9,12"",""10,12"",""11,12"",""12,12"",""13,12"",""14,12"",""15,12"",""16,12"",""17,12"",""18,12"",""19,12"",""20,12"",""21,12"",""22,12"",""23,12"",""24,12""]","[""0,12"",""1,12"",""10,12"",""11,12"",""12,12"",""13,12"",""14,12"",""15,12"",""16,12"",""17,12"",""18,12"",""19,12"",""2,12"",""20,12"",""21,12"",""22,12"",""23,12"",""24,12"",""3,12"",""4,12"",""5,12"",""6,12"",""7,12"",""8,12"",""9,12""]","[[0,12],[1,12],[2,12],[3,12],[4,12],[5,12],[6,12],[7,12],[8,12],[9,12],[10,12],[11,12],[12,12],[13,12],[14,12],[15,12],[16,12],[17,12],[18,12],[19,12],[20,12],[21,12],[22,12],[23,12],[24,12]]","25","no_route","no_route","true","0","1","25","0","300","0","0.7","0.7"
"2026-10-09T06:42:29.128Z","controlled-replay","replay-1791528148963","controlled-replay","goal-cut-off","goal-cut-off","2","6","astar","25","25","3","","","0.04","1,11","E","23,13","1,11","[]","[""0,12"",""1,12"",""10,12"",""11,12"",""12,12"",""13,12"",""14,12"",""15,12"",""16,12"",""17,12"",""18,12"",""19,12"",""2,12"",""20,12"",""21,12"",""22,12"",""23,12"",""24,12"",""3,12"",""4,12"",""5,12"",""6,12"",""7,12"",""8,12"",""9,12""]","[[0,12],[1,12],[2,12],[3,12],[4,12],[5,12],[6,12],[7,12],[8,12],[9,12],[10,12],[11,12],[12,12],[13,12],[14,12],[15,12],[16,12],[17,12],[18,12],[19,12],[20,12],[21,12],[22,12],[23,12],[24,12]]","25","no_route","no_route","true","0","2","0","0","300","0","0.7","0.7"
"2026-10-09T06:42:29.129Z","controlled-replay","replay-1791528148963","controlled-replay","single-blocker","single-blocker","0","7","dstar","25","25","3","","","0.0016","1,12","E","23,12","1,12","[]","[]","[[12,12]]","1","success","success","true","22","0","0","0","23","0.3","0","0.3"
"2026-10-09T06:42:29.131Z","controlled-replay","replay-1791528148963","controlled-replay","single-blocker","single-blocker","1","7","dstar","25","25","3","","","0.0016","1,12","E","23,12","1,12","[""12,12""]","[""12,12""]","[[12,12]]","1","success","success","true","24","1","1","0","70","0","1.1","1.1"
"2026-10-09T06:42:29.131Z","controlled-replay","replay-1791528148963","controlled-replay","single-blocker","single-blocker","2","7","dstar","25","25","3","","","0.0016","1,12","E","23,12","10,13","[]","[""12,12""]","[[12,12]]","1","success","success","true","14","2","0","0","0","0","0","0"
"2026-10-09T06:42:29.132Z","controlled-replay","replay-1791528148963","controlled-replay","single-blocker","single-blocker","0","7","astar","25","25","3","","","0.0016","1,12","E","23,12","1,12","[]","[]","[[12,12]]","1","success","success","true","22","0","0","0","22","0.1","0","0.1"
"2026-10-09T06:42:29.132Z","controlled-replay","replay-1791528148963","controlled-replay","single-blocker","single-blocker","1","7","astar","25","25","3","","","0.0016","1,12","E","23,12","1,12","[""12,12""]","[""12,12""]","[[12,12]]","1","success","success","true","24","1","1","0","68","0","0.1","0.1"
"2026-10-09T06:42:29.133Z","controlled-replay","replay-1791528148963","controlled-replay","single-blocker","single-blocker","2","7","astar","25","25","3","","","0.0016","1,12","E","23,12","10,13","[]","[""12,12""]","[[12,12]]","1","success","success","true","14","2","0","0","26","0","0.1","0.1"
"2026-10-09T06:42:29.133Z","controlled-replay","replay-1791528148963","controlled-replay","sequential-blockers","sequential-blockers","0","7","astar","25","25","3","","","0.0032","1,12","E","23,12","1,12","[]","[]","[[12,11],[12,12]]","2","success","success","true","22","0","0","0","22","0.1","0","0.1"
"2026-10-09T06:42:29.134Z","controlled-replay","replay-1791528148963","controlled-replay","sequential-blockers","sequential-blockers","1","7","astar","25","25","3","","","0.0032","1,12","E","23,12","1,12","[""12,12""]","[""12,12""]","[[12,11],[12,12]]","2","success","success","true","24","1","1","0","68","0","0.5","0.5"
"2026-10-09T06:42:29.134Z","controlled-replay","replay-1791528148963","controlled-replay","sequential-blockers","sequential-blockers","2","7","astar","25","25","3","","","0.0032","1,12","E","23,12","10,13","[""12,11""]","[""12,11"",""12,12""]","[[12,11],[12,12]]","2","success","success","true","14","2","1","0","26","0","0.2","0.2"
"2026-10-09T06:42:29.135Z","controlled-replay","replay-1791528148963","controlled-replay","sequential-blockers","sequential-blockers","0","7","dstar","25","25","3","","","0.0032","1,12","E","23,12","1,12","[]","[]","[[12,11],[12,12]]","2","success","success","true","22","0","0","0","23","0.4","0","0.4"
"2026-10-09T06:42:29.136Z","controlled-replay","replay-1791528148963","controlled-replay","sequential-blockers","sequential-blockers","1","7","dstar","25","25","3","","","0.0032","1,12","E","23,12","1,12","[""12,12""]","[""12,12""]","[[12,11],[12,12]]","2","success","success","true","24","1","1","0","70","0","0.6","0.6"
"2026-10-09T06:42:29.137Z","controlled-replay","replay-1791528148963","controlled-replay","sequential-blockers","sequential-blockers","2","7","dstar","25","25","3","","","0.0032","1,12","E","23,12","10,13","[""12,11""]","[""12,11"",""12,12""]","[[12,11],[12,12]]","2","success","success","true","14","2","1","0","0","0","0","0"
"2026-10-09T06:42:29.138Z","controlled-replay","replay-1791528148963","controlled-replay","off-route-updates","off-route-updates","0","7","dstar","25","25","3","","","0.0032","1,12","E","23,12","1,12","[]","[]","[[12,1],[12,23]]","2","success","success","true","22","0","0","0","23","0.4","0","0.4"
"2026-10-09T06:42:29.138Z","controlled-replay","replay-1791528148963","controlled-replay","off-route-updates","off-route-updates","1","7","dstar","25","25","3","","","0.0032","1,12","E","23,12","1,12","[""12,1""]","[""12,1""]","[[12,1],[12,23]]","2","success","success","true","22","1","1","0","0","0","0","0"
"2026-10-09T06:42:29.138Z","controlled-replay","replay-1791528148963","controlled-replay","off-route-updates","off-route-updates","2","7","dstar","25","25","3","","","0.0032","1,12","E","23,12","11,12","[""12,23""]","[""12,1"",""12,23""]","[[12,1],[12,23]]","2","success","success","true","12","2","1","0","0","0","0","0"
"2026-10-09T06:42:29.138Z","controlled-replay","replay-1791528148963","controlled-replay","off-route-updates","off-route-updates","0","7","astar","25","25","3","","","0.0032","1,12","E","23,12","1,12","[]","[]","[[12,1],[12,23]]","2","success","success","true","22","0","0","0","22","0","0","0"
"2026-10-09T06:42:29.139Z","controlled-replay","replay-1791528148963","controlled-replay","off-route-updates","off-route-updates","1","7","astar","25","25","3","","","0.0032","1,12","E","23,12","1,12","[""12,1""]","[""12,1""]","[[12,1],[12,23]]","2","success","success","true","22","1","1","0","22","0","0.1","0.1"
"2026-10-09T06:42:29.139Z","controlled-replay","replay-1791528148963","controlled-replay","off-route-updates","off-route-updates","2","7","astar","25","25","3","","","0.0032","1,12","E","23,12","11,12","[""12,23""]","[""12,1"",""12,23""]","[[12,1],[12,23]]","2","success","success","true","12","2","1","0","12","0","0.1","0.1"
"2026-10-09T06:42:29.140Z","controlled-replay","replay-1791528148963","controlled-replay","goal-cut-off","goal-cut-off","0","7","astar","25","25","3","","","0.04","1,11","E","23,13","1,11","[]","[]","[[0,12],[1,12],[2,12],[3,12],[4,12],[5,12],[6,12],[7,12],[8,12],[9,12],[10,12],[11,12],[12,12],[13,12],[14,12],[15,12],[16,12],[17,12],[18,12],[19,12],[20,12],[21,12],[22,12],[23,12],[24,12]]","25","success","success","true","24","0","0","0","68","0.2","0","0.2"
"2026-10-09T06:42:29.141Z","controlled-replay","replay-1791528148963","controlled-replay","goal-cut-off","goal-cut-off","1","7","astar","25","25","3","","","0.04","1,11","E","23,13","1,11","[""0,12"",""1,12"",""2,12"",""3,12"",""4,12"",""5,12"",""6,12"",""7,12"",""8,12"",""9,12"",""10,12"",""11,12"",""12,12"",""13,12"",""14,12"",""15,12"",""16,12"",""17,12"",""18,12"",""19,12"",""20,12"",""21,12"",""22,12"",""23,12"",""24,12""]","[""0,12"",""1,12"",""10,12"",""11,12"",""12,12"",""13,12"",""14,12"",""15,12"",""16,12"",""17,12"",""18,12"",""19,12"",""2,12"",""20,12"",""21,12"",""22,12"",""23,12"",""24,12"",""3,12"",""4,12"",""5,12"",""6,12"",""7,12"",""8,12"",""9,12""]","[[0,12],[1,12],[2,12],[3,12],[4,12],[5,12],[6,12],[7,12],[8,12],[9,12],[10,12],[11,12],[12,12],[13,12],[14,12],[15,12],[16,12],[17,12],[18,12],[19,12],[20,12],[21,12],[22,12],[23,12],[24,12]]","25","no_route","no_route","true","0","1","25","0","300","0","0.8","0.8"
"2026-10-09T06:42:29.142Z","controlled-replay","replay-1791528148963","controlled-replay","goal-cut-off","goal-cut-off","2","7","astar","25","25","3","","","0.04","1,11","E","23,13","1,11","[]","[""0,12"",""1,12"",""10,12"",""11,12"",""12,12"",""13,12"",""14,12"",""15,12"",""16,12"",""17,12"",""18,12"",""19,12"",""2,12"",""20,12"",""21,12"",""22,12"",""23,12"",""24,12"",""3,12"",""4,12"",""5,12"",""6,12"",""7,12"",""8,12"",""9,12""]","[[0,12],[1,12],[2,12],[3,12],[4,12],[5,12],[6,12],[7,12],[8,12],[9,12],[10,12],[11,12],[12,12],[13,12],[14,12],[15,12],[16,12],[17,12],[18,12],[19,12],[20,12],[21,12],[22,12],[23,12],[24,12]]","25","no_route","no_route","true","0","2","0","0","300","0","0.7","0.7"
"2026-10-09T06:42:29.143Z","controlled-replay","replay-1791528148963","controlled-replay","goal-cut-off","goal-cut-off","0","7","dstar","25","25","3","","","0.04","1,11","E","23,13","1,11","[]","[]","[[0,12],[1,12],[2,12],[3,12],[4,12],[5,12],[6,12],[7,12],[8,12],[9,12],[10,12],[11,12],[12,12],[13,12],[14,12],[15,12],[16,12],[17,12],[18,12],[19,12],[20,12],[21,12],[22,12],[23,12],[24,12]]","25","success","success","true","24","0","0","0","69","0.9","0","0.9"
"2026-10-09T06:42:29.147Z","controlled-replay","replay-1791528148963","controlled-replay","goal-cut-off","goal-cut-off","1","7","dstar","25","25","3","","","0.04","1,11","E","23,13","1,11","[""0,12"",""1,12"",""2,12"",""3,12"",""4,12"",""5,12"",""6,12"",""7,12"",""8,12"",""9,12"",""10,12"",""11,12"",""12,12"",""13,12"",""14,12"",""15,12"",""16,12"",""17,12"",""18,12"",""19,12"",""20,12"",""21,12"",""22,12"",""23,12"",""24,12""]","[""0,12"",""1,12"",""10,12"",""11,12"",""12,12"",""13,12"",""14,12"",""15,12"",""16,12"",""17,12"",""18,12"",""19,12"",""2,12"",""20,12"",""21,12"",""22,12"",""23,12"",""24,12"",""3,12"",""4,12"",""5,12"",""6,12"",""7,12"",""8,12"",""9,12""]","[[0,12],[1,12],[2,12],[3,12],[4,12],[5,12],[6,12],[7,12],[8,12],[9,12],[10,12],[11,12],[12,12],[13,12],[14,12],[15,12],[16,12],[17,12],[18,12],[19,12],[20,12],[21,12],[22,12],[23,12],[24,12]]","25","no_route","no_route","true","0","1","25","0","323","0","3.5","3.5"
"2026-10-09T06:42:29.147Z","controlled-replay","replay-1791528148963","controlled-replay","goal-cut-off","goal-cut-off","2","7","dstar","25","25","3","","","0.04","1,11","E","23,13","1,11","[]","[""0,12"",""1,12"",""10,12"",""11,12"",""12,12"",""13,12"",""14,12"",""15,12"",""16,12"",""17,12"",""18,12"",""19,12"",""2,12"",""20,12"",""21,12"",""22,12"",""23,12"",""24,12"",""3,12"",""4,12"",""5,12"",""6,12"",""7,12"",""8,12"",""9,12""]","[[0,12],[1,12],[2,12],[3,12],[4,12],[5,12],[6,12],[7,12],[8,12],[9,12],[10,12],[11,12],[12,12],[13,12],[14,12],[15,12],[16,12],[17,12],[18,12],[19,12],[20,12],[21,12],[22,12],[23,12],[24,12]]","25","no_route","no_route","true","0","2","0","0","0","0","0","0"
"2026-10-09T06:42:29.148Z","controlled-replay","replay-1791528148963","controlled-replay","single-blocker","single-blocker","0","8","astar","25","25","3","","","0.0016","1,12","E","23,12","1,12","[]","[]","[[12,12]]","1","success","success","true","22","0","0","0","22","0.1","0","0.1"
"2026-10-09T06:42:29.148Z","controlled-replay","replay-1791528148963","controlled-replay","single-blocker","single-blocker","1","8","astar","25","25","3","","","0.0016","1,12","E","23,12","1,12","[""12,12""]","[""12,12""]","[[12,12]]","1","success","success","true","24","1","1","0","68","0","0.2","0.2"
"2026-10-09T06:42:29.149Z","controlled-replay","replay-1791528148963","controlled-replay","single-blocker","single-blocker","2","8","astar","25","25","3","","","0.0016","1,12","E","23,12","10,13","[]","[""12,12""]","[[12,12]]","1","success","success","true","14","2","0","0","26","0","0","0"
"2026-10-09T06:42:29.150Z","controlled-replay","replay-1791528148963","controlled-replay","single-blocker","single-blocker","0","8","dstar","25","25","3","","","0.0016","1,12","E","23,12","1,12","[]","[]","[[12,12]]","1","success","success","true","22","0","0","0","23","0.4","0","0.4"
"2026-10-09T06:42:29.151Z","controlled-replay","replay-1791528148963","controlled-replay","single-blocker","single-blocker","1","8","dstar","25","25","3","","","0.0016","1,12","E","23,12","1,12","[""12,12""]","[""12,12""]","[[12,12]]","1","success","success","true","24","1","1","0","70","0","1","1"
"2026-10-09T06:42:29.152Z","controlled-replay","replay-1791528148963","controlled-replay","single-blocker","single-blocker","2","8","dstar","25","25","3","","","0.0016","1,12","E","23,12","10,13","[]","[""12,12""]","[[12,12]]","1","success","success","true","14","2","0","0","0","0","0.1","0.1"
"2026-10-09T06:42:29.153Z","controlled-replay","replay-1791528148963","controlled-replay","sequential-blockers","sequential-blockers","0","8","dstar","25","25","3","","","0.0032","1,12","E","23,12","1,12","[]","[]","[[12,11],[12,12]]","2","success","success","true","22","0","0","0","23","0.4","0","0.4"
"2026-10-09T06:42:29.154Z","controlled-replay","replay-1791528148963","controlled-replay","sequential-blockers","sequential-blockers","1","8","dstar","25","25","3","","","0.0032","1,12","E","23,12","1,12","[""12,12""]","[""12,12""]","[[12,11],[12,12]]","2","success","success","true","24","1","1","0","70","0","0.8","0.8"
"2026-10-09T06:42:29.154Z","controlled-replay","replay-1791528148963","controlled-replay","sequential-blockers","sequential-blockers","2","8","dstar","25","25","3","","","0.0032","1,12","E","23,12","10,13","[""12,11""]","[""12,11"",""12,12""]","[[12,11],[12,12]]","2","success","success","true","14","2","1","0","0","0","0","0"
"2026-10-09T06:42:29.154Z","controlled-replay","replay-1791528148963","controlled-replay","sequential-blockers","sequential-blockers","0","8","astar","25","25","3","","","0.0032","1,12","E","23,12","1,12","[]","[]","[[12,11],[12,12]]","2","success","success","true","22","0","0","0","22","0","0","0"
"2026-10-09T06:42:29.155Z","controlled-replay","replay-1791528148963","controlled-replay","sequential-blockers","sequential-blockers","1","8","astar","25","25","3","","","0.0032","1,12","E","23,12","1,12","[""12,12""]","[""12,12""]","[[12,11],[12,12]]","2","success","success","true","24","1","1","0","68","0","0.2","0.2"
"2026-10-09T06:42:29.155Z","controlled-replay","replay-1791528148963","controlled-replay","sequential-blockers","sequential-blockers","2","8","astar","25","25","3","","","0.0032","1,12","E","23,12","10,13","[""12,11""]","[""12,11"",""12,12""]","[[12,11],[12,12]]","2","success","success","true","14","2","1","0","26","0","0.1","0.1"
"2026-10-09T06:42:29.156Z","controlled-replay","replay-1791528148963","controlled-replay","off-route-updates","off-route-updates","0","8","astar","25","25","3","","","0.0032","1,12","E","23,12","1,12","[]","[]","[[12,1],[12,23]]","2","success","success","true","22","0","0","0","22","0.2","0","0.2"
"2026-10-09T06:42:29.156Z","controlled-replay","replay-1791528148963","controlled-replay","off-route-updates","off-route-updates","1","8","astar","25","25","3","","","0.0032","1,12","E","23,12","1,12","[""12,1""]","[""12,1""]","[[12,1],[12,23]]","2","success","success","true","22","1","1","0","22","0","0.1","0.1"
"2026-10-09T06:42:29.156Z","controlled-replay","replay-1791528148963","controlled-replay","off-route-updates","off-route-updates","2","8","astar","25","25","3","","","0.0032","1,12","E","23,12","11,12","[""12,23""]","[""12,1"",""12,23""]","[[12,1],[12,23]]","2","success","success","true","12","2","1","0","12","0","0","0"
"2026-10-09T06:42:29.157Z","controlled-replay","replay-1791528148963","controlled-replay","off-route-updates","off-route-updates","0","8","dstar","25","25","3","","","0.0032","1,12","E","23,12","1,12","[]","[]","[[12,1],[12,23]]","2","success","success","true","22","0","0","0","23","0.2","0","0.2"
"2026-10-09T06:42:29.157Z","controlled-replay","replay-1791528148963","controlled-replay","off-route-updates","off-route-updates","1","8","dstar","25","25","3","","","0.0032","1,12","E","23,12","1,12","[""12,1""]","[""12,1""]","[[12,1],[12,23]]","2","success","success","true","22","1","1","0","0","0","0","0"
"2026-10-09T06:42:29.157Z","controlled-replay","replay-1791528148963","controlled-replay","off-route-updates","off-route-updates","2","8","dstar","25","25","3","","","0.0032","1,12","E","23,12","11,12","[""12,23""]","[""12,1"",""12,23""]","[[12,1],[12,23]]","2","success","success","true","12","2","1","0","0","0","0","0"
"2026-10-09T06:42:29.159Z","controlled-replay","replay-1791528148963","controlled-replay","goal-cut-off","goal-cut-off","0","8","dstar","25","25","3","","","0.04","1,11","E","23,13","1,11","[]","[]","[[0,12],[1,12],[2,12],[3,12],[4,12],[5,12],[6,12],[7,12],[8,12],[9,12],[10,12],[11,12],[12,12],[13,12],[14,12],[15,12],[16,12],[17,12],[18,12],[19,12],[20,12],[21,12],[22,12],[23,12],[24,12]]","25","success","success","true","24","0","0","0","69","1","0","1"
"2026-10-09T06:42:29.162Z","controlled-replay","replay-1791528148963","controlled-replay","goal-cut-off","goal-cut-off","1","8","dstar","25","25","3","","","0.04","1,11","E","23,13","1,11","[""0,12"",""1,12"",""2,12"",""3,12"",""4,12"",""5,12"",""6,12"",""7,12"",""8,12"",""9,12"",""10,12"",""11,12"",""12,12"",""13,12"",""14,12"",""15,12"",""16,12"",""17,12"",""18,12"",""19,12"",""20,12"",""21,12"",""22,12"",""23,12"",""24,12""]","[""0,12"",""1,12"",""10,12"",""11,12"",""12,12"",""13,12"",""14,12"",""15,12"",""16,12"",""17,12"",""18,12"",""19,12"",""2,12"",""20,12"",""21,12"",""22,12"",""23,12"",""24,12"",""3,12"",""4,12"",""5,12"",""6,12"",""7,12"",""8,12"",""9,12""]","[[0,12],[1,12],[2,12],[3,12],[4,12],[5,12],[6,12],[7,12],[8,12],[9,12],[10,12],[11,12],[12,12],[13,12],[14,12],[15,12],[16,12],[17,12],[18,12],[19,12],[20,12],[21,12],[22,12],[23,12],[24,12]]","25","no_route","no_route","true","0","1","25","0","323","0","3.1","3.1"
"2026-10-09T06:42:29.162Z","controlled-replay","replay-1791528148963","controlled-replay","goal-cut-off","goal-cut-off","2","8","dstar","25","25","3","","","0.04","1,11","E","23,13","1,11","[]","[""0,12"",""1,12"",""10,12"",""11,12"",""12,12"",""13,12"",""14,12"",""15,12"",""16,12"",""17,12"",""18,12"",""19,12"",""2,12"",""20,12"",""21,12"",""22,12"",""23,12"",""24,12"",""3,12"",""4,12"",""5,12"",""6,12"",""7,12"",""8,12"",""9,12""]","[[0,12],[1,12],[2,12],[3,12],[4,12],[5,12],[6,12],[7,12],[8,12],[9,12],[10,12],[11,12],[12,12],[13,12],[14,12],[15,12],[16,12],[17,12],[18,12],[19,12],[20,12],[21,12],[22,12],[23,12],[24,12]]","25","no_route","no_route","true","0","2","0","0","0","0","0","0"
"2026-10-09T06:42:29.163Z","controlled-replay","replay-1791528148963","controlled-replay","goal-cut-off","goal-cut-off","0","8","astar","25","25","3","","","0.04","1,11","E","23,13","1,11","[]","[]","[[0,12],[1,12],[2,12],[3,12],[4,12],[5,12],[6,12],[7,12],[8,12],[9,12],[10,12],[11,12],[12,12],[13,12],[14,12],[15,12],[16,12],[17,12],[18,12],[19,12],[20,12],[21,12],[22,12],[23,12],[24,12]]","25","success","success","true","24","0","0","0","68","0.4","0","0.4"
"2026-10-09T06:42:29.164Z","controlled-replay","replay-1791528148963","controlled-replay","goal-cut-off","goal-cut-off","1","8","astar","25","25","3","","","0.04","1,11","E","23,13","1,11","[""0,12"",""1,12"",""2,12"",""3,12"",""4,12"",""5,12"",""6,12"",""7,12"",""8,12"",""9,12"",""10,12"",""11,12"",""12,12"",""13,12"",""14,12"",""15,12"",""16,12"",""17,12"",""18,12"",""19,12"",""20,12"",""21,12"",""22,12"",""23,12"",""24,12""]","[""0,12"",""1,12"",""10,12"",""11,12"",""12,12"",""13,12"",""14,12"",""15,12"",""16,12"",""17,12"",""18,12"",""19,12"",""2,12"",""20,12"",""21,12"",""22,12"",""23,12"",""24,12"",""3,12"",""4,12"",""5,12"",""6,12"",""7,12"",""8,12"",""9,12""]","[[0,12],[1,12],[2,12],[3,12],[4,12],[5,12],[6,12],[7,12],[8,12],[9,12],[10,12],[11,12],[12,12],[13,12],[14,12],[15,12],[16,12],[17,12],[18,12],[19,12],[20,12],[21,12],[22,12],[23,12],[24,12]]","25","no_route","no_route","true","0","1","25","0","300","0","0.5","0.5"
"2026-10-09T06:42:29.165Z","controlled-replay","replay-1791528148963","controlled-replay","goal-cut-off","goal-cut-off","2","8","astar","25","25","3","","","0.04","1,11","E","23,13","1,11","[]","[""0,12"",""1,12"",""10,12"",""11,12"",""12,12"",""13,12"",""14,12"",""15,12"",""16,12"",""17,12"",""18,12"",""19,12"",""2,12"",""20,12"",""21,12"",""22,12"",""23,12"",""24,12"",""3,12"",""4,12"",""5,12"",""6,12"",""7,12"",""8,12"",""9,12""]","[[0,12],[1,12],[2,12],[3,12],[4,12],[5,12],[6,12],[7,12],[8,12],[9,12],[10,12],[11,12],[12,12],[13,12],[14,12],[15,12],[16,12],[17,12],[18,12],[19,12],[20,12],[21,12],[22,12],[23,12],[24,12]]","25","no_route","no_route","true","0","2","0","0","300","0","0.7","0.7"
"2026-10-09T06:42:29.166Z","controlled-replay","replay-1791528148963","controlled-replay","single-blocker","single-blocker","0","9","dstar","25","25","3","","","0.0016","1,12","E","23,12","1,12","[]","[]","[[12,12]]","1","success","success","true","22","0","0","0","23","0.2","0","0.2"
"2026-10-09T06:42:29.167Z","controlled-replay","replay-1791528148963","controlled-replay","single-blocker","single-blocker","1","9","dstar","25","25","3","","","0.0016","1,12","E","23,12","1,12","[""12,12""]","[""12,12""]","[[12,12]]","1","success","success","true","24","1","1","0","70","0","0.9","0.9"
"2026-10-09T06:42:29.167Z","controlled-replay","replay-1791528148963","controlled-replay","single-blocker","single-blocker","2","9","dstar","25","25","3","","","0.0016","1,12","E","23,12","10,13","[]","[""12,12""]","[[12,12]]","1","success","success","true","14","2","0","0","0","0","0","0"
"2026-10-09T06:42:29.168Z","controlled-replay","replay-1791528148963","controlled-replay","single-blocker","single-blocker","0","9","astar","25","25","3","","","0.0016","1,12","E","23,12","1,12","[]","[]","[[12,12]]","1","success","success","true","22","0","0","0","22","0.1","0","0.1"
"2026-10-09T06:42:29.168Z","controlled-replay","replay-1791528148963","controlled-replay","single-blocker","single-blocker","1","9","astar","25","25","3","","","0.0016","1,12","E","23,12","1,12","[""12,12""]","[""12,12""]","[[12,12]]","1","success","success","true","24","1","1","0","68","0","0.1","0.1"
"2026-10-09T06:42:29.168Z","controlled-replay","replay-1791528148963","controlled-replay","single-blocker","single-blocker","2","9","astar","25","25","3","","","0.0016","1,12","E","23,12","10,13","[]","[""12,12""]","[[12,12]]","1","success","success","true","14","2","0","0","26","0","0.1","0.1"
"2026-10-09T06:42:29.169Z","controlled-replay","replay-1791528148963","controlled-replay","sequential-blockers","sequential-blockers","0","9","astar","25","25","3","","","0.0032","1,12","E","23,12","1,12","[]","[]","[[12,11],[12,12]]","2","success","success","true","22","0","0","0","22","0.1","0","0.1"
"2026-10-09T06:42:29.169Z","controlled-replay","replay-1791528148963","controlled-replay","sequential-blockers","sequential-blockers","1","9","astar","25","25","3","","","0.0032","1,12","E","23,12","1,12","[""12,12""]","[""12,12""]","[[12,11],[12,12]]","2","success","success","true","24","1","1","0","68","0","0.2","0.2"
"2026-10-09T06:42:29.170Z","controlled-replay","replay-1791528148963","controlled-replay","sequential-blockers","sequential-blockers","2","9","astar","25","25","3","","","0.0032","1,12","E","23,12","10,13","[""12,11""]","[""12,11"",""12,12""]","[[12,11],[12,12]]","2","success","success","true","14","2","1","0","26","0","0","0"
"2026-10-09T06:42:29.170Z","controlled-replay","replay-1791528148963","controlled-replay","sequential-blockers","sequential-blockers","0","9","dstar","25","25","3","","","0.0032","1,12","E","23,12","1,12","[]","[]","[[12,11],[12,12]]","2","success","success","true","22","0","0","0","23","0.4","0","0.4"
"2026-10-09T06:42:29.171Z","controlled-replay","replay-1791528148963","controlled-replay","sequential-blockers","sequential-blockers","1","9","dstar","25","25","3","","","0.0032","1,12","E","23,12","1,12","[""12,12""]","[""12,12""]","[[12,11],[12,12]]","2","success","success","true","24","1","1","0","70","0","0.7","0.7"
"2026-10-09T06:42:29.172Z","controlled-replay","replay-1791528148963","controlled-replay","sequential-blockers","sequential-blockers","2","9","dstar","25","25","3","","","0.0032","1,12","E","23,12","10,13","[""12,11""]","[""12,11"",""12,12""]","[[12,11],[12,12]]","2","success","success","true","14","2","1","0","0","0","0","0"
"2026-10-09T06:42:29.172Z","controlled-replay","replay-1791528148963","controlled-replay","off-route-updates","off-route-updates","0","9","dstar","25","25","3","","","0.0032","1,12","E","23,12","1,12","[]","[]","[[12,1],[12,23]]","2","success","success","true","22","0","0","0","23","0.3","0","0.3"
"2026-10-09T06:42:29.173Z","controlled-replay","replay-1791528148963","controlled-replay","off-route-updates","off-route-updates","1","9","dstar","25","25","3","","","0.0032","1,12","E","23,12","1,12","[""12,1""]","[""12,1""]","[[12,1],[12,23]]","2","success","success","true","22","1","1","0","0","0","0.1","0.1"
"2026-10-09T06:42:29.173Z","controlled-replay","replay-1791528148963","controlled-replay","off-route-updates","off-route-updates","2","9","dstar","25","25","3","","","0.0032","1,12","E","23,12","11,12","[""12,23""]","[""12,1"",""12,23""]","[[12,1],[12,23]]","2","success","success","true","12","2","1","0","0","0","0.1","0.1"
"2026-10-09T06:42:29.173Z","controlled-replay","replay-1791528148963","controlled-replay","off-route-updates","off-route-updates","0","9","astar","25","25","3","","","0.0032","1,12","E","23,12","1,12","[]","[]","[[12,1],[12,23]]","2","success","success","true","22","0","0","0","22","0.1","0","0.1"
"2026-10-09T06:42:29.174Z","controlled-replay","replay-1791528148963","controlled-replay","off-route-updates","off-route-updates","1","9","astar","25","25","3","","","0.0032","1,12","E","23,12","1,12","[""12,1""]","[""12,1""]","[[12,1],[12,23]]","2","success","success","true","22","1","1","0","22","0","0.1","0.1"
"2026-10-09T06:42:29.174Z","controlled-replay","replay-1791528148963","controlled-replay","off-route-updates","off-route-updates","2","9","astar","25","25","3","","","0.0032","1,12","E","23,12","11,12","[""12,23""]","[""12,1"",""12,23""]","[[12,1],[12,23]]","2","success","success","true","12","2","1","0","12","0","0.1","0.1"
"2026-10-09T06:42:29.175Z","controlled-replay","replay-1791528148963","controlled-replay","goal-cut-off","goal-cut-off","0","9","astar","25","25","3","","","0.04","1,11","E","23,13","1,11","[]","[]","[[0,12],[1,12],[2,12],[3,12],[4,12],[5,12],[6,12],[7,12],[8,12],[9,12],[10,12],[11,12],[12,12],[13,12],[14,12],[15,12],[16,12],[17,12],[18,12],[19,12],[20,12],[21,12],[22,12],[23,12],[24,12]]","25","success","success","true","24","0","0","0","68","0.1","0","0.1"
"2026-10-09T06:42:29.176Z","controlled-replay","replay-1791528148963","controlled-replay","goal-cut-off","goal-cut-off","1","9","astar","25","25","3","","","0.04","1,11","E","23,13","1,11","[""0,12"",""1,12"",""2,12"",""3,12"",""4,12"",""5,12"",""6,12"",""7,12"",""8,12"",""9,12"",""10,12"",""11,12"",""12,12"",""13,12"",""14,12"",""15,12"",""16,12"",""17,12"",""18,12"",""19,12"",""20,12"",""21,12"",""22,12"",""23,12"",""24,12""]","[""0,12"",""1,12"",""10,12"",""11,12"",""12,12"",""13,12"",""14,12"",""15,12"",""16,12"",""17,12"",""18,12"",""19,12"",""2,12"",""20,12"",""21,12"",""22,12"",""23,12"",""24,12"",""3,12"",""4,12"",""5,12"",""6,12"",""7,12"",""8,12"",""9,12""]","[[0,12],[1,12],[2,12],[3,12],[4,12],[5,12],[6,12],[7,12],[8,12],[9,12],[10,12],[11,12],[12,12],[13,12],[14,12],[15,12],[16,12],[17,12],[18,12],[19,12],[20,12],[21,12],[22,12],[23,12],[24,12]]","25","no_route","no_route","true","0","1","25","0","300","0","0.5","0.5"
"2026-10-09T06:42:29.177Z","controlled-replay","replay-1791528148963","controlled-replay","goal-cut-off","goal-cut-off","2","9","astar","25","25","3","","","0.04","1,11","E","23,13","1,11","[]","[""0,12"",""1,12"",""10,12"",""11,12"",""12,12"",""13,12"",""14,12"",""15,12"",""16,12"",""17,12"",""18,12"",""19,12"",""2,12"",""20,12"",""21,12"",""22,12"",""23,12"",""24,12"",""3,12"",""4,12"",""5,12"",""6,12"",""7,12"",""8,12"",""9,12""]","[[0,12],[1,12],[2,12],[3,12],[4,12],[5,12],[6,12],[7,12],[8,12],[9,12],[10,12],[11,12],[12,12],[13,12],[14,12],[15,12],[16,12],[17,12],[18,12],[19,12],[20,12],[21,12],[22,12],[23,12],[24,12]]","25","no_route","no_route","true","0","2","0","0","300","0","0.6","0.6"
"2026-10-09T06:42:29.178Z","controlled-replay","replay-1791528148963","controlled-replay","goal-cut-off","goal-cut-off","0","9","dstar","25","25","3","","","0.04","1,11","E","23,13","1,11","[]","[]","[[0,12],[1,12],[2,12],[3,12],[4,12],[5,12],[6,12],[7,12],[8,12],[9,12],[10,12],[11,12],[12,12],[13,12],[14,12],[15,12],[16,12],[17,12],[18,12],[19,12],[20,12],[21,12],[22,12],[23,12],[24,12]]","25","success","success","true","24","0","0","0","69","0.8","0","0.8"
"2026-10-09T06:42:29.182Z","controlled-replay","replay-1791528148963","controlled-replay","goal-cut-off","goal-cut-off","1","9","dstar","25","25","3","","","0.04","1,11","E","23,13","1,11","[""0,12"",""1,12"",""2,12"",""3,12"",""4,12"",""5,12"",""6,12"",""7,12"",""8,12"",""9,12"",""10,12"",""11,12"",""12,12"",""13,12"",""14,12"",""15,12"",""16,12"",""17,12"",""18,12"",""19,12"",""20,12"",""21,12"",""22,12"",""23,12"",""24,12""]","[""0,12"",""1,12"",""10,12"",""11,12"",""12,12"",""13,12"",""14,12"",""15,12"",""16,12"",""17,12"",""18,12"",""19,12"",""2,12"",""20,12"",""21,12"",""22,12"",""23,12"",""24,12"",""3,12"",""4,12"",""5,12"",""6,12"",""7,12"",""8,12"",""9,12""]","[[0,12],[1,12],[2,12],[3,12],[4,12],[5,12],[6,12],[7,12],[8,12],[9,12],[10,12],[11,12],[12,12],[13,12],[14,12],[15,12],[16,12],[17,12],[18,12],[19,12],[20,12],[21,12],[22,12],[23,12],[24,12]]","25","no_route","no_route","true","0","1","25","0","323","0","3.9","3.9"
"2026-10-09T06:42:29.182Z","controlled-replay","replay-1791528148963","controlled-replay","goal-cut-off","goal-cut-off","2","9","dstar","25","25","3","","","0.04","1,11","E","23,13","1,11","[]","[""0,12"",""1,12"",""10,12"",""11,12"",""12,12"",""13,12"",""14,12"",""15,12"",""16,12"",""17,12"",""18,12"",""19,12"",""2,12"",""20,12"",""21,12"",""22,12"",""23,12"",""24,12"",""3,12"",""4,12"",""5,12"",""6,12"",""7,12"",""8,12"",""9,12""]","[[0,12],[1,12],[2,12],[3,12],[4,12],[5,12],[6,12],[7,12],[8,12],[9,12],[10,12],[11,12],[12,12],[13,12],[14,12],[15,12],[16,12],[17,12],[18,12],[19,12],[20,12],[21,12],[22,12],[23,12],[24,12]]","25","no_route","no_route","true","0","2","0","0","0","0","0","0"
"2026-10-09T06:42:29.183Z","controlled-replay","replay-1791528148963","controlled-replay","single-blocker","single-blocker","0","10","astar","25","25","3","","","0.0016","1,12","E","23,12","1,12","[]","[]","[[12,12]]","1","success","success","true","22","0","0","0","22","0","0","0"
"2026-10-09T06:42:29.183Z","controlled-replay","replay-1791528148963","controlled-replay","single-blocker","single-blocker","1","10","astar","25","25","3","","","0.0016","1,12","E","23,12","1,12","[""12,12""]","[""12,12""]","[[12,12]]","1","success","success","true","24","1","1","0","68","0","0.1","0.1"
"2026-10-09T06:42:29.184Z","controlled-replay","replay-1791528148963","controlled-replay","single-blocker","single-blocker","2","10","astar","25","25","3","","","0.0016","1,12","E","23,12","10,13","[]","[""12,12""]","[[12,12]]","1","success","success","true","14","2","0","0","26","0","0","0"
"2026-10-09T06:42:29.184Z","controlled-replay","replay-1791528148963","controlled-replay","single-blocker","single-blocker","0","10","dstar","25","25","3","","","0.0016","1,12","E","23,12","1,12","[]","[]","[[12,12]]","1","success","success","true","22","0","0","0","23","0.2","0","0.2"
"2026-10-09T06:42:29.185Z","controlled-replay","replay-1791528148963","controlled-replay","single-blocker","single-blocker","1","10","dstar","25","25","3","","","0.0016","1,12","E","23,12","1,12","[""12,12""]","[""12,12""]","[[12,12]]","1","success","success","true","24","1","1","0","70","0","0.8","0.8"
"2026-10-09T06:42:29.186Z","controlled-replay","replay-1791528148963","controlled-replay","single-blocker","single-blocker","2","10","dstar","25","25","3","","","0.0016","1,12","E","23,12","10,13","[]","[""12,12""]","[[12,12]]","1","success","success","true","14","2","0","0","0","0","0","0"
"2026-10-09T06:42:29.186Z","controlled-replay","replay-1791528148963","controlled-replay","sequential-blockers","sequential-blockers","0","10","dstar","25","25","3","","","0.0032","1,12","E","23,12","1,12","[]","[]","[[12,11],[12,12]]","2","success","success","true","22","0","0","0","23","0.5","0","0.5"
"2026-10-09T06:42:29.188Z","controlled-replay","replay-1791528148963","controlled-replay","sequential-blockers","sequential-blockers","1","10","dstar","25","25","3","","","0.0032","1,12","E","23,12","1,12","[""12,12""]","[""12,12""]","[[12,11],[12,12]]","2","success","success","true","24","1","1","0","70","0","1","1"
"2026-10-09T06:42:29.189Z","controlled-replay","replay-1791528148963","controlled-replay","sequential-blockers","sequential-blockers","2","10","dstar","25","25","3","","","0.0032","1,12","E","23,12","10,13","[""12,11""]","[""12,11"",""12,12""]","[[12,11],[12,12]]","2","success","success","true","14","2","1","0","0","0","0.1","0.1"
"2026-10-09T06:42:29.189Z","controlled-replay","replay-1791528148963","controlled-replay","sequential-blockers","sequential-blockers","0","10","astar","25","25","3","","","0.0032","1,12","E","23,12","1,12","[]","[]","[[12,11],[12,12]]","2","success","success","true","22","0","0","0","22","0.1","0","0.1"
"2026-10-09T06:42:29.190Z","controlled-replay","replay-1791528148963","controlled-replay","sequential-blockers","sequential-blockers","1","10","astar","25","25","3","","","0.0032","1,12","E","23,12","1,12","[""12,12""]","[""12,12""]","[[12,11],[12,12]]","2","success","success","true","24","1","1","0","68","0","0.3","0.3"
"2026-10-09T06:42:29.190Z","controlled-replay","replay-1791528148963","controlled-replay","sequential-blockers","sequential-blockers","2","10","astar","25","25","3","","","0.0032","1,12","E","23,12","10,13","[""12,11""]","[""12,11"",""12,12""]","[[12,11],[12,12]]","2","success","success","true","14","2","1","0","26","0","0.1","0.1"
"2026-10-09T06:42:29.191Z","controlled-replay","replay-1791528148963","controlled-replay","off-route-updates","off-route-updates","0","10","astar","25","25","3","","","0.0032","1,12","E","23,12","1,12","[]","[]","[[12,1],[12,23]]","2","success","success","true","22","0","0","0","22","0","0","0"
"2026-10-09T06:42:29.192Z","controlled-replay","replay-1791528148963","controlled-replay","off-route-updates","off-route-updates","1","10","astar","25","25","3","","","0.0032","1,12","E","23,12","1,12","[""12,1""]","[""12,1""]","[[12,1],[12,23]]","2","success","success","true","22","1","1","0","22","0","0","0"
"2026-10-09T06:42:29.192Z","controlled-replay","replay-1791528148963","controlled-replay","off-route-updates","off-route-updates","2","10","astar","25","25","3","","","0.0032","1,12","E","23,12","11,12","[""12,23""]","[""12,1"",""12,23""]","[[12,1],[12,23]]","2","success","success","true","12","2","1","0","12","0","0","0"
"2026-10-09T06:42:29.193Z","controlled-replay","replay-1791528148963","controlled-replay","off-route-updates","off-route-updates","0","10","dstar","25","25","3","","","0.0032","1,12","E","23,12","1,12","[]","[]","[[12,1],[12,23]]","2","success","success","true","22","0","0","0","23","0.5","0","0.5"
"2026-10-09T06:42:29.194Z","controlled-replay","replay-1791528148963","controlled-replay","off-route-updates","off-route-updates","1","10","dstar","25","25","3","","","0.0032","1,12","E","23,12","1,12","[""12,1""]","[""12,1""]","[[12,1],[12,23]]","2","success","success","true","22","1","1","0","0","0","0.1","0.1"
"2026-10-09T06:42:29.194Z","controlled-replay","replay-1791528148963","controlled-replay","off-route-updates","off-route-updates","2","10","dstar","25","25","3","","","0.0032","1,12","E","23,12","11,12","[""12,23""]","[""12,1"",""12,23""]","[[12,1],[12,23]]","2","success","success","true","12","2","1","0","0","0","0.1","0.1"
"2026-10-09T06:42:29.196Z","controlled-replay","replay-1791528148963","controlled-replay","goal-cut-off","goal-cut-off","0","10","dstar","25","25","3","","","0.04","1,11","E","23,13","1,11","[]","[]","[[0,12],[1,12],[2,12],[3,12],[4,12],[5,12],[6,12],[7,12],[8,12],[9,12],[10,12],[11,12],[12,12],[13,12],[14,12],[15,12],[16,12],[17,12],[18,12],[19,12],[20,12],[21,12],[22,12],[23,12],[24,12]]","25","success","success","true","24","0","0","0","69","1.1","0","1.1"
"2026-10-09T06:42:29.200Z","controlled-replay","replay-1791528148963","controlled-replay","goal-cut-off","goal-cut-off","1","10","dstar","25","25","3","","","0.04","1,11","E","23,13","1,11","[""0,12"",""1,12"",""2,12"",""3,12"",""4,12"",""5,12"",""6,12"",""7,12"",""8,12"",""9,12"",""10,12"",""11,12"",""12,12"",""13,12"",""14,12"",""15,12"",""16,12"",""17,12"",""18,12"",""19,12"",""20,12"",""21,12"",""22,12"",""23,12"",""24,12""]","[""0,12"",""1,12"",""10,12"",""11,12"",""12,12"",""13,12"",""14,12"",""15,12"",""16,12"",""17,12"",""18,12"",""19,12"",""2,12"",""20,12"",""21,12"",""22,12"",""23,12"",""24,12"",""3,12"",""4,12"",""5,12"",""6,12"",""7,12"",""8,12"",""9,12""]","[[0,12],[1,12],[2,12],[3,12],[4,12],[5,12],[6,12],[7,12],[8,12],[9,12],[10,12],[11,12],[12,12],[13,12],[14,12],[15,12],[16,12],[17,12],[18,12],[19,12],[20,12],[21,12],[22,12],[23,12],[24,12]]","25","no_route","no_route","true","0","1","25","0","323","0","4.3","4.3"
"2026-10-09T06:42:29.201Z","controlled-replay","replay-1791528148963","controlled-replay","goal-cut-off","goal-cut-off","2","10","dstar","25","25","3","","","0.04","1,11","E","23,13","1,11","[]","[""0,12"",""1,12"",""10,12"",""11,12"",""12,12"",""13,12"",""14,12"",""15,12"",""16,12"",""17,12"",""18,12"",""19,12"",""2,12"",""20,12"",""21,12"",""22,12"",""23,12"",""24,12"",""3,12"",""4,12"",""5,12"",""6,12"",""7,12"",""8,12"",""9,12""]","[[0,12],[1,12],[2,12],[3,12],[4,12],[5,12],[6,12],[7,12],[8,12],[9,12],[10,12],[11,12],[12,12],[13,12],[14,12],[15,12],[16,12],[17,12],[18,12],[19,12],[20,12],[21,12],[22,12],[23,12],[24,12]]","25","no_route","no_route","true","0","2","0","0","0","0","0","0"
"2026-10-09T06:42:29.202Z","controlled-replay","replay-1791528148963","controlled-replay","goal-cut-off","goal-cut-off","0","10","astar","25","25","3","","","0.04","1,11","E","23,13","1,11","[]","[]","[[0,12],[1,12],[2,12],[3,12],[4,12],[5,12],[6,12],[7,12],[8,12],[9,12],[10,12],[11,12],[12,12],[13,12],[14,12],[15,12],[16,12],[17,12],[18,12],[19,12],[20,12],[21,12],[22,12],[23,12],[24,12]]","25","success","success","true","24","0","0","0","68","0.2","0","0.2"
"2026-10-09T06:42:29.203Z","controlled-replay","replay-1791528148963","controlled-replay","goal-cut-off","goal-cut-off","1","10","astar","25","25","3","","","0.04","1,11","E","23,13","1,11","[""0,12"",""1,12"",""2,12"",""3,12"",""4,12"",""5,12"",""6,12"",""7,12"",""8,12"",""9,12"",""10,12"",""11,12"",""12,12"",""13,12"",""14,12"",""15,12"",""16,12"",""17,12"",""18,12"",""19,12"",""20,12"",""21,12"",""22,12"",""23,12"",""24,12""]","[""0,12"",""1,12"",""10,12"",""11,12"",""12,12"",""13,12"",""14,12"",""15,12"",""16,12"",""17,12"",""18,12"",""19,12"",""2,12"",""20,12"",""21,12"",""22,12"",""23,12"",""24,12"",""3,12"",""4,12"",""5,12"",""6,12"",""7,12"",""8,12"",""9,12""]","[[0,12],[1,12],[2,12],[3,12],[4,12],[5,12],[6,12],[7,12],[8,12],[9,12],[10,12],[11,12],[12,12],[13,12],[14,12],[15,12],[16,12],[17,12],[18,12],[19,12],[20,12],[21,12],[22,12],[23,12],[24,12]]","25","no_route","no_route","true","0","1","25","0","300","0","0.4","0.4"
"2026-10-09T06:42:29.203Z","controlled-replay","replay-1791528148963","controlled-replay","goal-cut-off","goal-cut-off","2","10","astar","25","25","3","","","0.04","1,11","E","23,13","1,11","[]","[""0,12"",""1,12"",""10,12"",""11,12"",""12,12"",""13,12"",""14,12"",""15,12"",""16,12"",""17,12"",""18,12"",""19,12"",""2,12"",""20,12"",""21,12"",""22,12"",""23,12"",""24,12"",""3,12"",""4,12"",""5,12"",""6,12"",""7,12"",""8,12"",""9,12""]","[[0,12],[1,12],[2,12],[3,12],[4,12],[5,12],[6,12],[7,12],[8,12],[9,12],[10,12],[11,12],[12,12],[13,12],[14,12],[15,12],[16,12],[17,12],[18,12],[19,12],[20,12],[21,12],[22,12],[23,12],[24,12]]","25","no_route","no_route","true","0","2","0","0","300","0","0.5","0.5"